datetime,market,horizon,regime,raw_p_up,raw_p_flat,raw_p_down,cal_p_up,cal_p_flat,cal_p_down,raw_confidence,calibrated_confidence,pred_class,actual_class,brier,correct,conf_bin
2026-07-28 11:06:02,Anand,1,PANIC,0.2365,0.19349999999999998,0.5700000000000001,0.3333333333333333,0.3333333333333333,0.3333333333333333,0.5700000000000001,0.3333333333333333,UP,DOWN,0.6666666666666667,0,"(-0.001, 0.4]"
2026-07-28 11:06:02,Siddipet,1,PANIC,0.20909691671269406,0.17107929549220424,0.6198237877951017,0.3157894736842105,0.3157894736842105,0.3684210526315789,0.6198237877951017,0.3684210526315789,DOWN,DOWN,0.5983379501385041,1,"(-0.001, 0.4]"
2026-07-28 11:06:02,Pune,1,PANIC,0.21034356002288893,0.17209927638236366,0.6175571635947474,0.28260869565217395,0.28260869565217395,0.4347826086956522,0.6175571635947474,0.4347826086956522,DOWN,DOWN,0.47920604914933834,1,"(0.4, 0.5]"
2026-07-28 11:06:02,Raipur,1,PANIC,0.21165472593621779,0.1731720484932691,0.6151732255705131,0.2545454545454546,0.2545454545454546,0.49090909090909096,0.6151732255705131,0.49090909090909096,DOWN,DOWN,0.38876033057851234,1,"(0.4, 0.5]"
2026-07-28 11:06:02,Vij/God,1,PANIC,0.2090537213947243,0.1710439538684108,0.6199023247368649,0.23076923076923078,0.23076923076923078,0.5384615384615384,0.6199023247368649,0.5384615384615384,DOWN,FLAT,0.9349112426035502,0,"(0.5, 0.6]"
2026-07-28 11:06:02,Surat,1,PANIC,0.21029814805643446,0.17206212113708275,0.6176397308064828,0.21476510067114093,0.2684563758389261,0.5167785234899328,0.6176397308064828,0.5167785234899328,DOWN,DOWN,0.3516958695554255,1,"(0.5, 0.6]"
2026-07-28 11:06:02,Bhopal,1,PANIC,0.21160694495493834,0.17313295496313136,0.6152601000819303,0.1971014492753623,0.2463768115942029,0.5565217391304348,0.6152601000819303,0.5565217391304348,DOWN,DOWN,0.2962234824616677,1,"(0.5, 0.6]"
2026-07-28 11:06:02,Navapur,1,PANIC,0.21443594920748638,0.1754475948061252,0.6101164559863884,0.18181818181818182,0.2272727272727273,0.5909090909090909,0.6101164559863884,0.5909090909090909,DOWN,DOWN,0.25206611570247933,1,"(0.5, 0.6]"
2026-07-28 11:06:02,Kolkata,1,PANIC,0.211807242716236,0.17329683494964762,0.6148959223341164,0.16851441241685142,0.2106430155210643,0.6208425720620842,0.6148959223341164,0.6208425720620842,DOWN,FLAT,1.0369270554225396,0,"(0.6, 0.7]"
2026-07-28 11:06:02,Bilashpur,1,PANIC,0.21319551965239578,0.17443269789741472,0.6123717824501895,0.16,0.24000000000000005,0.6000000000000001,0.6123717824501895,0.6000000000000001,DOWN,DOWN,0.24319999999999994,1,"(0.6, 0.7]"
2026-07-28 11:06:02,Davangere,1,PANIC,0.2146582892709177,0.1756295094034781,0.6097122013256042,0.1494661921708185,0.22419928825622776,0.6263345195729537,0.6097122013256042,0.6263345195729537,DOWN,DOWN,0.21223135471941845,1,"(0.6, 0.7]"
2026-07-28 11:06:02,Gujrat Necc Selling rate,1,PANIC,0.21620097719105066,0.17689170861085962,0.6069073141980897,0.14012738853503184,0.21019108280254778,0.6496815286624203,0.6069073141980897,0.6496815286624203,DOWN,DOWN,0.1865390076676539,1,"(0.6, 0.7]"
2026-07-28 11:06:02,Mysuru,1,PANIC,0.2129845831174636,0.17426011345974293,0.6127553034227935,0.13180515759312322,0.19770773638968483,0.6704871060171921,0.6127553034227935,0.6704871060171921,DOWN,DOWN,0.16503969589740636,1,"(0.6, 0.7]"
2026-07-28 11:06:02,Hospet,1,PANIC,0.2195505325165809,0.17963225387720255,0.6008172136062165,0.1243523316062176,0.1865284974093264,0.689119170984456,0.6008172136062165,0.689119170984456,DOWN,DOWN,0.14690327257107572,1,"(0.6, 0.7]"
2026-07-28 11:06:02,Benglore,1,PANIC,0.21782954011084177,0.1782241691815978,0.6039462907075605,0.11764705882352942,0.17647058823529413,0.7058823529411765,0.6039462907075605,0.7058823529411765,DOWN,DOWN,0.1314878892733564,1,"(0.7, 0.8]"
2026-07-28 11:06:02,Barwala,1,PANIC,0.23122617001139592,0.18918504819114212,0.579588781797462,0.15294117647058822,0.22941176470588234,0.6176470588235294,0.579588781797462,0.6176470588235294,DOWN,DOWN,0.2222145328719723,1,"(0.6, 0.7]"
2026-07-28 11:06:02,Nagpur,1,PANIC,0.2288327214598457,0.18722677210351013,0.5839405064366442,0.13861386138613863,0.2079207920792079,0.6534653465346535,0.5839405064366442,0.6534653465346535,DOWN,DOWN,0.18253112439956864,1,"(0.6, 0.7]"
2026-07-28 11:06:02,Wankaner,1,PANIC,0.2265835486083451,0.18538653977046415,0.5880299116211908,0.1271186440677966,0.19067796610169488,0.6822033898305084,0.5880299116211908,0.6822033898305084,DOWN,DOWN,0.15351192186153406,1,"(0.6, 0.7]"
2026-07-28 11:06:02,Mumbai,1,PANIC,0.22446694105231266,0.18365476995189217,0.5918782889957952,0.1176470588235294,0.1764705882352941,0.7058823529411764,0.5918782889957952,0.7058823529411764,DOWN,DOWN,0.13148788927335642,1,"(0.7, 0.8]"
2026-07-28 11:06:02,Namakkal,1,PANIC,0.23377701375245588,0.19127210216110024,0.5749508840864439,0.10967741935483871,0.16451612903225807,0.7258064516129032,0.5749508840864439,0.7258064516129032,DOWN,DOWN,0.11427679500520291,1,"(0.7, 0.8]"
2026-07-28 11:06:02,Nasik,1,PANIC,0.22059054753932916,0.18048317525945112,0.5989262772012197,0.10285714285714286,0.1542857142857143,0.7428571428571429,0.5989262772012197,0.7428571428571429,DOWN,FLAT,1.2776489795918367,0,"(0.7, 0.8]"
2026-07-28 11:06:02,Mahuva,1,PANIC,0.22329948709242534,0.182699580348348,0.5940009325592267,0.10146862483311081,0.17757009345794392,0.7209612817089452,0.5940009325592267,0.7209612817089452,DOWN,DOWN,0.11968962622170014,1,"(0.7, 0.8]"
2026-07-28 11:06:02,Jabalpur,1,PANIC,0.22137118371381698,0.18112187758403206,0.597506938702151,0.09569377990430622,0.16746411483253587,0.736842105263158,0.597506938702151,0.736842105263158,DOWN,DOWN,0.10645360683134539,1,"(0.7, 0.8]"
2026-07-28 11:06:02,Metapally,1,PANIC,0.22247241308617938,0.18202288343414677,0.5955047034796739,0.09061488673139158,0.15857605177993528,0.7508090614886731,0.5955047034796739,0.7508090614886731,DOWN,DOWN,0.09545354573161155,1,"(0.7, 0.8]"
2026-07-29 10:53:12,Bilashpur,1,CONFLICTED,0.08250000000000002,0.06750000000000002,0.85,0.12903225806451615,0.22580645161290325,0.6451612903225807,0.85,0.6451612903225807,DOWN,DOWN,0.19354838709677413,1,"(0.6, 0.7]"
2026-07-29 10:53:12,Raipur,1,CONFLICTED,0.08250000000000007,0.06750000000000006,0.8499999999999999,0.11479028697571743,0.2008830022075055,0.6843267108167771,0.8499999999999999,0.6843267108167771,DOWN,DOWN,0.1531804160636229,1,"(0.6, 0.7]"
2026-07-29 10:53:12,Namakkal,1,CONFLICTED,0.08250000000000007,0.06750000000000006,0.8499999999999999,0.104089219330855,0.1821561338289963,0.7137546468401487,0.8499999999999999,0.7137546468401487,DOWN,DOWN,0.12595182487804205,1,"(0.7, 0.8]"
2026-07-29 10:53:12,Mysuru,1,CONFLICTED,0.08250000000000002,0.06750000000000002,0.85,0.0956937799043062,0.16746411483253587,0.7368421052631579,0.85,0.7368421052631579,DOWN,UP,1.3887502575490487,0,"(0.7, 0.8]"
2026-07-29 10:53:12,Nagpur,1,CONFLICTED,0.08250000000000002,0.06750000000000002,0.85,0.11976047904191618,0.16766467065868265,0.7125748502994013,0.85,0.7125748502994013,DOWN,FLAT,1.2148875900892824,0,"(0.7, 0.8]"
2026-07-29 10:53:12,Bhopal,1,CONFLICTED,0.08250000000000002,0.06750000000000002,0.85,0.11954992967651196,0.19127988748241911,0.6891701828410689,0.85,0.6891701828410689,DOWN,DOWN,0.1474953562760004,1,"(0.6, 0.7]"
2026-07-29 10:53:12,Nasik,1,CAPITULATION,0.14418248515216397,0.11796748785177052,0.7378500269960655,0.13513513513513514,0.21621621621621623,0.6486486486486487,0.7378500269960655,0.6486486486486487,DOWN,DOWN,0.18845872899926952,1,"(0.6, 0.7]"
2026-07-29 10:53:12,Mumbai,1,CONFLICTED,0.08250000000000002,0.06750000000000002,0.85,0.10895883777239711,0.17433414043583537,0.7167070217917676,0.85,0.7167070217917676,DOWN,DOWN,0.12251933235230315,1,"(0.7, 0.8]"
2026-07-29 10:53:12,Pune,1,CONFLICTED,0.08250000000000002,0.06750000000000002,0.85,0.1020408163265306,0.16326530612244897,0.7346938775510203,0.85,0.7346938775510203,DOWN,DOWN,0.10745522698875472,1,"(0.7, 0.8]"
2026-07-29 10:53:12,Navapur,1,CONFLICTED,0.08250000000000002,0.06750000000000002,0.85,0.09615384615384615,0.15384615384615385,0.75,0.85,0.75,DOWN,DOWN,0.09541420118343195,1,"(0.7, 0.8]"
2026-07-29 10:53:12,Metapally,1,CONFLICTED,0.08250000000000002,0.06750000000000002,0.85,0.09106678230702515,0.14570685169124026,0.7632263660017347,0.85,0.7632263660017347,DOWN,DOWN,0.0855853992262727,1,"(0.7, 0.8]"
2026-07-29 10:53:12,Barwala,1,CONFLICTED,0.08250000000000002,0.06750000000000002,0.85,0.08661417322834646,0.13858267716535433,0.7748031496062991,0.85,0.7748031496062991,DOWN,FLAT,1.3498617397234793,0,"(0.7, 0.8]"
2026-07-29 10:53:12,Mahuva,1,CONFLICTED,0.08250000000000002,0.06750000000000002,0.85,0.08646616541353383,0.1556390977443609,0.7578947368421053,0.85,0.7578947368421053,DOWN,DOWN,0.09031488495675277,1,"(0.7, 0.8]"
2026-07-29 10:53:12,Vij/God,1,CAPITULATION,0.14589086809281668,0.11936525571230454,0.7347438761948788,0.10620915032679738,0.19117647058823528,0.7026143790849673,0.7347438761948788,0.7026143790849673,DOWN,DOWN,0.13626703404673418,1,"(0.7, 0.8]"
2026-07-29 10:53:12,Gujrat Necc Selling rate,1,CONFLICTED,0.08250000000000002,0.06750000000000002,0.85,0.08108108108108109,0.14594594594594598,0.772972972972973,0.85,0.772972972972973,DOWN,DOWN,0.0794156318480643,1,"(0.7, 0.8]"
2026-07-29 10:53:12,Benglore,1,CONFLICTED,0.08250000000000002,0.06750000000000002,0.85,0.07763975155279502,0.13975155279503104,0.782608695652174,0.85,0.782608695652174,DOWN,FLAT,1.358531692450137,0,"(0.7, 0.8]"
2026-07-29 10:53:12,Anand,1,CONFLICTED,0.08250000000000002,0.06750000000000002,0.85,0.07747318235995232,0.15494636471990464,0.767580452920143,0.85,0.767580452920143,DOWN,DOWN,0.084029315789698,1,"(0.7, 0.8]"
2026-07-29 10:53:12,Wankaner,1,CONFLICTED,0.08250000000000002,0.06750000000000002,0.85,0.07438016528925619,0.14876033057851237,0.7768595041322314,0.85,0.7768595041322314,DOWN,DOWN,0.07745372583839902,1,"(0.7, 0.8]"
2026-07-29 10:53:12,Davangere,1,CONFLICTED,0.08250000000000002,0.06750000000000002,0.85,0.07157464212678938,0.14314928425357876,0.7852760736196319,0.85,0.7852760736196319,DOWN,DOWN,0.0717210115380916,1,"(0.7, 0.8]"
2026-07-29 10:53:12,Hospet,1,CONFLICTED,0.08250000000000002,0.06750000000000002,0.85,0.06901475487862922,0.13802950975725845,0.7929557353641122,0.85,0.7929557353641122,DOWN,DOWN,0.0666825094734019,1,"(0.7, 0.8]"
2026-07-29 10:53:12,Kolkata,1,CAPITULATION,0.1450127415427967,0.11864678853501548,0.7363404699221878,0.08641975308641976,0.17283950617283952,0.7407407407407408,0.7363404699221878,0.7407407407407408,DOWN,DOWN,0.10455723212924856,1,"(0.7, 0.8]"
2026-07-29 10:53:12,Siddipet,1,CONFLICTED,0.08250000000000007,0.06750000000000006,0.8499999999999999,0.06561679790026247,0.13123359580052493,0.8031496062992125,0.8499999999999999,0.8031496062992125,DOWN,DOWN,0.06027789833357448,1,"(0.8, 0.9]"
2026-07-29 10:53:12,Surat,1,CONFLICTED,0.08250000000000002,0.06750000000000002,0.85,0.06349856616140925,0.1269971323228185,0.8095043015157721,0.85,0.8095043015157721,DOWN,DOWN,0.05644895066376819,1,"(0.8, 0.9]"
2026-07-29 10:53:12,Jabalpur,1,CONFLICTED,0.08250000000000007,0.06750000000000006,0.8499999999999999,0.06153846153846155,0.1230769230769231,0.8153846153846154,0.8499999999999999,0.8153846153846154,DOWN,DOWN,0.05301775147928996,1,"(0.8, 0.9]"
2026-07-30 10:55:48,Mysuru,1,PANIC,0.21358165305924368,0.5253741043127919,0.2610442426279645,0.1746031746031746,0.6857142857142857,0.13968253968253969,0.5253741043127919,0.6857142857142857,FLAT,FLAT,0.14877299067775257,1,"(0.6, 0.7]"
2026-07-30 10:55:48,Barwala,1,PANIC,0.11476049929247549,0.09389495396657085,0.7913445467409537,0.07537688442211056,0.15075376884422112,0.7738693467336684,0.7913445467409537,0.7738693467336684,DOWN,FLAT,1.3257746016514735,0,"(0.7, 0.8]"
2026-07-30 10:55:48,Anand,1,PANIC,0.11608036218482683,0.09497484178758558,0.7889447960275876,0.07692307692307691,0.1692307692307692,0.7538461538461538,0.7889447960275876,0.7538461538461538,DOWN,DOWN,0.09514792899408284,1,"(0.7, 0.8]"
2026-07-30 10:55:48,Metapally,1,PANIC,0.11746808030593571,0.0961102475230383,0.786421672171026,0.07179054054054054,0.15793918918918917,0.7702702702702703,0.786421672171026,0.7702702702702703,DOWN,DOWN,0.08287441791453615,1,"(0.7, 0.8]"
2026-07-30 10:55:48,Benglore,1,PANIC,0.19375252153438588,0.1585247903463157,0.6477226881192985,0.05721830985915493,0.12588028169014082,0.8169014084507041,0.6477226881192985,0.8169014084507041,DOWN,DOWN,0.05264487452886334,1,"(0.8, 0.9]"
2026-07-30 10:55:48,Pune,1,PANIC,0.12046621504980075,0.09856326685892788,0.7809705180912714,0.06666666666666667,0.14666666666666667,0.7866666666666667,0.7809705180912714,0.7866666666666667,DOWN,DOWN,0.07146666666666664,1,"(0.7, 0.8]"
2026-07-30 10:55:48,Mumbai,1,PANIC,0.12208732610482162,0.09988963044939951,0.7780230434457789,0.06316489361702128,0.1389627659574468,0.7978723404255319,0.7780230434457789,0.7978723404255319,DOWN,DOWN,0.06415604487324582,1,"(0.7, 0.8]"
2026-07-30 10:55:48,Raipur,1,PANIC,0.12379779040446964,0.10128910124002062,0.7749131083555097,0.06016847172081828,0.13237063778580022,0.8074608904933814,0.7749131083555097,0.8074608904933814,DOWN,DOWN,0.058213539426640086,1,"(0.8, 0.9]"
2026-07-30 10:55:48,Navapur,1,PANIC,0.1256043429984358,0.1027671897259929,0.7716284672755713,0.05756578947368421,0.12664473684210528,0.8157894736842105,0.7716284672755713,0.8157894736842105,DOWN,DOWN,0.05328622749307481,1,"(0.8, 0.9]"
2026-07-30 10:55:48,Siddipet,1,PANIC,0.1275144030583066,0.10432996613861449,0.7681556308030789,0.055276381909547735,0.12160804020100502,0.8231155778894472,0.7681556308030789,0.8231155778894472,DOWN,DOWN,0.04913209262392364,1,"(0.8, 0.9]"
2026-07-30 10:55:48,Kolkata,1,PANIC,0.12751440305830655,0.10432996613861444,0.768155630803079,0.05324074074074074,0.11712962962962963,0.8296296296296296,0.768155630803079,0.8296296296296296,DOWN,FLAT,1.4705799897119343,0,"(0.8, 0.9]"
2026-07-30 10:55:48,Mahuva,1,PANIC,0.11892832914519239,0.09730499657333923,0.7837666742814684,0.05385996409335727,0.12926391382405744,0.8168761220825853,0.7837666742814684,0.8168761220825853,DOWN,DOWN,0.05314440981276328,1,"(0.8, 0.9]"
2026-07-30 10:55:48,Jabalpur,1,PANIC,0.12941164109176903,0.10588225180235648,0.7647061071058745,0.05197505197505198,0.12474012474012475,0.8232848232848233,0.7647061071058745,0.8232848232848233,DOWN,DOWN,0.04948975842946736,1,"(0.8, 0.9]"
2026-07-30 10:55:48,Nagpur,1,PANIC,0.1313488113652588,0.10746720929884811,0.7611839793358931,0.0502706883217324,0.12064965197215775,0.8290796597061098,0.7611839793358931,0.8290796597061098,DOWN,DOWN,0.0462972433515228,1,"(0.8, 0.9]"
2026-07-30 10:55:48,Surat,1,PANIC,0.13338710451288688,0.10913490369236198,0.7574779917947512,0.04871887405268856,0.11692529772645255,0.8343558282208589,0.7574779917947512,0.8343558282208589,DOWN,DOWN,0.04348304558177892,1,"(0.8, 0.9]"
2026-07-30 10:55:48,Gujrat Necc Selling rate,1,PANIC,0.1355336283673175,0.11089115048235068,0.7535752211503318,0.0472972972972973,0.1135135135135135,0.8391891891891892,0.7535752211503318,0.8391891891891892,DOWN,DOWN,0.040982468955441935,1,"(0.8, 0.9]"
2026-07-30 10:55:48,Davangere,1,PANIC,0.13779616014439985,0.11274231284541807,0.7494615270101821,0.04598794798604503,0.11037107516650808,0.8436409768474469,0.7494615270101821,0.8436409768474469,DOWN,DOWN,0.0387448097145988,1,"(0.8, 0.9]"
2026-07-30 10:55:48,Bhopal,1,PANIC,0.14018322726675506,0.11469536776370869,0.7451214049695363,0.04477611940298508,0.10746268656716419,0.8477611940298508,0.7451214049695363,0.8477611940298508,DOWN,DOWN,0.03672978391623967,1,"(0.8, 0.9]"
2026-07-30 10:55:48,Nasik,1,PANIC,0.14270420019775285,0.1167579819799796,0.7405378178222676,0.04364967614756407,0.10475922275415375,0.8515911010982822,0.7405378178222676,0.8515911010982822,DOWN,DOWN,0.03490499025306193,1,"(0.8, 0.9]"
2026-07-30 10:55:48,Bilashpur,1,PANIC,0.14270420019775285,0.1167579819799796,0.7405378178222676,0.04259850905218317,0.10223642172523961,0.8551650692225772,0.7405378178222676,0.8551650692225772,DOWN,FLAT,1.539101371068626,0,"(0.8, 0.9]"
2026-07-30 10:55:48,Vij/God,1,PANIC,0.1427042001977529,0.11675798197997965,0.7405378178222675,0.042857142857142864,0.11142857142857145,0.8457142857142858,0.7405378178222675,0.8457142857142858,DOWN,FLAT,1.5066285714285714,0,"(0.8, 0.9]"
2026-07-30 10:55:48,Wankaner,1,PANIC,0.14520534236604368,0.118804371026763,0.7359902866071933,0.04308160162189559,0.12062848454130765,0.8362899138367967,0.7359902866071933,0.8362899138367967,DOWN,DOWN,0.04320824799260366,1,"(0.8, 0.9]"
2026-07-30 10:55:48,Namakkal,1,PANIC,0.14520534236604368,0.118804371026763,0.7359902866071933,0.04205719778899303,0.11776015380918048,0.8401826484018264,0.7359902866071933,0.8401826484018264,DOWN,FLAT,1.4860228367681705,0,"(0.8, 0.9]"
2026-07-30 10:55:48,Hospet,1,PANIC,0.1294116410917691,0.10588225180235653,0.7647061071058744,0.04223369310183013,0.1267010793054904,0.8310652275926795,0.7647061071058744,0.8310652275926795,DOWN,FLAT,1.4551041022328872,0,"(0.8, 0.9]"
2026-07-31 11:25:15,Nagpur,1,PANIC,0.10179428884663676,0.08328623632906643,0.8149194748242968,0.04157218442932729,0.1330309901738473,0.8253968253968255,0.8149194748242968,0.8253968253968255,DOWN,DOWN,0.049911759446366916,1,"(0.8, 0.9]"
2026-07-31 11:25:15,Benglore,1,PANIC,0.1010619610663059,0.08268705905425028,0.8162509798794438,0.04057279236276849,0.12983293556085918,0.8295942720763723,0.8162509798794438,0.8295942720763723,DOWN,FLAT,1.4470635277766701,0,"(0.8, 0.9]"
2026-07-31 11:25:15,Anand,1,PANIC,0.1010619610663059,0.08268705905425028,0.8162509798794438,0.0407925407925408,0.1386946386946387,0.8205128205128206,0.8162509798794438,0.8205128205128206,DOWN,DOWN,0.053115881787210426,1,"(0.8, 0.9]"
2026-07-31 11:25:15,Surat,1,PANIC,0.10034221064616602,0.0820981723468631,0.8175596170069709,0.0398406374501992,0.13545816733067728,0.8247011952191234,0.8175596170069709,0.8247011952191234,DOWN,DOWN,0.05066586244662785,1,"(0.8, 0.9]"
2026-07-31 11:25:15,Namakkal,1,PANIC,0.0996563874332529,0.08153704426357056,0.8188065683031766,0.038947368421052626,0.13242105263157894,0.8286315789473684,0.8188065683031766,0.8286315789473684,DOWN,DOWN,0.04841936842105264,1,"(0.8, 0.9]"
2026-07-31 11:25:15,Kolkata,1,PANIC,0.09718039388662995,0.07951123136178814,0.8233083747515819,0.038106698756518245,0.12956277577216202,0.8323305254713196,0.8233083747515819,0.8323305254713196,DOWN,FLAT,1.4518871854429465,0,"(0.8, 0.9]"
2026-07-31 11:25:15,Barwala,1,PANIC,0.09837849142211588,0.08049149298173118,0.821130015596153,0.03825779870512066,0.13772807533843437,0.8240141259564451,0.821130015596153,0.8240141259564451,DOWN,FLAT,1.4239758109970864,0,"(0.8, 0.9]"
2026-07-31 11:25:15,Jabalpur,1,PANIC,0.09837849142211595,0.08049149298173122,0.8211300155961528,0.03838771593090211,0.14587332053742802,0.8157389635316699,0.8211300155961528,0.8157389635316699,DOWN,DOWN,0.05670477193939015,1,"(0.8, 0.9]"
2026-07-31 11:25:15,Bhopal,1,PANIC,0.09776507022218282,0.07998960290905867,0.8222453268687585,0.0375733137829912,0.14277859237536655,0.8196480938416422,0.8222453268687585,0.8196480938416422,DOWN,DOWN,0.0543242904042793,1,"(0.8, 0.9]"
2026-07-31 11:25:15,Gujrat Necc Selling rate,1,PANIC,0.10256205470613612,0.08391440839592955,0.8135235368979343,0.03680336487907465,0.1398527865404837,0.8233438485804416,0.8135235368979343,0.8233438485804416,DOWN,DOWN,0.052120685403930334,1,"(0.8, 0.9]"
2026-07-31 11:25:15,Nasik,1,PANIC,0.09900244419047499,0.0810019997922068,0.8199955560173182,0.0360738255033557,0.13708053691275168,0.8268456375838926,0.8199955560173182,0.8268456375838926,DOWN,DOWN,0.050074827710463496,1,"(0.8, 0.9]"
2026-07-31 11:25:15,Davangere,1,PANIC,0.10336751182243589,0.08457341876381118,0.8120590694137529,0.03538115149565777,0.13444837568349952,0.8301704728208427,0.8120590694137529,0.8301704728208427,DOWN,DOWN,0.04817025990698624,1,"(0.8, 0.9]"
2026-07-31 11:25:15,Metapally,1,PANIC,0.10900885236508824,0.08918906102598129,0.8018020866089305,0.034722222222222224,0.13194444444444445,0.8333333333333334,0.8018020866089305,0.8333333333333334,DOWN,DOWN,0.04639274691358024,1,"(0.8, 0.9]"
2026-07-31 11:25:15,Mahuva,1,PANIC,0.10510148315188092,0.08599212257881166,0.8089063942693074,0.03409427809072043,0.12955825674473764,0.836347465164542,0.8089063942693074,0.836347465164542,DOWN,DOWN,0.04472991384733355,1,"(0.8, 0.9]"
2026-07-31 11:25:15,Hospet,1,PANIC,0.11238142638264749,0.09194843976762067,0.7956701338497318,0.0361328125,0.1373046875,0.8265625,0.7956701338497318,0.8265625,DOWN,DOWN,0.05023872375488282,1,"(0.8, 0.9]"
2026-07-31 11:25:15,Mumbai,1,PANIC,0.11120114392488589,0.09098275412036118,0.7978161019547529,0.035342261904761904,0.13430059523809526,0.8303571428571429,0.7978161019547529,0.8303571428571429,DOWN,DOWN,0.048064424337443304,1,"(0.8, 0.9]"
2026-07-31 11:25:15,Pune,1,PANIC,0.11007814846920895,0.0900639396566255,0.7998579118741656,0.034599006387508874,0.1314762242725337,0.8339247693399575,0.7998579118741656,0.8339247693399575,DOWN,DOWN,0.046064071030750775,1,"(0.8, 0.9]"
2026-07-31 11:25:15,Raipur,1,PANIC,0.10421310339755346,0.08526526641618011,0.8105216301862664,0.03260266370699223,0.12389012208657049,0.8435072142064374,0.8105216301862664,0.8435072142064374,DOWN,DOWN,0.04090168803684645,1,"(0.8, 0.9]"
2026-07-31 11:25:15,Bilashpur,1,PANIC,0.11362290310444585,0.09296419344909206,0.7934129034464621,0.033602150537634407,0.12768817204301075,0.8387096774193549,0.7934129034464621,0.8387096774193549,DOWN,DOWN,0.04344794195860792,1,"(0.8, 0.9]"
2026-07-31 11:25:15,Mysuru,1,PANIC,0.10701841706573871,0.08756052305378621,0.8054210598804751,0.03177124702144559,0.12073073868149324,0.8474980142970612,0.8054210598804751,0.8474980142970612,DOWN,FLAT,1.4923767302743518,0,"(0.8, 0.9]"
2026-07-31 11:25:15,Vij/God,1,PANIC,0.10701841706573871,0.08756052305378621,0.8054210598804751,0.03184713375796178,0.12738853503184713,0.8407643312101911,0.8054210598804751,0.8407643312101911,DOWN,FLAT,1.4693496693577834,0,"(0.8, 0.9]"
2026-07-31 11:25:15,Wankaner,1,PANIC,0.10701841706573871,0.08756052305378621,0.8054210598804751,0.031912177687005355,0.1340311462854225,0.834056676027572,0.8054210598804751,0.834056676027572,DOWN,DOWN,0.04651992203032951,1,"(0.8, 0.9]"
2026-07-31 11:25:15,Navapur,1,PANIC,0.1060355385326371,0.08675634970852125,0.8072081117588417,0.03138075313807532,0.13179916317991633,0.8368200836820083,0.8072081117588417,0.8368200836820083,DOWN,DOWN,0.044983456171985806,1,"(0.8, 0.9]"
2026-07-31 11:25:15,Siddipet,1,PANIC,0.10798995550859988,0.08835541814339991,0.8036546263480002,0.03087152695321776,0.1296604132035146,0.8394680598432677,0.8036546263480002,0.8394680598432677,DOWN,DOWN,0.043535377739014086,1,"(0.8, 0.9]"
2026-08-01 11:13:08,Vij/God,1,PANIC,0.1018321000164612,0.08331717274074098,0.8148507272427978,0.030382939692731026,0.1276083467094703,0.8420087135977987,0.8148507272427978,0.8420087135977987,DOWN,FLAT,1.4709689935299757,0,"(0.8, 0.9]"
2026-08-01 11:13:08,Anand,1,PANIC,0.10078674448151433,0.08246188184851172,0.816751373669974,0.030425963488843816,0.13387423935091278,0.8356997971602435,0.816751373669974,0.8356997971602435,DOWN,UP,1.6563902752119943,0,"(0.8, 0.9]"
2026-08-01 11:13:08,Surat,1,PANIC,0.10078674448151433,0.08246188184851172,0.816751373669974,0.036552946389011964,0.13402747009304386,0.8294195835179442,0.816751373669974,0.8294195835179442,DOWN,FLAT,1.4391813859662521,0,"(0.8, 0.9]"
2026-08-01 11:13:08,Mahuva,1,PANIC,0.10078674448151427,0.08246188184851166,0.8167513736699741,0.03658536585365853,0.14024390243902438,0.823170731707317,0.8167513736699741,0.823170731707317,DOWN,FLAT,1.4181290898274836,0,"(0.8, 0.9]"
2026-08-01 11:13:08,Jabalpur,1,PANIC,0.1018321000164612,0.08331717274074098,0.8148507272427978,0.03660886319845858,0.14643545279383433,0.8169556840077071,0.8148507272427978,0.8169556840077071,DOWN,DOWN,0.0562887723167051,1,"(0.8, 0.9]"
2026-08-01 11:13:08,Metapally,1,PANIC,0.10183210001646126,0.08331717274074103,0.8148507272427977,0.03603230482501553,0.14412921930006212,0.8198384758749223,0.8148507272427977,0.8198384758749223,DOWN,FLAT,1.4059482467718398,0,"(0.8, 0.9]"
2026-08-01 11:13:08,Siddipet,1,PANIC,0.10183210001646126,0.08331717274074103,0.8148507272427977,0.03604520924549435,0.15018837185622647,0.8137664188982793,0.8148507272427977,0.8137664188982793,DOWN,FLAT,1.3856948449644524,0,"(0.8, 0.9]"
2026-08-01 11:13:08,Wankaner,1,PANIC,0.10183210001646126,0.08331717274074103,0.8148507272427977,0.036050470658922494,0.15621870618866412,0.8077308231524134,0.8148507272427977,0.8077308231524134,DOWN,FLAT,1.365695590891137,0,"(0.8, 0.9]"
2026-08-01 11:13:08,Kolkata,1,PANIC,0.10183210001646126,0.08331717274074103,0.8148507272427977,0.036048458583669854,0.16221806362651434,0.801733477789816,0.8148507272427977,0.801733477789816,DOWN,FLAT,1.345954633688919,0,"(0.8, 0.9]"
2026-08-01 11:13:08,Raipur,1,PANIC,0.10183210001646126,0.08331717274074103,0.8148507272427977,0.03603952722340631,0.1681844603758961,0.7957760124006974,0.8148507272427977,0.7957760124006974,DOWN,FLAT,1.3264754013949807,0,"(0.7, 0.8]"
2026-08-01 11:13:08,Hospet,1,PANIC,0.1027682513217149,0.08408311471776672,0.8131486339605184,0.03602401601067378,0.1741160773849233,0.789859906604403,0.8131486339605184,0.789859906604403,DOWN,DOWN,0.07577299698576012,1,"(0.7, 0.8]"
2026-08-01 11:13:08,Bhopal,1,PANIC,0.10613917289157923,0.08684114145674664,0.8070196856516741,0.035463612855559656,0.17140746213520502,0.7931289250092353,0.8070196856516741,0.7931289250092353,DOWN,FLAT,1.316876753328296,0,"(0.7, 0.8]"
2026-08-01 11:13:08,Benglore,1,PANIC,0.0993672486975103,0.08130047620705388,0.8193322750954358,0.03544165757906216,0.1772082878953108,0.7873500545256271,0.8193322750954358,0.7873500545256271,DOWN,UP,1.5816956815941225,0,"(0.7, 0.8]"
2026-08-01 11:13:08,Bilashpur,1,PANIC,0.09718039388662995,0.07951123136178814,0.8233083747515819,0.04131640135932749,0.17707029153997492,0.7816133071006975,0.8233083747515819,0.7816133071006975,DOWN,FLAT,1.2898397119242762,0,"(0.7, 0.8]"
2026-08-01 11:13:08,Mumbai,1,PANIC,0.09718039388662995,0.07951123136178814,0.8233083747515819,0.04127794402393945,0.182802323534589,0.7759197324414716,0.8233083747515819,0.7759197324414716,DOWN,DOWN,0.0853325244615897,1,"(0.7, 0.8]"
2026-08-01 11:13:08,Pune,1,PANIC,0.09658912434290058,0.0790274653714641,0.8243834102856353,0.04064901793339027,0.18001707941929976,0.77933390264731,0.8243834102856353,0.77933390264731,DOWN,FLAT,1.2813856645184907,0,"(0.7, 0.8]"
2026-08-01 11:13:08,Namakkal,1,PANIC,0.09658912434290058,0.0790274653714641,0.8243834102856353,0.040605296343001265,0.18562421185372005,0.7737704918032787,0.8243834102856353,0.7737704918032787,DOWN,FLAT,1.2635774883954656,0,"(0.7, 0.8]"
2026-08-01 11:13:08,Davangere,1,PANIC,0.09658912434290058,0.0790274653714641,0.8243834102856353,0.040556199304750865,0.19119351100811122,0.7682502896871378,0.8243834102856353,0.7682502896871378,DOWN,FLAT,1.2460212495418042,0,"(0.7, 0.8]"
2026-08-01 11:13:08,Nagpur,1,PANIC,0.10376721420796393,0.08490044798833413,0.811332337803702,0.040501996577296064,0.19672398337543803,0.762774020047266,0.811332337803702,0.762774020047266,DOWN,DOWN,0.09661690292638186,1,"(0.7, 0.8]"
2026-08-01 11:13:08,Mysuru,1,PANIC,0.18782450471055429,0.15367459476318077,0.658500900526265,0.03619996169316223,0.17582838536678796,0.7879716529400498,0.658500900526265,0.7879716529400498,DOWN,DOWN,0.0771820782842528,1,"(0.7, 0.8]"
2026-08-01 11:13:08,Navapur,1,PANIC,0.10014654329133653,0.08193808087472988,0.8179153758339336,0.039647577092511016,0.19257394587791063,0.7677784770295785,0.8179153758339336,0.7677784770295785,DOWN,DOWN,0.09258349073099709,1,"(0.7, 0.8]"
2026-08-01 11:13:08,Nasik,1,PANIC,0.0993672486975103,0.08130047620705388,0.8193322750954358,0.03907026531080358,0.18976986008104596,0.7711598746081505,0.8193322750954358,0.7711598746081505,DOWN,FLAT,1.2526869174702027,0,"(0.7, 0.8]"
2026-08-01 11:13:08,Gujrat Necc Selling rate,1,PANIC,0.09936724869751036,0.08130047620705393,0.8193322750954357,0.039017776438686355,0.1950888821934318,0.7658933413678819,0.8193322750954357,0.7658933413678819,DOWN,FLAT,1.235996904798497,0,"(0.7, 0.8]"
2026-08-01 11:13:08,Barwala,1,PANIC,0.09658912434290058,0.0790274653714641,0.8243834102856353,0.03896103896103896,0.20037105751391465,0.7606679035250463,0.8243834102856353,0.7606679035250463,DOWN,UP,1.5423601047772793,0,"(0.7, 0.8]"
2026-08-02 11:00:41,Barwala,1,PANIC,0.20816890113039327,0.17032001001577632,0.6215110888538304,0.038834951456310676,0.17475728155339806,0.7864077669902914,0.6215110888538304,0.7864077669902914,DOWN,FLAT,1.3009708737864076,0,"(0.7, 0.8]"
2026-08-02 11:00:41,Mahuva,1,PANIC,0.14097321636963853,0.1153417224842497,0.7436850611461118,0.03768815351028381,0.1743077099850626,0.7880041365046535,0.7436850611461118,0.7880041365046535,DOWN,FLAT,1.3041386738535707,0,"(0.7, 0.8]"
2026-08-02 11:00:41,Nagpur,1,PANIC,0.13848158650419956,0.11330311623070873,0.7482152972650917,0.037991858887381276,0.18046132971506104,0.7815468113975577,0.7482152972650917,0.7815468113975577,DOWN,FLAT,1.2839024318398142,0,"(0.7, 0.8]"
2026-08-02 11:00:41,Raipur,1,PANIC,0.1360281028689984,0.11129572052918052,0.7526761766018211,0.03827751196172248,0.1866028708133971,0.7751196172248803,0.7526761766018211,0.7751196172248803,DOWN,FLAT,1.263890478697832,0,"(0.7, 0.8]"
2026-08-02 11:00:41,Bilashpur,1,PANIC,0.133613007998431,0.1093197338168981,0.7570672581846709,0.038545773105562856,0.1927288655278143,0.7687253613666228,0.7570672581846709,0.7687253613666228,DOWN,FLAT,1.24411114238456,0,"(0.7, 0.8]"
2026-08-02 11:00:41,Vij/God,1,PANIC,0.21367314184359834,0.17482347969021683,0.6115033784661849,0.03780348704578784,0.1937428711096627,0.7684536418445495,0.6115033784661849,0.7684536418445495,DOWN,DOWN,0.09257911971368861,1,"(0.7, 0.8]"
2026-08-02 11:00:41,Mumbai,1,PANIC,0.13438783027959414,0.10995367931966792,0.755658490400738,0.038572806171648995,0.19768563162970107,0.76374156219865,0.755658490400738,0.76374156219865,DOWN,DOWN,0.09638551976112385,1,"(0.7, 0.8]"
2026-08-02 11:00:41,Namakkal,1,PANIC,0.13505117472342856,0.11049641568280519,0.7544524095937662,0.037930323644609354,0.19439290867862294,0.7676767676767676,0.7544524095937662,0.7676767676767676,DOWN,DOWN,0.09320139667343486,1,"(0.7, 0.8]"
2026-08-02 11:00:41,Pune,1,PANIC,0.1324215489968915,0.10834490372472941,0.7592335472783791,0.037320099255583127,0.1912655086848635,0.7714143920595533,0.7592335472783791,0.7714143920595533,DOWN,FLAT,1.2505244315278095,0,"(0.7, 0.8]"
2026-08-02 11:00:41,Metapally,1,PANIC,0.12983075802850869,0.10622516565968892,0.7639440763118024,0.0375366568914956,0.19706744868035192,0.7653958944281525,0.7639440763118024,0.7653958944281525,DOWN,FLAT,1.2319405577867408,0,"(0.7, 0.8]"
2026-08-02 11:00:41,Anand,1,PANIC,0.1435027064006668,0.1174113052369092,0.739085988362424,0.03773948204486377,0.20284971599114276,0.7594108019639935,0.739085988362424,0.7594108019639935,DOWN,FLAT,1.2135776099400122,0,"(0.7, 0.8]"
2026-08-02 11:00:41,Jabalpur,1,PANIC,0.12229437860954864,0.10005903704417617,0.7776465843462752,0.037929072634174096,0.20860989948795752,0.7534610278778684,0.7776465843462752,0.7534610278778684,DOWN,FLAT,1.1954404262701233,0,"(0.7, 0.8]"
2026-08-02 11:00:41,Navapur,1,PANIC,0.11986168843737162,0.09806865417603132,0.7820696573865971,0.03810591202017372,0.21434575511347717,0.7475483328663491,0.7820696573865971,0.7475483328663491,DOWN,FLAT,1.1775331630103594,0,"(0.7, 0.8]"
2026-08-02 11:00:41,Mysuru,1,PANIC,0.11950664259408057,0.09777816212242955,0.7827151952834899,0.03827046918123275,0.2200551977920883,0.741674333026679,0.7827151952834899,0.741674333026679,DOWN,DOWN,0.11662106910387796,1,"(0.7, 0.8]"
2026-08-02 11:00:41,Benglore,1,PANIC,0.11911475249002258,0.09745752476456393,0.7834277227454135,0.03764873024329604,0.21648019889895223,0.7458710708577517,0.7834277227454135,0.7458710708577517,DOWN,DOWN,0.11286261603124824,1,"(0.7, 0.8]"
2026-08-02 11:00:41,Davangere,1,PANIC,0.11868018172616518,0.09710196686686241,0.7842178514069724,0.037056098816263504,0.2130725681935152,0.7498713329902212,0.7842178514069724,0.7498713329902212,DOWN,DOWN,0.10933742383614965,1,"(0.7, 0.8]"
2026-08-02 11:00:41,Hospet,1,PANIC,0.11819579389523598,0.09670564955064762,0.7850985565541164,0.03649029689832477,0.20981920716536742,0.7536904959363079,0.7850985565541164,0.7536904959363079,DOWN,DOWN,0.10602401325533323,1,"(0.7, 0.8]"
2026-08-02 11:00:41,Bhopal,1,PANIC,0.11540973207918095,0.09442614442842077,0.7901641234923983,0.035949285828919916,0.2067083935162895,0.7573423206547906,0.7901641234923983,0.7573423206547906,DOWN,FLAT,1.2041713147238993,0,"(0.7, 0.8]"
2026-08-02 11:00:41,Gujrat Necc Selling rate,1,PANIC,0.11266445754085411,0.09218001071524427,0.7951555317439016,0.03607880370282459,0.21196297175409448,0.7519582245430809,0.7951555317439016,0.7519582245430809,DOWN,FLAT,1.1877452094212475,0,"(0.7, 0.8]"
2026-08-02 11:00:41,Nasik,1,PANIC,0.11174317800866775,0.09142623655254634,0.7968305854387859,0.03619909502262444,0.2171945701357466,0.746606334841629,0.7968305854387859,0.746606334841629,DOWN,DOWN,0.11269220531930141,1,"(0.7, 0.8]"
2026-08-02 11:00:41,Wankaner,1,PANIC,0.1089203994856819,0.08911669048828519,0.8019629100260329,0.03746610796154794,0.22479664776928765,0.7377372442691644,0.8019629100260329,0.7377372442691644,DOWN,FLAT,1.146600188137381,0,"(0.7, 0.8]"
2026-08-02 11:00:41,Surat,1,PANIC,0.10613917289157936,0.08684114145674673,0.8070196856516739,0.03746275010642827,0.22945934440187313,0.7330779054916986,0.8070196856516739,0.7330779054916986,DOWN,FLAT,1.1325395750952236,0,"(0.7, 0.8]"
2026-08-02 11:00:41,Siddipet,1,PANIC,0.12476691936573803,0.10208202493560382,0.7731510556986582,0.03499925849028623,0.21874536556428892,0.746255375945425,0.7731510556986582,0.746255375945425,DOWN,FLAT,1.168480838049594,0,"(0.7, 0.8]"
2026-08-03 10:50:19,Bhopal,1,PANIC,0.16082905336008982,0.13158740729461893,0.7075835393452913,0.03510825043885313,0.22381509654768872,0.7410766530134582,0.7075835393452913,0.7410766530134582,DOWN,DOWN,0.1183670863062416,1,"(0.7, 0.8]"
2026-08-03 10:50:19,Pune,1,PANIC,0.15832614047356955,0.12953956947837508,0.7121342900480554,0.03461238385701114,0.22065394708844602,0.7447336690545429,0.7121342900480554,0.7447336690545429,DOWN,FLAT,1.1632065251285253,0,"(0.7, 0.8]"
2026-08-03 10:50:19,Anand,1,PANIC,0.16079951998227404,0.1315632436218606,0.7076372363958654,0.03470958712386284,0.22561231630510845,0.7396780965710287,0.7076372363958654,0.7396780965710287,DOWN,DOWN,0.11987316611174799,1,"(0.7, 0.8]"
2026-08-03 10:50:19,Nasik,1,PANIC,0.16077278644887416,0.13154137073089703,0.7076858428202288,0.03422982885085575,0.22249388753056237,0.743276283618582,0.7076858428202288,0.743276283618582,DOWN,UP,1.5346751872597606,0,"(0.7, 0.8]"
2026-08-03 10:50:19,Benglore,1,PANIC,0.15830524057942777,0.12952246956498636,0.7121722898555859,0.0386058981233244,0.22305630026809653,0.7383378016085791,0.7121722898555859,0.7383378016085791,DOWN,FLAT,1.1502746372071961,0,"(0.7, 0.8]"
2026-08-03 10:50:19,Navapur,1,PANIC,0.16060381983741975,0.13140312532152526,0.707993054841055,0.03869559465537769,0.22787405741500197,0.7334303479296204,0.707993054841055,0.7334303479296204,DOWN,FLAT,1.1355958955226688,0,"(0.7, 0.8]"
2026-08-03 10:50:19,Bilashpur,1,PANIC,0.16302235419407535,0.1333819261587889,0.7035957196471357,0.038777908343125736,0.23266745005875442,0.7285546415981198,0.7035957196471357,0.7285546415981198,DOWN,FLAT,1.1210948341689666,0,"(0.7, 0.8]"
2026-08-03 10:50:19,Siddipet,1,PANIC,0.23829844300694455,0.19497145336931826,0.5667301036237372,0.037445730824891464,0.22883502170767006,0.7337192474674384,0.5667301036237372,0.7337192474674384,DOWN,DOWN,0.12467308908626734,1,"(0.7, 0.8]"
2026-08-03 10:50:19,Raipur,1,PANIC,0.16330408792257686,0.13361243557301744,0.7030834765044057,0.03867367880964598,0.23633914828116984,0.7249871729091842,0.7030834765044057,0.7249871729091842,DOWN,FLAT,1.1102799507634522,0,"(0.7, 0.8]"
2026-08-03 10:50:19,Davangere,1,PANIC,0.16323600875336408,0.1335567344345706,0.7032072568120653,0.03874398581919473,0.2410736895416561,0.7201823246391491,0.7032072568120653,0.7201823246391491,DOWN,DOWN,0.1379155516707353,1,"(0.7, 0.8]"
2026-08-03 10:50:19,Namakkal,1,PANIC,0.15581713293286012,0.12748674512688554,0.7166961219402543,0.03821303304412036,0.2377699833856378,0.7240169835702419,0.7166961219402543,0.7240169835702419,DOWN,UP,1.5057693273035486,0,"(0.7, 0.8]"
2026-08-03 10:50:19,Surat,1,PANIC,0.15834505309498456,0.129555043441351,0.7120999034636645,0.042527339003645206,0.23815309842041313,0.7193195625759418,0.7120999034636645,0.7193195625759418,DOWN,FLAT,1.099639909113592,0,"(0.7, 0.8]"
2026-08-03 10:50:19,Kolkata Sell,1,PANIC,0.22777284256371985,0.18635959846122532,0.5858675589750548,0.039241334205362986,0.22367560497056901,0.7370830608240682,0.5858675589750548,0.7370830608240682,DOWN,FLAT,1.1475108871818058,0,"(0.7, 0.8]"
2026-08-03 10:50:19,Hospet,1,PANIC,0.15366949705798946,0.12572958850199137,0.7206009144400192,0.04222169362511893,0.2448858230256898,0.7128924833491912,0.7206009144400192,0.7128924833491912,DOWN,FLAT,1.08019578449594,0,"(0.7, 0.8]"
2026-08-03 10:50:19,Metapally,1,PANIC,0.22898807394604287,0.18735387868312597,0.5836580473708312,0.03975194784544442,0.2345364922881221,0.7257115598664333,0.5836580473708312,0.7257115598664333,DOWN,DOWN,0.1318217319632285,1,"(0.7, 0.8]"
2026-08-03 10:50:19,Mumbai,1,PANIC,0.15757660708590712,0.12892631488846945,0.7134970780256235,0.04209541627689429,0.2483629560336763,0.7095416276894293,0.7134970780256235,0.7095416276894293,DOWN,DOWN,0.14782224804661695,1,"(0.7, 0.8]"
2026-08-03 10:50:19,Nagpur,1,PANIC,0.15812465219665392,0.12937471543362594,0.7125006323697202,0.041531546907890994,0.2450361267565569,0.7134323263355521,0.7125006323697202,0.7134323263355521,DOWN,DOWN,0.14388860439387127,1,"(0.7, 0.8]"
2026-08-03 10:50:19,Barwala,1,PANIC,0.22838701807823172,0.1868621057003714,0.5847508762213969,0.038382049010924124,0.2264540891644523,0.7351638618246236,0.5847508762213969,0.7351638618246236,DOWN,FLAT,1.1403123615895683,0,"(0.7, 0.8]"
2026-08-03 10:50:19,Mahuva,1,PANIC,0.1522951011681436,0.12460508277393567,0.7230998160579207,0.04064594089860486,0.24387564539162915,0.715478413709766,0.7230998160579207,0.715478413709766,DOWN,FLAT,1.0852854926281013,0,"(0.7, 0.8]"
2026-08-03 10:50:19,Mysuru,1,PANIC,0.14970853925408345,0.12248880484425008,0.7278026559016665,0.040696727983070155,0.24825004069672796,0.7110532313202018,0.7278026559016665,0.7110532313202018,DOWN,FLAT,1.0723809227518997,0,"(0.7, 0.8]"
2026-08-03 10:50:19,Wankaner,1,PANIC,0.14715868943453736,0.12040256408280328,0.7324387464826594,0.04074193202530287,0.2525999785568778,0.7066580894178192,0.7324387464826594,0.7066580894178192,DOWN,FLAT,1.0596323524179765,0,"(0.7, 0.8]"
2026-08-03 10:50:19,Gujrat Necc Selling rate,1,PANIC,0.14464593311063448,0.11834667254506458,0.737007394344301,0.04078173825538902,0.2569249510089508,0.7022933107356601,0.737007394344301,0.7022933107356601,DOWN,FLAT,1.0470395729122357,0,"(0.7, 0.8]"
2026-08-03 10:50:19,Jabalpur,1,PANIC,0.1460697261254961,0.11951159410267863,0.7344186797718253,0.04081632653061225,0.2612244897959184,0.6979591836734694,0.7344186797718253,0.6979591836734694,DOWN,DOWN,0.16113286130778842,1,"(0.6, 0.7]"
2026-08-04 10:58:02,Gujrat Necc Selling rate,1,PANIC,0.19969510448672864,0.1633869036709598,0.6369179918423116,0.034262220191868434,0.21927820922795796,0.7464595705801735,0.6369179918423116,0.7464595705801735,DOWN,FLAT,1.1679023048295174,0,"(0.7, 0.8]"
2026-08-04 10:58:02,Vij/God,1,PANIC,0.20253442384817588,0.16570998314850752,0.6317555930033166,0.034835374761209126,0.2264299359478593,0.7387346892909316,0.6317555930033166,0.7387346892909316,DOWN,FLAT,1.145353088494156,0,"(0.7, 0.8]"
2026-08-04 10:58:02,Nasik,1,PANIC,0.27489875556878435,0.22491716364718717,0.5001840807840285,0.03712871287128713,0.24504950495049502,0.7178217821782178,0.5001840807840285,0.7178217821782178,DOWN,UP,1.5024384864228995,0,"(0.7, 0.8]"
2026-08-04 10:58:02,Benglore,1,PANIC,0.20557504240832433,0.16819776197044717,0.6262271956212285,0.038621900373052444,0.23173140223831468,0.7296466973886327,0.6262271956212285,0.7296466973886327,DOWN,UP,1.5103315962357957,0,"(0.7, 0.8]"
2026-08-04 10:58:02,Davangere,1,PANIC,0.20845541784454275,0.1705544327818986,0.6209901493735587,0.04275534441805225,0.23515439429928742,0.7220902612826604,0.6209901493735587,0.7220902612826604,DOWN,UP,1.4930292652377273,0,"(0.7, 0.8]"
2026-08-04 10:58:02,Namakkal,1,PANIC,0.27393802018630914,0.224131107425162,0.5019308723885288,0.04839138526987503,0.245679340600904,0.7059292741292208,0.5019308723885288,0.7059292741292208,DOWN,UP,1.464253434099291,0,"(0.7, 0.8]"
2026-08-04 10:58:02,Hospet,1,PANIC,0.20452682660966673,0.16734013086245458,0.6281330425278787,0.05018979333614509,0.23660902572754114,0.7132011809363138,0.6281330425278787,0.7132011809363138,DOWN,UP,1.4667791842275237,0,"(0.7, 0.8]"
2026-08-04 10:58:02,Jabalpur,1,PANIC,0.20736382395007597,0.16966131050460762,0.6229748655453164,0.054477534502438515,0.23970115181072948,0.705821313686832,0.6229748655453164,0.705821313686832,DOWN,FLAT,1.0792058671780012,0,"(0.7, 0.8]"
2026-08-04 10:58:02,Wankaner,1,PANIC,0.21022518735056756,0.17200242601410073,0.6177723866353317,0.05514705882352941,0.24632352941176472,0.698529411764706,0.6177723866353317,0.698529411764706,DOWN,DOWN,0.15460099480968853,1,"(0.6, 0.7]"
2026-08-04 10:58:02,Mysuru,1,PANIC,0.19688221376624396,0.16108544762692686,0.6420323386068292,0.054019855947050804,0.24128868989682695,0.7046914541561223,0.6420323386068292,0.7046914541561223,DOWN,FLAT,1.0751510424756836,0,"(0.7, 0.8]"
2026-08-04 10:58:02,Surat,1,PANIC,0.28524645710236624,0.233383464901936,0.4813700779956978,0.0734094616639478,0.33278955954323003,0.5938009787928221,0.4813700779956978,0.5938009787928221,DOWN,DOWN,0.281135484832437,1,"(0.5, 0.6]"
2026-08-04 10:58:02,Kolkata Sell,1,PANIC,0.2645037396040726,0.2164121505851503,0.5190841098107771,0.05508420919336456,0.24971508167658604,0.6952007091300494,0.5190841098107771,0.6952007091300494,DOWN,FLAT,1.0492657547409538,0,"(0.6, 0.7]"
2026-08-04 10:58:02,Raipur,1,PANIC,0.26032361719890607,0.21299205043546857,0.5266843323656254,0.055970149253731345,0.2574626865671642,0.6865671641791045,0.5266843323656254,0.6865671641791045,DOWN,FLAT,1.0258687903764758,0,"(0.6, 0.7]"
2026-08-04 10:58:02,Navapur,1,PANIC,0.19085231287762355,0.15615189235441926,0.6529957947679572,0.05362182502351835,0.25023518344308565,0.6961429915333961,0.6529957947679572,0.6961429915333961,DOWN,FLAT,1.0496376449265423,0,"(0.6, 0.7]"
2026-08-04 10:58:02,Bhopal,1,PANIC,0.1681861815995799,0.13760687585420173,0.6942069425462184,0.05419677598665926,0.25653140633685384,0.6892718176764869,0.6942069425462184,0.6892718176764869,DOWN,FLAT,1.0307784789338528,0,"(0.6, 0.7]"
2026-08-04 10:58:02,Pune,1,PANIC,0.17067910676723952,0.13964654190046868,0.6896743513322918,0.05474452554744525,0.2627737226277372,0.6824817518248175,0.6896743513322918,0.6824817518248175,DOWN,FLAT,1.0122808886994514,0,"(0.6, 0.7]"
2026-08-04 10:58:02,Mahuva,1,PANIC,0.17320603032151802,0.14171402480851475,0.6850799448699673,0.055265995686556435,0.26896117900790795,0.6757728253055356,0.6850799448699673,0.6757728253055356,DOWN,FLAT,0.9941409994981605,0,"(0.6, 0.7]"
2026-08-04 10:58:02,Mumbai,1,PANIC,0.17576645655801593,0.143808919002013,0.6804246244399711,0.055762081784386616,0.275092936802974,0.6691449814126393,0.6804246244399711,0.6691449814126393,DOWN,FLAT,0.976354666187587,0,"(0.6, 0.7]"
2026-08-04 10:58:02,Anand,1,PANIC,0.16572770616725968,0.13559539595503065,0.6986768978777097,0.05623365300784655,0.28116826503923276,0.6625980819529207,0.6986768978777097,0.6625980819529207,DOWN,FLAT,0.958917505125003,0,"(0.6, 0.7]"
2026-08-04 10:58:02,Nagpur,1,PANIC,0.18009928311703305,0.14735395891393613,0.6725467579690309,0.05668155273102027,0.28718653383716936,0.6561319134318103,0.6725467579690309,0.6561319134318103,DOWN,UP,1.4028348859990551,0,"(0.6, 0.7]"
2026-08-04 10:58:02,Siddipet,1,PANIC,0.18274124595621413,0.14951556487326612,0.6677431891705198,0.06091370558375634,0.2893401015228426,0.649746192893401,0.6677431891705198,0.649746192893401,DOWN,UP,1.3877708778891495,0,"(0.6, 0.7]"
2026-08-04 10:58:02,Bilashpur,1,PANIC,0.2541203132706863,0.20791661994874333,0.5379630667805704,0.06076328836619392,0.2716476421076905,0.6675890695261155,0.5379630667805704,0.6675890695261155,DOWN,FLAT,0.9798645002111048,0,"(0.6, 0.7]"
2026-08-04 10:58:02,Metapally,1,PANIC,0.18811848427057998,0.15391512349411088,0.6579663922353092,0.06471367096987753,0.2931148626282688,0.6421714664018537,0.6579663922353092,0.6421714664018537,DOWN,FLAT,0.9162586489081561,0,"(0.6, 0.7]"
2026-08-04 10:58:02,Barwala,1,PANIC,0.24611491739929495,0.2013667505994231,0.552518332001282,0.06119235095613048,0.2807649043869516,0.6580427446569178,0.552518332001282,0.6580427446569178,DOWN,FLAT,0.9540638803726587,0,"(0.6, 0.7]"
2026-08-05 11:06:04,Bilashpur,1,PANIC,0.23544592356431265,0.19263757382534671,0.5719165026103407,0.0620026525198939,0.28812997347480107,0.649867374005305,0.5719165026103407,0.649867374005305,DOWN,FLAT,0.9329308673810411,0,"(0.6, 0.7]"
2026-08-05 11:06:04,Navapur,1,PANIC,0.2562852308143299,0.20968791612081536,0.5340268530648548,0.06277150304083405,0.2953953084274544,0.6418331885317116,0.5340268530648548,0.6418331885317116,DOWN,UP,1.3776054856540718,0,"(0.6, 0.7]"
2026-08-05 11:06:04,Namakkal,1,PANIC,0.3330924663740549,0.27253019976059034,0.3943773338653548,0.17647058823529413,0.7843137254901961,0.03921568627450981,0.3943773338653548,0.7843137254901961,FLAT,FLAT,0.07920030757401002,1,"(0.7, 0.8]"
2026-08-05 11:06:04,Pune,1,PANIC,0.33118896644521967,0.270972790727907,0.3978382428268734,0.17475728155339806,0.7864077669902912,0.038834951456310676,0.3978382428268734,0.7864077669902912,FLAT,FLAT,0.07766990291262137,1,"(0.7, 0.8]"
2026-08-05 11:06:04,Benglore,1,PANIC,0.3292903406196678,0.26941936959790996,0.4012902897824223,0.07069486404833836,0.32205438066465253,0.607250755287009,0.4012902897824223,0.607250755287009,DOWN,FLAT,0.8333615063754438,0,"(0.6, 0.7]"
2026-08-05 11:06:04,Metapally,1,PANIC,0.32739744722395536,0.26787063863778166,0.404731914138263,0.07338380896913221,0.33838089691322076,0.5882352941176471,0.404731914138263,0.5882352941176471,DOWN,FLAT,0.7891457822338472,0,"(0.5, 0.6]"
2026-08-05 11:06:04,Nasik,1,PANIC,0.32551113411037985,0.26632729154485624,0.4081615743447639,0.07584269662921349,0.35393258426966295,0.5702247191011236,0.4081615743447639,0.5702247191011236,DOWN,FLAT,0.7483114505744224,0,"(0.5, 0.6]"
2026-08-05 11:06:04,Davangere,1,PANIC,0.31972121056488795,0.26159008137127193,0.4186887080638402,0.07809110629067245,0.368763557483731,0.5531453362255966,0.4186887080638402,0.5531453362255966,DOWN,UP,1.2918723326165416,0,"(0.5, 0.6]"
2026-08-05 11:06:04,Gujrat Necc Selling rate,1,PANIC,0.23938836216117845,0.19586320540460056,0.564748432434221,0.067926455566905,0.3038815117466803,0.6281920326864148,0.564748432434221,0.6281920326864148,DOWN,UP,1.35573029534421,0,"(0.6, 0.7]"
2026-08-05 11:06:04,Barwala,1,PANIC,0.3137618737458828,0.25671426033754047,0.4295238659165768,0.08842652795838753,0.37581274382314694,0.5357607282184657,0.4295238659165768,0.5357607282184657,DOWN,UP,1.2592409712510633,0,"(0.5, 0.6]"
2026-08-05 11:06:04,Mumbai,1,PANIC,0.23246516155570415,0.1901987685455761,0.5773360698987198,0.07540394973070018,0.3052064631956912,0.6193895870736087,0.5773360698987198,0.6193895870736087,DOWN,FLAT,0.8720672749952458,0,"(0.6, 0.7]"
2026-08-05 11:06:04,Hospet,1,PANIC,0.3077609178269252,0.2518043873129388,0.440434694860136,0.0943584623065402,0.38642036944583125,0.5192211682476285,0.440434694860136,0.5192211682476285,DOWN,FLAT,0.6549741039962772,0,"(0.5, 0.6]"
2026-08-05 11:06:04,Mysuru,1,PANIC,0.22655088824383404,0.18535981765404602,0.58808929410212,0.07568673290473407,0.3135593220338983,0.6107539450613677,0.58808929410212,0.6107539450613677,DOWN,FLAT,0.849949667312378,0,"(0.6, 0.7]"
2026-08-05 11:06:04,Kolkata Sell,1,PANIC,0.28187519158888213,0.23062515675453993,0.4874996516565779,0.09566051306641093,0.4008631023735315,0.5034763845600575,0.4874996516565779,0.5034763845600575,DOWN,UP,1.2320096042815063,0,"(0.5, 0.6]"
2026-08-05 11:06:04,Siddipet,1,PANIC,0.2858041038079793,0.23383972129743763,0.480356174894583,0.10208816705336428,0.4083526682134571,0.48955916473317873,0.480356174894583,0.48955916473317873,DOWN,FLAT,0.6001367348366988,0,"(0.4, 0.5]"
2026-08-05 11:06:04,Mahuva,1,PANIC,0.20968386756582716,0.17155952800840402,0.6187566044257689,0.07549098342702783,0.30539534204570346,0.6191136745272687,0.6187566044257689,0.6191136745272687,DOWN,FLAT,0.871476261417242,0,"(0.6, 0.7]"
2026-08-05 11:06:04,Surat,1,PANIC,0.21252083880222597,0.17388068629273035,0.6135984749050437,0.07599309153713298,0.310880829015544,0.6131260794473229,0.6135984749050437,0.6131260794473229,DOWN,FLAT,0.8565837710781198,0,"(0.6, 0.7]"
2026-08-05 11:06:04,Anand,1,PANIC,0.20261992862165715,0.16577994159953766,0.6316001297788052,0.07647017095835994,0.3163084344186707,0.6072213946229695,0.6316001297788052,0.6072213946229695,DOWN,UP,1.3216761929019354,0,"(0.6, 0.7]"
2026-08-05 11:06:04,Jabalpur,1,PANIC,0.21826306120919067,0.1785788682620651,0.6031580705287443,0.08041958041958042,0.3181818181818182,0.6013986013986015,0.6031580705287443,0.6013986013986015,DOWN,FLAT,0.8330236197369065,0,"(0.6, 0.7]"
2026-08-05 11:06:04,Vij/God,1,PANIC,0.22116615750967902,0.18095412887155554,0.5978797136187655,0.08055299539170507,0.3222119815668203,0.5972350230414747,0.5978797136187655,0.5972350230414747,DOWN,UP,1.3058930280957337,0,"(0.5, 0.6]"
2026-08-05 11:06:04,Nagpur,1,PANIC,0.2978075626348875,0.24366073306490793,0.4585317043002046,0.1094224924012158,0.4194528875379939,0.47112462006079026,0.4585317043002046,0.47112462006079026,DOWN,UP,1.1910274295322474,0,"(0.4, 0.5]"
2026-08-05 11:06:04,Wankaner,1,PANIC,0.22361984070956434,0.1829616878532799,0.5934184714371558,0.08781410429613618,0.3231559038097811,0.5890299918940827,0.5934184714371558,0.5890299918940827,DOWN,FLAT,0.81278557881163,0,"(0.5, 0.6]"
2026-08-05 11:06:04,Bhopal,1,PANIC,0.21538092299477868,0.17622075517754618,0.6083983218276752,0.08627689809175802,0.3209500609013398,0.5927730410069022,0.6083983218276752,0.5927730410069022,DOWN,FLAT,0.8199324010788003,0,"(0.5, 0.6]"
2026-08-06 10:56:49,Navapur,1,NORMAL,0.2081025637569171,0.537549858317962,0.2543475779251209,0.2976190476190476,0.6547619047619048,0.047619047619047616,0.537549858317962,0.6547619047619048,FLAT,FLAT,0.2100340136054422,1,"(0.6, 0.7]"
2026-08-06 10:56:49,Wankaner,1,NORMAL,0.19384821620476686,0.5692261862116292,0.23692559758360393,0.2668575891694871,0.6904451965633949,0.04269721426711794,0.5692261862116292,0.6904451965633949,FLAT,FLAT,0.16886020133419816,1,"(0.6, 0.7]"
2026-08-06 10:56:49,Bilashpur,1,NORMAL,0.23937677764758122,0.1958537271662028,0.564769495186216,0.09006690684508492,0.3386515697375193,0.5712815234173958,0.564769495186216,0.5712815234173958,DOWN,FLAT,0.7718563729173891,0,"(0.5, 0.6]"
2026-08-06 10:56:49,Bhopal,1,NORMAL,0.24191950595123568,0.19793414123282918,0.5601463528159352,0.09071729957805906,0.34472573839662446,0.5645569620253165,0.5601463528159352,0.5645569620253165,DOWN,FLAT,0.756338549733839,0,"(0.5, 0.6]"
2026-08-06 10:56:49,Hospet,1,NORMAL,0.19424462592731398,0.56834527571708,0.237410098355606,0.24932003626473254,0.7107887579329102,0.0398912058023572,0.56834527571708,0.7107887579329102,FLAT,UP,1.0703323746577578,0,"(0.7, 0.8]"
2026-08-06 10:56:49,Jabalpur,1,NORMAL,0.2399624576121265,0.19633291986446713,0.5637046225234064,0.09558823529411764,0.35294117647058826,0.551470588235294,0.5637046225234064,0.551470588235294,DOWN,FLAT,0.7319420415224911,0,"(0.5, 0.6]"
2026-08-06 10:56:49,Gujrat Necc Selling rate,1,NORMAL,0.19850420512688957,0.5588795441624677,0.2426162507106428,0.2632042253521127,0.6963028169014085,0.040492957746478875,0.5588795441624677,0.6963028169014085,FLAT,FLAT,0.16314812289228325,1,"(0.6, 0.7]"
2026-08-06 10:56:49,Davangere,1,NORMAL,0.20076246039249243,0.5538611991277946,0.24537634047971296,0.24236414121380406,0.7203490678302261,0.03728679095596986,0.5538611991277946,0.7203490678302261,FLAT,FLAT,0.1383353255895224,1,"(0.7, 0.8]"
2026-08-06 10:56:49,Benglore,1,NORMAL,0.5486402098866767,0.20311190555099548,0.24824788456232783,0.27338129496402874,0.697841726618705,0.028776978417266185,0.5486402098866767,0.697841726618705,FLAT,FLAT,0.16686506909580245,1,"(0.6, 0.7]"
2026-08-06 10:56:49,Mumbai,1,NORMAL,0.2512363579983839,0.2055570201804959,0.5432066218211202,0.09840877491116946,0.3709253823574849,0.5306658427313455,0.5432066218211202,0.5306658427313455,DOWN,FLAT,0.687025398183363,0,"(0.5, 0.6]"
2026-08-06 10:56:49,Nasik,1,NORMAL,0.21075359778921232,0.5316586715795282,0.2575877306312595,0.23049645390070922,0.7340425531914894,0.03546099290780142,0.5316586715795282,0.7340425531914894,FLAT,FLAT,0.12511946079171068,1,"(0.7, 0.8]"
2026-08-06 10:56:49,Anand,1,NORMAL,0.5255210886708381,0.21351551009812283,0.26096340123103906,0.26024503591043513,0.7110266159695817,0.0287283481199831,0.5255210886708381,0.7110266159695817,FLAT,FLAT,0.15205841337971818,1,"(0.7, 0.8]"
2026-08-06 10:56:49,Surat,1,NORMAL,0.28621369756251946,0.2341748434602432,0.4796114589772373,0.11233307148468186,0.43205027494108406,0.4556166535742341,0.4796114589772373,0.4556166535742341,DOWN,UP,1.182206551070669,0,"(0.4, 0.5]"
2026-08-06 10:56:49,Pune,1,NORMAL,0.15627721290528893,0.6527173046549135,0.1910054824397976,0.4039125431530494,0.5362485615650172,0.05983889528193325,0.6527173046549135,0.5362485615650172,FLAT,FLAT,0.3817914325554418,1,"(0.5, 0.6]"
2026-08-06 10:56:49,Namakkal,1,NORMAL,0.22995310818026957,0.4889930929327343,0.28105379888699616,0.24023210831721473,0.7241779497098646,0.0355899419729207,0.4889930929327343,0.7241779497098646,FLAT,UP,1.1029475960477235,0,"(0.7, 0.8]"
2026-08-06 10:56:49,Nagpur,1,NORMAL,0.23206916560311827,0.4842907431041817,0.2836400912927001,0.2537764350453172,0.7099697885196374,0.036253776435045314,0.4842907431041817,0.7099697885196374,FLAT,FLAT,0.1498343388614562,1,"(0.7, 0.8]"
2026-08-06 10:56:49,Raipur Td,1,NORMAL,0.16389792171433934,0.635782396190357,0.20031968209530365,0.36587771203155817,0.5818540433925049,0.05226824457593688,0.635782396190357,0.5818540433925049,FLAT,FLAT,0.31144451057969497,1,"(0.5, 0.6]"
2026-08-06 10:56:49,Kolkata Sell,1,NORMAL,0.4962623134558458,0.2266819589448694,0.2770557275992848,0.42170818505338076,0.556049822064057,0.022241992882562275,0.4962623134558458,0.556049822064057,FLAT,FLAT,0.3754242600777599,1,"(0.5, 0.6]"
2026-08-06 10:56:49,Mysuru,1,NORMAL,0.16550482050885085,0.6322115099803315,0.2022836695108177,0.3298429319371728,0.6230366492146597,0.04712041884816754,0.6322115099803315,0.6230366492146597,FLAT,FLAT,0.25311806145664867,1,"(0.6, 0.7]"
2026-08-06 10:56:49,Siddipet,1,NORMAL,0.2198212309016529,0.5115083757741047,0.2686703933242424,0.22594661700806953,0.7417752948479206,0.03227808814400993,0.5115083757741047,0.7417752948479206,FLAT,FLAT,0.11877374706250207,1,"(0.7, 0.8]"
2026-08-06 10:56:49,Barwala,1,NORMAL,0.518611636918305,0.21662476338676273,0.26476359969493224,0.2565130260521042,0.7151636606546427,0.028323313293253174,0.518611636918305,0.7151636606546427,FLAT,FLAT,0.14773288282197883,1,"(0.7, 0.8]"
2026-08-06 10:56:49,Metapally,1,NORMAL,0.2135722120913063,0.5253950842415416,0.26103270366715214,0.2150782361308677,0.7541963015647226,0.030725462304409673,0.5253950842415416,0.7541963015647226,FLAT,UP,1.1858582907231554,0,"(0.7, 0.8]"
2026-08-06 10:56:49,Mahuva,1,NORMAL,0.2164357606292881,0.5190316430460264,0.26453259632468545,0.22342064714946072,0.7457627118644068,0.030816640986132512,0.5190316430460264,0.7457627118644068,FLAT,FLAT,0.11550304961289265,1,"(0.7, 0.8]"
2026-08-06 10:56:49,Vij/God,1,NORMAL,0.22317044673208078,0.5040656739287094,0.27276387933920987,0.21145833333333333,0.759375,0.02916666666666667,0.5040656739287094,0.759375,FLAT,FLAT,0.10346571180555554,1,"(0.7, 0.8]"
2026-08-07 11:21:14,Jabalpur,1,NORMAL,0.2795213254993348,0.3788414988903673,0.34163717561029805,0.2148148148148148,0.7555555555555555,0.02962962962962963,0.3788414988903673,0.7555555555555555,FLAT,DOWN,1.558628257887517,0,"(0.7, 0.8]"
2026-08-07 11:21:14,Kolkata Sell,1,NORMAL,0.4403276435528748,0.25185256040120635,0.3078197960459189,0.4138221660345554,0.5587863463969658,0.027391487568478718,0.4403276435528748,0.5587863463969658,FLAT,FLAT,0.3666685668184836,1,"(0.5, 0.6]"
2026-08-07 11:21:14,Davangere,1,NORMAL,0.27963758846402276,0.3785831367466161,0.34177927478936115,0.2116788321167883,0.7518248175182481,0.0364963503649635,0.3785831367466161,0.7518248175182481,FLAT,FLAT,0.10773083275614045,1,"(0.7, 0.8]"
2026-08-07 11:21:14,Bhopal,1,NORMAL,0.2771441136851287,0.3841241918108251,0.3387316945040462,0.2101449275362319,0.7536231884057972,0.036231884057971016,0.3841241918108251,0.7536231884057972,FLAT,FLAT,0.1061751732829237,1,"(0.7, 0.8]"
2026-08-07 11:21:14,Mumbai,1,NORMAL,0.3426997366031177,0.280390693584369,0.3769095698125133,0.20863309352517986,0.7553956834532374,0.03597122302158273,0.3769095698125133,0.7553956834532374,FLAT,FLAT,0.10465296827286373,1,"(0.7, 0.8]"
2026-08-07 11:21:14,Pune,1,NORMAL,0.2771574526456897,0.3840945496762451,0.3387479976780652,0.20714285714285716,0.7571428571428572,0.03571428571428572,0.3840945496762451,0.7571428571428572,FLAT,FLAT,0.10316326530612242,1,"(0.7, 0.8]"
2026-08-07 11:21:14,Siddipet,1,NORMAL,0.28538038515077596,0.365821366331609,0.3487982485176151,0.20567375886524822,0.7588652482269502,0.035460992907801414,0.365821366331609,0.7588652482269502,FLAT,FLAT,0.10170514561641773,1,"(0.7, 0.8]"
2026-08-07 11:21:14,Wankaner,1,NORMAL,0.2865832056278392,0.3631484319381352,0.3502683624340257,0.20422535211267606,0.7605633802816901,0.035211267605633804,0.3631484319381352,0.7605633802816901,FLAT,FLAT,0.10027772267407262,1,"(0.7, 0.8]"
2026-08-07 11:21:14,Barwala,1,NORMAL,0.4257560030641125,0.2584097986211494,0.31583419831473813,0.3990628660679422,0.5745802420929325,0.026356891839125342,0.4257560030641125,0.5745802420929325,FLAT,DOWN,1.437374527747102,0,"(0.5, 0.6]"
2026-08-07 11:21:14,Anand,1,NORMAL,0.28867194196938745,0.3585067956235834,0.35282126240702916,0.2013888888888889,0.7569444444444444,0.041666666666666664,0.3585067956235834,0.7569444444444444,FLAT,FLAT,0.10136959876543211,1,"(0.7, 0.8]"
2026-08-07 11:21:14,Surat,1,NORMAL,0.2841844709803385,0.3684789533770257,0.3473365756426359,0.2,0.7586206896551724,0.041379310344827586,0.3684789533770257,0.7586206896551724,FLAT,FLAT,0.09997621878715818,1,"(0.7, 0.8]"
2026-08-07 11:21:14,Nasik,1,NORMAL,0.2759302109239854,0.3868217535022546,0.33724803557375993,0.19863013698630136,0.7602739726027398,0.0410958904109589,0.3868217535022546,0.7602739726027398,FLAT,FLAT,0.09861137173953835,1,"(0.7, 0.8]"
2026-08-07 11:21:14,Gujrat Necc Selling rate,1,NORMAL,0.26594488465350463,0.4090113674366565,0.325043747909839,0.22618384401114205,0.7270194986072424,0.0467966573816156,0.4090113674366565,0.7270194986072424,FLAT,FLAT,0.12786741257439033,1,"(0.7, 0.8]"
2026-08-07 11:21:14,Mahuva,1,NORMAL,0.2735037356558974,0.3922139207646724,0.3342823435794302,0.19727891156462585,0.7619047619047619,0.04081632653061225,0.3922139207646724,0.7619047619047619,FLAT,FLAT,0.09727428386320516,1,"(0.7, 0.8]"
2026-08-07 11:21:14,Vij/God,1,NORMAL,0.26724630542110883,0.4061193212864248,0.32663437329246636,0.2013406751256883,0.7570026334689969,0.04165669140531482,0.4061193212864248,0.7570026334689969,FLAT,FLAT,0.10132106753990826,1,"(0.7, 0.8]"
2026-08-07 11:21:14,Mysuru,1,NORMAL,0.2899380565327914,0.355693207704908,0.35436873576230066,0.19594594594594594,0.7635135135135136,0.04054054054054054,0.355693207704908,0.7635135135135136,FLAT,FLAT,0.0959642074506939,1,"(0.7, 0.8]"
2026-08-07 11:21:14,Namakkal,1,NORMAL,0.4331661840282967,0.25507521718726645,0.3117585987844368,0.3715083798882682,0.5970670391061453,0.031424581005586594,0.4331661840282967,0.5970670391061453,FLAT,UP,0.7524782700290256,0,"(0.5, 0.6]"
2026-08-07 11:21:14,Metapally,1,NORMAL,0.262588581304383,0.4164698193235934,0.32094159937202366,0.18639850715322417,0.7750362844702469,0.03856520837652914,0.4164698193235934,0.7750362844702469,FLAT,FLAT,0.08684035207102737,1,"(0.7, 0.8]"
2026-08-07 11:21:14,Navapur,1,NORMAL,0.2747121533254334,0.3895285481657036,0.33575929850886305,0.19463087248322147,0.7651006711409396,0.040268456375838924,0.3895285481657036,0.7651006711409396,FLAT,FLAT,0.09468041980090985,1,"(0.7, 0.8]"
2026-08-07 11:21:14,Benglore,1,NORMAL,0.4569181831539979,0.24438681758070094,0.2986949992653012,0.41038525963149075,0.5603776458047814,0.029237094563727726,0.4569181831539979,0.5603776458047814,FLAT,FLAT,0.36253868332948064,1,"(0.5, 0.6]"
2026-08-07 11:21:14,Bilashpur,1,NORMAL,0.3000592305500459,0.2455030068136739,0.4544377626362802,0.12777036048064086,0.5110814419225634,0.36114819759679573,0.4544377626362802,0.5110814419225634,FLAT,DOWN,0.6856611307288223,0,"(0.5, 0.6]"
2026-08-07 11:21:14,Nagpur,1,NORMAL,0.271117562536116,0.39751652769752,0.33136590976636404,0.19205298013245034,0.7682119205298014,0.03973509933774834,0.39751652769752,0.7682119205298014,FLAT,FLAT,0.09218893908161921,1,"(0.7, 0.8]"
2026-08-07 11:21:14,Hospet,1,NORMAL,0.4573056025428758,0.2442124788557059,0.2984819186014184,0.3949652777777778,0.5755208333333333,0.02951388888888889,0.4573056025428758,0.5755208333333333,FLAT,FLAT,0.3370512032214507,1,"(0.5, 0.6]"
2026-08-07 11:21:14,Raipur Td,1,NORMAL,0.28686332440828427,0.3625259457593684,0.3506107298323474,0.18954248366013074,0.7712418300653595,0.03921568627450981,0.3625259457593684,0.7712418300653595,FLAT,DOWN,1.553846811055577,0,"(0.7, 0.8]"
2026-08-08 10:47:50,Gujrat Necc Selling rate,1,PANIC,0.26452869340470847,0.21643256733112512,0.5190387392641664,0.09931506849315068,0.4041095890410959,0.4965753424657534,0.5190387392641664,0.4965753424657534,DOWN,DOWN,0.42660442859823605,1,"(0.4, 0.5]"
2026-08-08 10:47:50,Jabalpur,1,PANIC,0.21832441092603777,0.17862906348493998,0.6030465255890223,0.08331156960041787,0.3389919038913555,0.5776965265082267,0.6030465255890223,0.5776965265082267,DOWN,FLAT,0.7776057974901305,0,"(0.5, 0.6]"
2026-08-08 10:47:50,Pune,1,PANIC,0.2614726724614945,0.2139321865594046,0.5245951409791009,0.09631241410902427,0.3952130096197892,0.5084745762711864,0.5245951409791009,0.5084745762711864,DOWN,FLAT,0.6335897795588239,0,"(0.5, 0.6]"
2026-08-08 10:47:50,Metapally,1,PANIC,0.25926115270766703,0.212122761306273,0.52861608598606,0.09665028526238491,0.3999322148788341,0.503417499858781,0.52861608598606,0.503417499858781,DOWN,FLAT,0.6228518035455879,0,"(0.5, 0.6]"
2026-08-08 10:47:50,Anand,1,PANIC,0.26883332976907137,0.21995454253833113,0.5112121276925975,0.09696834596522513,0.4045920641997325,0.49843958983504233,0.5112121276925975,0.49843958983504233,DOWN,DOWN,0.42466044357747257,1,"(0.4, 0.5]"
2026-08-08 10:47:50,Mysuru,1,PANIC,0.2644084912265301,0.2163342200944337,0.5192572886790362,0.09466474019371755,0.39498046770482154,0.5103547921014608,0.5192572886790362,0.5103547921014608,DOWN,FLAT,0.6354720613155458,0,"(0.5, 0.6]"
2026-08-08 10:47:50,Bhopal,1,PANIC,0.26219068907955706,0.2145196547014558,0.5232896562189872,0.0949664606771246,0.39951407595204147,0.505519463370834,0.5232896562189872,0.505519463370834,DOWN,FLAT,0.6251519014800064,0,"(0.5, 0.6]"
2026-08-08 10:47:50,Siddipet,1,PANIC,0.2599926456905491,0.21272125556499472,0.5272860987444562,0.09525050831552057,0.4039935352692769,0.5007559564152024,0.5272860987444562,0.5007559564152024,DOWN,FLAT,0.6150528932204837,0,"(0.5, 0.6]"
2026-08-08 10:47:50,Raipur Td,1,PANIC,0.20945388862995126,0.17137136342450557,0.6191747479455432,0.08157524613220815,0.3488045007032349,0.569620253164557,0.6191747479455432,0.569620253164557,DOWN,FLAT,0.7551773319011477,0,"(0.5, 0.6]"
2026-08-08 10:47:50,Vij/God,1,PANIC,0.25565877391910274,0.20917536047926588,0.5351658656016314,0.09503814839469506,0.40964719135644423,0.4953146602488606,0.5351658656016314,0.4953146602488606,DOWN,FLAT,0.6028853009810711,0,"(0.4, 0.5]"
2026-08-08 10:47:50,Mumbai,1,PANIC,0.260216257705993,0.21290421085035788,0.5268795314436492,0.09528864624406026,0.4140127388535032,0.4906986149024366,0.5268795314436492,0.4906986149024366,DOWN,FLAT,0.5932461269961681,0,"(0.4, 0.5]"
2026-08-08 10:47:50,Davangere,1,PANIC,0.26595419507781587,0.21759888688184933,0.5164469180403348,0.09552328192843239,0.41832609672106597,0.4861506213505015,0.5164469180403348,0.4861506213505015,DOWN,DOWN,0.448162604526737,1,"(0.4, 0.5]"
2026-08-08 10:47:50,Hospet,1,PANIC,0.2672294689935693,0.21864229281292033,0.5141282381935104,0.093404480338429,0.40904720699932706,0.49754831266224403,0.5141282381935104,0.49754831266224403,DOWN,DOWN,0.4285017126098004,1,"(0.4, 0.5]"
2026-08-08 10:47:50,Nasik,1,PANIC,0.3369106120835146,0.2756541371592392,0.3874352507572463,0.17791411042944785,0.7791411042944786,0.04294478527607362,0.3874352507572463,0.7791411042944786,FLAT,FLAT,0.08227633708457223,1,"(0.7, 0.8]"
2026-08-08 10:47:50,Nagpur,1,PANIC,0.33882350278450396,0.2772192295509578,0.3839572676645383,0.17682926829268292,0.7804878048780487,0.04268292682926829,0.3839572676645383,0.7804878048780487,FLAT,DOWN,1.5568857822724569,0,"(0.7, 0.8]"
2026-08-08 10:47:50,Surat,1,PANIC,0.319576525541833,0.2614717027160452,0.4189517717421218,0.11286556210385856,0.498165239630824,0.3889691982653175,0.4189517717421218,0.498165239630824,FLAT,DOWN,0.634265881753985,0,"(0.4, 0.5]"
2026-08-08 10:47:50,Bilashpur,1,PANIC,0.24030866918591004,0.19661618387938093,0.5630751469347091,0.09049607636180074,0.3994309577348446,0.5100729659033546,0.5630751469347091,0.5100729659033546,DOWN,FLAT,0.6290471449096116,0,"(0.5, 0.6]"
2026-08-08 10:47:50,Mahuva,1,PANIC,0.3053832906203302,0.24985905596208835,0.4447576534175814,0.10656323364295191,0.47402265999795856,0.4194141063590895,0.4447576534175814,0.47402265999795856,FLAT,DOWN,0.5731331848507972,0,"(0.4, 0.5]"
2026-08-08 10:47:50,Kolkata Sell,1,PANIC,0.25805804920910375,0.21113840389835759,0.5308035468925387,0.09057167428597293,0.40288779251346585,0.5065405332005612,0.5308035468925387,0.5065405332005612,DOWN,FLAT,0.6213295282875151,0,"(0.5, 0.6]"
2026-08-08 10:47:50,Wankaner,1,PANIC,0.2931516021338299,0.2398513108367699,0.4669970870294003,0.10112147771180849,0.4533031759494864,0.4455753463387051,0.4669970870294003,0.4533031759494864,FLAT,DOWN,0.5230960191679576,0,"(0.4, 0.5]"
2026-08-08 10:47:50,Namakkal,1,PANIC,0.28026387859429697,0.22930680975897022,0.4904293116467328,0.09684506547148256,0.4341330521135425,0.4690218824149749,0.4904293116467328,0.4690218824149749,DOWN,FLAT,0.5495658956005971,0,"(0.4, 0.5]"
2026-08-08 10:47:50,Benglore,1,PANIC,0.2825195645685113,0.23115237101060013,0.4863280644208886,0.09754204398447607,0.440620957309185,0.461836998706339,0.4863280644208886,0.461836998706339,DOWN,DOWN,0.4932806943261331,1,"(0.4, 0.5]"
2026-08-08 10:47:50,Barwala,1,PANIC,0.22258438390890958,0.18211449592547146,0.595301120165619,0.09005012642505433,0.4067781572993834,0.5031717162755622,0.595301120165619,0.5031717162755622,DOWN,DOWN,0.4204158380336206,1,"(0.5, 0.6]"
2026-08-08 10:47:50,Navapur,1,PANIC,0.29094300504380605,0.23804427685402313,0.4710127181021709,0.09362389023405972,0.4229217110573042,0.48345439870863594,0.4710127181021709,0.48345439870863594,DOWN,FLAT,0.5755129400223175,0,"(0.4, 0.5]"
2026-08-09 11:10:16,Bhopal,1,PANIC,0.2600493736793335,0.21276766937400013,0.5271829569466664,0.08780009381263058,0.39964180631955987,0.5125580998678094,0.5271829569466664,0.5125580998678094,DOWN,DOWN,0.40502203583634777,1,"(0.5, 0.6]"
2026-08-09 11:10:16,Kolkata Sell,1,PANIC,0.25179267008244954,0.20601218461291326,0.5421951453046372,0.08608534322820037,0.3918367346938775,0.522077922077922,0.5421951453046372,0.522077922077922,DOWN,DOWN,0.38935622553963395,1,"(0.5, 0.6]"
2026-08-09 11:10:16,Raipur Td,1,PANIC,0.19887670045483077,0.16271730037213428,0.638405999173035,0.07768952389904593,0.3536212811956573,0.5686891949052968,0.638405999173035,0.5686891949052968,DOWN,DOWN,0.3171126832295596,1,"(0.5, 0.6]"
2026-08-09 11:10:16,Jabalpur,1,PANIC,0.19309246885908055,0.15798474724833864,0.6489227838925808,0.07616028978944984,0.34666062938646136,0.5771790808240886,0.6489227838925808,0.5771790808240886,DOWN,DOWN,0.3047515114001931,1,"(0.5, 0.6]"
2026-08-09 11:10:16,Vij/God,1,PANIC,0.24116638319187184,0.19731794988425874,0.5615156669238694,0.08417160351477078,0.3831259194465429,0.5327024770386863,0.5615156669238694,0.5327024770386863,DOWN,DOWN,0.37223730395578614,1,"(0.5, 0.6]"
2026-08-09 11:10:16,Anand,1,PANIC,0.18664779924125163,0.15271183574284222,0.6606403650159062,0.07458262499455125,0.33947953445795737,0.5859378405474914,0.6606403650159062,0.5859378405474914,DOWN,FLAT,0.7851730063364122,0,"(0.5, 0.6]"
2026-08-09 11:10:16,Bilashpur,1,PANIC,0.18900607966767677,0.15464133790991735,0.6563525824224059,0.07498060846332846,0.34387658364216156,0.5811428078945101,0.6563525824224059,0.5811428078945101,DOWN,DOWN,0.29931454380143074,1,"(0.5, 0.6]"
2026-08-09 11:10:16,Mahuva,1,PANIC,0.1843999242921093,0.15087266532990762,0.6647274103779831,0.07362550464061265,0.33766179714487865,0.5887126982145087,0.6647274103779831,0.5887126982145087,DOWN,DOWN,0.28859344879468385,1,"(0.5, 0.6]"
2026-08-09 11:10:16,Nasik,1,PANIC,0.18030002818254773,0.14751820487662995,0.6721817669408223,0.07234830194752938,0.3318042813455658,0.5958474167069049,0.6721817669408223,0.5958474167069049,DOWN,FLAT,0.8067539392190988,0,"(0.5, 0.6]"
2026-08-09 11:10:16,Siddipet,1,PANIC,0.20650723156710776,0.16896046219126998,0.6245323062416223,0.07271641791044776,0.336,0.5912835820895522,0.6245323062416223,0.5912835820895522,DOWN,FLAT,0.7957999518823791,0,"(0.5, 0.6]"
2026-08-09 11:10:16,Pune,1,PANIC,0.2371550034022065,0.19403591187453256,0.568809084723261,0.08122941822173435,0.3781369468942806,0.540633634883985,0.568809084723261,0.540633634883985,DOWN,FLAT,0.6855966023704783,0,"(0.5, 0.6]"
2026-08-09 11:10:16,Wankaner,1,PANIC,0.18256340387131326,0.14937005771289266,0.6680665384157941,0.07275007839448103,0.3411727814361869,0.5860771401693321,0.6680665384157941,0.5860771401693321,DOWN,FLAT,0.7828322920559965,0,"(0.5, 0.6]"
2026-08-09 11:10:16,Benglore,1,PANIC,0.21437218530475724,0.1753954243402559,0.6102323903549869,0.07309034509499805,0.34528887165568045,0.5816207832493214,0.6102323903549869,0.5816207832493214,DOWN,DOWN,0.29960777244427017,1,"(0.5, 0.6]"
2026-08-09 11:10:16,Namakkal,1,PANIC,0.2582113113233336,0.21126380017363655,0.5305248885030299,0.08094227978117674,0.38238249413866254,0.5366752260801608,0.5305248885030299,0.5366752260801608,DOWN,FLAT,0.6760233344907453,0,"(0.5, 0.6]"
2026-08-09 11:10:16,Navapur,1,PANIC,0.20644213518772572,0.16890720151723013,0.6246506632950442,0.07155942722548324,0.3405241709350581,0.5879164018394586,0.6246506632950442,0.5879164018394586,DOWN,FLAT,0.7856748162975873,0,"(0.5, 0.6]"
2026-08-09 11:10:16,Metapally,1,PANIC,0.20385244550696927,0.1667883645057021,0.6293591899873286,0.0718804335762643,0.34453035403795645,0.5835892123857793,0.6293591899873286,0.5835892123857793,DOWN,FLAT,0.7753836223217727,0,"(0.5, 0.6]"
2026-08-09 11:10:16,Davangere,1,PANIC,0.20129087915360674,0.16469253748931462,0.6340165833570787,0.07218947907896181,0.3485009334846432,0.5793095874363949,0.6340165833570787,0.5793095874363949,DOWN,FLAT,0.7652619526557993,0,"(0.5, 0.6]"
2026-08-09 11:10:16,Nagpur,1,PANIC,0.19875814911649842,0.1626203038225896,0.638621547060912,0.07248686832095634,0.3524361528708567,0.5750769788081869,0.638621547060912,0.5750769788081869,DOWN,FLAT,0.7553068137428279,0,"(0.5, 0.6]"
2026-08-09 11:10:16,Gujrat Necc Selling rate,1,PANIC,0.19625492598171793,0.16057221216686013,0.643172861851422,0.0727728983688833,0.35633626097867,0.5708908406524467,0.643172861851422,0.5708908406524467,DOWN,FLAT,0.7455152556087838,0,"(0.5, 0.6]"
2026-08-09 11:10:16,Barwala,1,PANIC,0.20253740602648676,0.16571242311258005,0.6317501708609332,0.0730478589420655,0.3602015113350126,0.5667506297229219,0.6317501708609332,0.5667506297229219,DOWN,DOWN,0.3227861353095318,1,"(0.5, 0.6]"
2026-08-09 11:10:16,Mysuru,1,PANIC,0.24690925541944356,0.20201666352499925,0.5510740810555572,0.07923782131943197,0.3907244292647852,0.5300377494157829,0.5510740810555572,0.5300377494157829,DOWN,FLAT,0.6584353692279203,0,"(0.5, 0.6]"
2026-08-09 11:10:16,Hospet,1,PANIC,0.20816533975624235,0.1703170961641983,0.6215175640795594,0.07157057654075547,0.3553849317885789,0.5730444916706656,0.6215175640795594,0.5730444916706656,DOWN,DOWN,0.31371180326150927,1,"(0.5, 0.6]"
2026-08-09 11:10:16,Mumbai,1,PANIC,0.2564740883124596,0.2098424358920124,0.533683475795528,0.07930814036084671,0.3938059383435147,0.5268859212956386,0.533683475795528,0.5268859212956386,DOWN,DOWN,0.3852098296703885,1,"(0.5, 0.6]"
2026-08-09 11:10:16,Surat,1,PANIC,0.21170282245178965,0.17321140018782788,0.6150857773603825,0.07033689946175826,0.3492590869825238,0.580404013555718,0.6150857773603825,0.580404013555718,DOWN,FLAT,0.7652798342522982,0,"(0.5, 0.6]"
2026-08-10 11:05:10,Navapur,1,PANIC,0.2100974213383997,0.17189789018596338,0.6180046884756369,0.07059442744827131,0.3529721372413566,0.576433435310372,0.6180046884756369,0.576433435310372,DOWN,UP,1.3206595533026548,0,"(0.5, 0.6]"
2026-08-10 11:05:10,Bilashpur,1,PANIC,0.21272656980506063,0.17404901165868597,0.6132244185362534,0.07328512800469025,0.3542114520226695,0.5725034199726402,0.6132244185362534,0.5725034199726402,DOWN,FLAT,0.7501737245657019,0,"(0.5, 0.6]"
2026-08-10 11:05:10,Gujrat Necc Selling rate,1,PANIC,0.21538139166366876,0.17622113863391078,0.6083974697024205,0.07353178314574128,0.35785467797594095,0.5686135388783178,0.6083974697024205,0.5686135388783178,DOWN,UP,1.3097246839860983,0,"(0.5, 0.6]"
2026-08-10 11:05:10,Jabalpur,1,PANIC,0.2180610155829426,0.17841355820422575,0.6035254262128317,0.07622788529092418,0.35900875007983646,0.5647633646292393,0.6035254262128317,0.5647633646292393,DOWN,FLAT,0.7356381309974789,0,"(0.5, 0.6]"
2026-08-10 11:05:10,Pune,1,PANIC,0.26537454317271575,0.21712462623222195,0.5175008305950624,0.08154593282072035,0.386685552407932,0.5317685147713477,0.5175008305950624,0.5317685147713477,DOWN,FLAT,0.6655821040868899,0,"(0.5, 0.6]"
2026-08-10 11:05:10,Barwala,1,PANIC,0.22349098732975392,0.18285626236070776,0.5936527503095383,0.08175050906299029,0.3902927529458891,0.5279567379911206,0.5936527503095383,0.5279567379911206,DOWN,UP,1.274248877798383,0,"(0.5, 0.6]"
2026-08-10 11:05:10,Mahuva,1,PANIC,0.22623939838181367,0.185104962312393,0.5886556393057933,0.08458895056833203,0.3912238963785356,0.5241871530531325,0.5886556393057933,0.5241871530531325,DOWN,UP,1.2658056979451389,0,"(0.5, 0.6]"
2026-08-10 11:05:10,Kolkata Sell,1,PANIC,0.2290087401262269,0.18737078737600382,0.5836204724977693,0.08743008536944362,0.39211068589932296,0.5204592287312334,0.5836204724977693,0.5204592287312334,DOWN,FLAT,0.6480512467970101,0,"(0.5, 0.6]"
2026-08-10 11:05:10,Metapally,1,PANIC,0.23179795366434675,0.18965287117992005,0.5785491751557332,0.08761818417303457,0.3956093770237016,0.5167724388032638,0.5785491751557332,0.5167724388032638,DOWN,FLAT,0.6400187248461311,0,"(0.5, 0.6]"
2026-08-10 11:05:10,Hospet,1,PANIC,0.2207645306612055,0.18062552508644084,0.5986099442523537,0.08779690354841813,0.39907683431099145,0.5131262621405904,0.5986099442523537,0.5131262621405904,DOWN,FLAT,0.6321155082327639,0,"(0.5, 0.6]"
2026-08-10 11:05:10,Raipur Td,1,PANIC,0.202372120594435,0.165577189577265,0.6320506898283,0.07940768162887551,0.36335030078667285,0.5572420175844517,0.6320506898283,0.5572420175844517,DOWN,UP,1.2900323238872777,0,"(0.5, 0.6]"
2026-08-10 11:05:10,Wankaner,1,PANIC,0.20491942751398542,0.16766134978416988,0.6274192227018447,0.08206036905780276,0.36444458022730053,0.5534950507148968,0.6274192227018447,0.5534950507148968,DOWN,UP,1.2817897892772367,0,"(0.5, 0.6]"
2026-08-10 11:05:10,Nasik,1,PANIC,0.2574388837345812,0.21063181396465733,0.5319293023007615,0.09252265861027191,0.39916918429003023,0.5083081570996979,0.5319293023007615,0.5083081570996979,DOWN,FLAT,0.6279352940371117,0,"(0.5, 0.6]"
2026-08-10 11:05:10,Davangere,1,PANIC,0.18718865886491784,0.1531543572531146,0.6596569838819676,0.0843754708452614,0.3664306162422781,0.5491939129124604,0.6596569838819676,0.5491939129124604,DOWN,DOWN,0.3446167447552335,1,"(0.5, 0.6]"
2026-08-10 11:05:10,Benglore,1,PANIC,0.1827915816706475,0.14955674863962065,0.6676516696897319,0.08313051637685834,0.36102395683664196,0.5558455267864997,0.6676516696897319,0.5558455267864997,DOWN,FLAT,0.7241653161383459,0,"(0.5, 0.6]"
2026-08-10 11:05:10,Nagpur,1,PANIC,0.18508912797822544,0.15143655925491173,0.6634743127668629,0.08336237945858023,0.36441268734750787,0.552224933193912,0.6634743127668629,0.552224933193912,DOWN,FLAT,0.7158728951548337,0,"(0.5, 0.6]"
2026-08-10 11:05:10,Siddipet,1,PANIC,0.18741923311567893,0.1533430089128282,0.6592377579714929,0.0835850956696878,0.3677744209466264,0.5486404833836858,0.6592377579714929,0.5486404833836858,DOWN,FLAT,0.7077020310349689,0,"(0.5, 0.6]"
2026-08-10 11:05:10,Surat,1,PANIC,0.1848597351997104,0.1512488742543085,0.6638913905459811,0.08379888268156425,0.37110933758978454,0.5450917797286512,0.6638913905459811,0.5450917797286512,DOWN,FLAT,0.6996507663331866,0,"(0.5, 0.6]"
2026-08-10 11:05:10,Mumbai,1,PANIC,0.19217545162558544,0.15723446042093353,0.650590087953481,0.08400395312720599,0.37441761965268955,0.5415784272201045,0.650590087953481,0.5415784272201045,DOWN,FLAT,0.6917171715722068,0,"(0.5, 0.6]"
2026-08-10 11:05:10,Anand,1,PANIC,0.19460062666556233,0.15921869454455098,0.6461806787898867,0.08420051471410987,0.37769945171757857,0.5381000335683116,0.6461806787898867,0.5381000335683116,DOWN,UP,1.2708972192038788,0,"(0.5, 0.6]"
2026-08-10 11:05:10,Mysuru,1,PANIC,0.2515321147298458,0.20579900296078293,0.5426688823093713,0.0928933547858292,0.40511824170486627,0.5019884035093045,0.5426688823093713,0.5019884035093045,DOWN,FLAT,0.6145058389734963,0,"(0.5, 0.6]"
2026-08-10 11:05:10,Bhopal,1,PANIC,0.19847637180659367,0.16238975875084935,0.639133869442557,0.08645724065588252,0.3794512228785955,0.534091536465522,0.639133869442557,0.534091536465522,DOWN,FLAT,0.6778094085728017,0,"(0.5, 0.6]"
2026-08-10 11:05:10,Namakkal,1,PANIC,0.24572252893854665,0.20104570549517453,0.5532317655662788,0.0926890605352973,0.4093766840308964,0.49793425543380637,0.5532317655662788,0.49793425543380637,DOWN,FLAT,0.6053656860436748,0,"(0.4, 0.5]"
2026-08-11 11:11:53,Pune,1,PANIC,0.27091754350420255,0.22165980832162024,0.5074226481741773,0.09284951974386338,0.4126645321949484,0.4944859480611881,0.5074226481741773,0.4944859480611881,DOWN,DOWN,0.4344575061559376,1,"(0.4, 0.5]"
2026-08-11 11:11:53,Mahuva,1,PANIC,0.24098835339623473,0.19717228914237384,0.5618393574613915,0.0913679231678828,0.4060796585239235,0.5025524183081937,0.5618393574613915,0.5025524183081937,DOWN,DOWN,0.4207028829819447,1,"(0.5, 0.6]"
2026-08-11 11:11:53,Vij/God,1,PANIC,0.19498924556578262,0.15953665546291304,0.6454740989713044,0.08604019554589896,0.3824008690928843,0.5315589353612168,0.6454740989713044,0.5315589353612168,DOWN,DOWN,0.3730703709724864,1,"(0.5, 0.6]"
2026-08-11 11:11:53,Wankaner,1,PANIC,0.2503922262163964,0.20486636690432433,0.5447414068792793,0.0898233809924306,0.39921502663302494,0.5109615923745444,0.5447414068792793,0.5109615923745444,DOWN,DOWN,0.4065994413953594,1,"(0.5, 0.6]"
2026-08-11 11:11:53,Nasik,1,PANIC,0.20529968000731785,0.16797246546053277,0.6267278545321494,0.0846924479923872,0.37641087996616535,0.5388966720414475,0.6267278545321494,0.5388966720414475,DOWN,DOWN,0.36147424035829856,1,"(0.5, 0.6]"
2026-08-11 11:11:53,Mumbai,1,PANIC,0.202759366152544,0.16589402685208143,0.6313466069953746,0.08352668213457076,0.37122969837587005,0.5452436194895591,0.6313466069953746,0.5452436194895591,DOWN,FLAT,0.699619403426984,0,"(0.5, 0.6]"
2026-08-11 11:11:53,Bilashpur,1,PANIC,0.2002477850482629,0.16383909685766965,0.6359131180940675,0.08370595600071544,0.37435163655875514,0.5419424074405294,0.6359131180940675,0.5419424074405294,DOWN,FLAT,0.6921441347291384,0,"(0.5, 0.6]"
2026-08-11 11:11:53,Navapur,1,PANIC,0.2575308962954618,0.21070709696901416,0.5317620067355241,0.08765522279035792,0.39444850255661074,0.5178962746530315,0.5317620067355241,0.5178962746530315,DOWN,DOWN,0.3956970612450051,1,"(0.5, 0.6]"
2026-08-11 11:11:53,Benglore,1,PANIC,0.20203530666509886,0.1653016145441718,0.6326630787907294,0.08375056895766954,0.3768775603095129,0.5393718707328174,0.6326630787907294,0.5393718707328174,DOWN,FLAT,0.6862177475843771,0,"(0.5, 0.6]"
2026-08-11 11:11:53,Anand,1,PANIC,0.2637669910520407,0.215809356315306,0.5204236526326533,0.08604522890237176,0.389593675307961,0.5243610957896673,0.5204236526326533,0.5243610957896673,DOWN,DOWN,0.38541938045523255,1,"(0.5, 0.6]"
2026-08-11 11:11:53,Jabalpur,1,PANIC,0.21031495528138877,0.17207587250295445,0.6176091722156568,0.08379007432990465,0.3793828365492905,0.5368270891208048,0.6176091722156568,0.5368270891208048,DOWN,FLAT,0.6803697637397321,0,"(0.5, 0.6]"
2026-08-11 11:11:53,Surat,1,PANIC,0.2077187028981933,0.1699516660076127,0.622329631094194,0.08394939221036964,0.38243612006946165,0.5336144877201687,0.622329631094194,0.5336144877201687,DOWN,FLAT,0.6731770677522089,0,"(0.5, 0.6]"
2026-08-11 11:11:53,Kolkata Sell,1,PANIC,0.2346059462879391,0.191950319690132,0.5734437340219289,0.08418270086165264,0.38583737894924125,0.529979920189106,0.5734437340219289,0.529979920189106,DOWN,DOWN,0.37687608554422203,1,"(0.5, 0.6]"
2026-08-11 11:11:53,Metapally,1,PANIC,0.21568624862885719,0.17647056705997405,0.6078431843111688,0.08397790055248619,0.3848987108655617,0.5311233885819521,0.6078431843111688,0.5311233885819521,DOWN,DOWN,0.3750445821420456,1,"(0.5, 0.6]"
2026-08-11 11:11:53,Namakkal,1,PANIC,0.2789240277668533,0.22821056817288,0.4928654040602667,0.09540430482838859,0.43726973046344775,0.4673259647081636,0.4928654040602667,0.4673259647081636,DOWN,FLAT,0.5441608949228847,0,"(0.4, 0.5]"
2026-08-11 11:11:53,Gujrat Necc Selling rate,1,PANIC,0.2831282049887861,0.23165034953627953,0.4852214454749344,0.09609762298207702,0.44311681708402184,0.4607855599339011,0.4852214454749344,0.4607855599339011,DOWN,DOWN,0.4963394791012765,1,"(0.4, 0.5]"
2026-08-11 11:11:53,Davangere,1,PANIC,0.2210646303616124,0.18087106120495558,0.5980643084334321,0.08247117942654449,0.38028377180017736,0.5372450487732782,0.5980643084334321,0.5372450487732782,DOWN,FLAT,0.679481941361622,0,"(0.5, 0.6]"
2026-08-11 11:11:53,Bhopal,1,PANIC,0.2237897461927634,0.18310070143044277,0.5931095523767939,0.08263332682164484,0.3833268216448525,0.5340398515335026,0.5931095523767939,0.5340398515335026,DOWN,FLAT,0.672312638630178,0,"(0.5, 0.6]"
2026-08-11 11:11:53,Hospet,1,PANIC,0.2183624012192302,0.17866014645209743,0.6029774523286724,0.08180849804710616,0.3817729908864954,0.5364185110663984,0.6029774523286724,0.5364185110663984,DOWN,FLAT,0.6766420841648444,0,"(0.5, 0.6]"
2026-08-11 11:11:53,Mysuru,1,PANIC,0.2701902219629514,0.22106472706059657,0.5087450509764521,0.08247919932473172,0.38719401905221273,0.5303267816230556,0.5087450509764521,0.5303267816230556,DOWN,FLAT,0.6635804839132967,0,"(0.5, 0.6]"
2026-08-11 11:11:53,Nagpur,1,PANIC,0.21959356386203385,0.17966746134166406,0.6007389747963021,0.08165174082820867,0.3855776650220965,0.5327705941496949,0.6007389747963021,0.5327705941496949,DOWN,FLAT,0.6680263184905948,0,"(0.5, 0.6]"
2026-08-11 11:11:53,Barwala,1,PANIC,0.2765343155854552,0.22625534911537246,0.4972103352991724,0.09101599247412982,0.43232596425211667,0.4766580432737536,0.4972103352991724,0.4766580432737536,DOWN,FLAT,0.5577406119659035,0,"(0.4, 0.5]"
2026-08-11 11:11:53,Siddipet,1,PANIC,0.22503842528604967,0.18412234796131335,0.590839226752637,0.08201623237932507,0.3918553324789976,0.5261284351416774,0.590839226752637,0.5261284351416774,DOWN,DOWN,0.38483152394720066,1,"(0.5, 0.6]"
2026-08-11 11:11:53,Raipur Td,1,PANIC,0.27869068742598735,0.22801965334853508,0.4932896592254777,0.0915448188175461,0.43738080101716464,0.4710743801652893,0.4932896592254777,0.4710743801652893,DOWN,DOWN,0.47944473026828693,1,"(0.4, 0.5]"
2026-08-12 11:02:56,Anand,1,CONFLICTED,0.08250000000000002,0.06750000000000002,0.85,0.06014522243879452,0.28736050720757383,0.6524942703536316,0.85,0.6524942703536316,DOWN,UP,1.3916518368515352,0,"(0.6, 0.7]"
2026-08-12 11:02:56,Bilashpur,1,CONFLICTED,0.08250000000000002,0.06750000000000002,0.85,0.06211747704862292,0.2887623257395444,0.6491201972118328,0.85,0.6491201972118328,DOWN,FLAT,0.9310746406706367,0,"(0.6, 0.7]"
2026-08-12 11:02:56,Kolkata Sell,1,CONFLICTED,0.08250000000000002,0.06750000000000002,0.85,0.062411706411959436,0.29181689754781037,0.6457713960402303,0.85,0.6457713960402303,DOWN,FLAT,0.922439223639809,0,"(0.6, 0.7]"
2026-08-12 11:02:56,Benglore,1,CONFLICTED,0.08249999999999996,0.06749999999999996,0.8500000000000001,0.06269874476987447,0.2948535564853556,0.6424476987447698,0.8500000000000001,0.6424476987447698,DOWN,UP,1.3782113084504821,0,"(0.6, 0.7]"
2026-08-12 11:02:56,Mysuru,1,CAPITULATION,0.1449798443935841,0.11861987268565971,0.7364002829207562,0.06416175087629307,0.2937932803282893,0.6420449687954176,0.7364002829207562,0.6420449687954176,DOWN,FLAT,0.9150664031404986,0,"(0.6, 0.7]"
2026-08-12 11:02:56,Nasik,1,CONFLICTED,0.08250000000000002,0.06750000000000002,0.85,0.06446140797285835,0.2968617472434266,0.638676844783715,0.85,0.638676844783715,DOWN,DOWN,0.22283659258971497,1,"(0.6, 0.7]"
2026-08-12 11:02:56,Mumbai,1,CONFLICTED,0.08250000000000002,0.06750000000000002,0.85,0.0638603737674381,0.29409382656057015,0.6420457996719917,0.85,0.6420457996719917,DOWN,DOWN,0.2187005356912195,1,"(0.6, 0.7]"
2026-08-12 11:02:56,Gujrat Necc Selling rate,1,CONFLICTED,0.08250000000000002,0.06750000000000002,0.85,0.06327934500327102,0.2914180361992745,0.6453026187974545,0.85,0.6453026187974545,DOWN,FLAT,0.9225081447545888,0,"(0.6, 0.7]"
2026-08-12 11:02:56,Jabalpur,1,CONFLICTED,0.08250000000000002,0.06750000000000002,0.85,0.06354890117457257,0.2943317528085467,0.6421193460168808,0.85,0.6421193460168808,DOWN,FLAT,0.9143233924639003,0,"(0.6, 0.7]"
2026-08-12 11:02:56,Metapally,1,CONFLICTED,0.08250000000000002,0.06750000000000002,0.85,0.06381192275398824,0.29722921914357686,0.638958858102435,0.85,0.638958858102435,DOWN,FLAT,0.9062271542586755,0,"(0.6, 0.7]"
2026-08-12 11:02:56,Surat,1,CAPITULATION,0.08249999999999996,0.06749999999999996,0.8500000000000001,0.06406852580376349,0.30011046297552374,0.6358210112207128,0.8500000000000001,0.6358210112207128,DOWN,FLAT,0.8982184983447329,0,"(0.6, 0.7]"
2026-08-12 11:02:56,Pune,1,CONFLICTED,0.08250000000000002,0.06750000000000002,0.85,0.06431882441191744,0.30297551499297953,0.632705660595103,0.85,0.632705660595103,DOWN,FLAT,0.8902964968221188,0,"(0.6, 0.7]"
2026-08-12 11:02:56,Hospet,1,CONFLICTED,0.08249999999999996,0.06749999999999996,0.8500000000000001,0.06456293072179906,0.3058244086822061,0.629612660595995,0.8500000000000001,0.629612660595995,DOWN,FLAT,0.882460225987564,0,"(0.6, 0.7]"
2026-08-12 11:02:56,Wankaner,1,CONFLICTED,0.08249999999999996,0.06749999999999996,0.8500000000000001,0.06480095496144153,0.3086571802110768,0.6265418648274816,0.8500000000000001,0.6265418648274816,DOWN,UP,1.3624212171183832,0,"(0.6, 0.7]"
2026-08-12 11:02:56,Bhopal,1,CONFLICTED,0.08250000000000002,0.06750000000000002,0.85,0.0667444003535629,0.3097624734357663,0.6234931262106709,0.85,0.6234931262106709,DOWN,FLAT,0.8696263364880236,0,"(0.6, 0.7]"
2026-08-12 11:02:56,Namakkal,1,CAPITULATION,0.1433966432886012,0.11732452632703734,0.7392788303843615,0.06419753086419752,0.29958847736625516,0.6362139917695473,0.7392788303843615,0.6362139917695473,DOWN,FLAT,0.899465867330522,0,"(0.6, 0.7]"
2026-08-12 11:02:56,Raipur Td,1,CONFLICTED,0.08250000000000002,0.06750000000000002,0.85,0.0667547303205641,0.3132337345811085,0.6200115350983274,0.85,0.6200115350983274,DOWN,FLAT,0.860518400992567,0,"(0.6, 0.7]"
2026-08-12 11:02:56,Nagpur,1,CONFLICTED,0.08250000000000002,0.06750000000000002,0.85,0.06698060941828254,0.31601108033241,0.6170083102493075,0.85,0.6170083102493075,DOWN,FLAT,0.8530264991827871,0,"(0.6, 0.7]"
2026-08-12 11:02:56,Siddipet,1,CONFLICTED,0.08250000000000002,0.06750000000000002,0.85,0.06720070390262682,0.3187725697945118,0.6140267263028615,0.85,0.6140267263028615,DOWN,FLAT,0.845615566883591,0,"(0.6, 0.7]"
2026-08-12 11:02:56,Mahuva,1,CONFLICTED,0.08249999999999996,0.06749999999999996,0.8500000000000001,0.06741511699843517,0.3215182503002293,0.6110666327013357,0.8500000000000001,0.6110666327013357,DOWN,UP,1.3464909788801123,0,"(0.6, 0.7]"
2026-08-12 11:02:56,Navapur,1,CONFLICTED,0.08250000000000002,0.06750000000000002,0.85,0.06935789758872934,0.3225142237875914,0.6081278786236792,0.85,0.6081278786236792,DOWN,FLAT,0.8336170116873948,0,"(0.6, 0.7]"
2026-08-12 11:02:56,Barwala,1,CAPITULATION,0.08250000000000002,0.06750000000000002,0.85,0.06956646466095315,0.3252232222899559,0.605210313049091,0.85,0.605210313049091,DOWN,FLAT,0.8264427157631526,0,"(0.6, 0.7]"
2026-08-12 11:02:56,Vij/God,1,CONFLICTED,0.08250000000000002,0.06750000000000002,0.85,0.0697695114354365,0.3279167037465516,0.6023137848180119,0.85,0.6023137848180119,DOWN,FLAT,0.8193456372106384,0,"(0.6, 0.7]"
2026-08-12 11:02:56,Davangere,1,CONFLICTED,0.08250000000000002,0.06750000000000002,0.85,0.06996713664793809,0.33059472066150747,0.5994381426905545,0.85,0.5994381426905545,DOWN,FLAT,0.8123249151292582,0,"(0.5, 0.6]"
2026-08-13 11:17:21,Metapally,1,CONFLICTED,0.153649199846138,0.12571298169229472,0.7206378184615673,0.06445195941913666,0.30614680724089915,0.6294012333399642,0.7206378184615673,0.6294012333399642,DOWN,FLAT,0.881732220704832,0,"(0.6, 0.7]"
2026-08-13 11:17:21,Benglore,1,CONFLICTED,0.22479839969227589,0.18392596338458936,0.5912756369231348,0.08257075973611407,0.3942753777399447,0.5231538625239412,0.5912756369231348,0.5231538625239412,DOWN,FLAT,0.6474102122492045,0,"(0.5, 0.6]"
2026-08-13 11:17:21,Siddipet,1,CONFLICTED,0.15364919984613795,0.1257129816922947,0.7206378184615674,0.06453643947741225,0.3097749094915788,0.625688651031009,0.7206378184615674,0.625688651031009,DOWN,FLAT,0.8720619156167837,0,"(0.6, 0.7]"
2026-08-13 11:17:21,Nagpur,1,CONFLICTED,0.15364919984613795,0.1257129816922947,0.7206378184615674,0.06481969581600579,0.3127550323122279,0.6224252718717663,0.7206378184615674,0.6224252718717663,DOWN,FLAT,0.8639204576424886,0,"(0.6, 0.7]"
2026-08-13 11:17:21,Vij/God,1,CONFLICTED,0.15364919984613795,0.1257129816922947,0.7206378184615674,0.06509609423434594,0.3157160570365778,0.6191878487290762,0.7206378184615674,0.6191878487290762,DOWN,FLAT,0.8558756080958763,0,"(0.6, 0.7]"
2026-08-13 11:17:21,Hospet,1,CONFLICTED,0.1536491998461379,0.12571298169229464,0.7206378184615675,0.06536575987695856,0.31865807940017304,0.6159761607228683,0.7206378184615675,0.6159761607228683,DOWN,FLAT,0.8479261259098381,0,"(0.6, 0.7]"
2026-08-13 11:17:21,Navapur,1,CAPITULATION,0.14573720533237886,0.1192395316355827,0.7350232630320385,0.06562881562881563,0.3215811965811966,0.6127899877899878,0.7350232630320385,0.6127899877899878,DOWN,FLAT,0.8400707834086956,0,"(0.6, 0.7]"
2026-08-13 11:17:21,Barwala,1,CAPITULATION,0.22054332299721496,0.1804445369977213,0.5990121400050638,0.08135987214877233,0.40069737033270375,0.5179427575185239,0.5990121400050638,0.5179427575185239,DOWN,FLAT,0.6340477707880936,0,"(0.5, 0.6]"
2026-08-13 11:17:21,Bilashpur,1,CAPITULATION,0.22054332299721502,0.18044453699772137,0.5990121400050636,0.08151670474896561,0.4035076885073797,0.5149756067436547,0.5990121400050636,0.5149756067436547,DOWN,FLAT,0.6276479263639345,0,"(0.5, 0.6]"
2026-08-13 11:17:21,Jabalpur,1,CAPITULATION,0.21759210526947864,0.17802990431139162,0.6043779904191298,0.08082307581286985,0.4020948021690275,0.5170821220181028,0.6043779904191298,0.5170821220181028,DOWN,FLAT,0.6313969160878914,0,"(0.5, 0.6]"
2026-08-13 11:17:21,Mysuru,1,CAPITULATION,0.21905400634040287,0.17922600518760234,0.6017199884719948,0.08097993906055091,0.40489969530275455,0.5141203656366946,0.6017199884719948,0.5141203656366946,DOWN,FLAT,0.6250218735434134,0,"(0.5, 0.6]"
2026-08-13 11:17:21,Mumbai,1,CONFLICTED,0.15364919984613795,0.1257129816922947,0.7206378184615674,0.06506253856077178,0.3269392562678782,0.6079982051713501,0.7206378184615674,0.6079982051713501,DOWN,FLAT,0.826905716168792,0,"(0.6, 0.7]"
2026-08-13 11:17:21,Surat,1,CAPITULATION,0.21615752913785136,0.17685616020369657,0.6069863106584521,0.08086525826341857,0.40836955423026383,0.5107651875063176,0.6069863106584521,0.5107651875063176,DOWN,FLAT,0.6174468511240698,0,"(0.5, 0.6]"
2026-08-13 11:17:21,Mahuva,1,CONFLICTED,0.22479839969227594,0.1839259633845894,0.5912756369231347,0.08060128559050517,0.40905152437181375,0.510347190037681,0.5912756369231347,0.510347190037681,DOWN,FLAT,0.6161709224654761,0,"(0.5, 0.6]"
2026-08-13 11:17:21,Kolkata Sell,1,CONFLICTED,0.15364919984613795,0.1257129816922947,0.7206378184615674,0.06490632836701579,0.3310222746717805,0.6040713969612037,0.7206378184615674,0.6040713969612037,DOWN,FLAT,0.8166462810740656,0,"(0.6, 0.7]"
2026-08-13 11:17:21,Nasik,1,CONFLICTED,0.15364919984613795,0.1257129816922947,0.7206378184615674,0.06514777198279806,0.33388233141184004,0.6009698966053619,0.7206378184615674,0.6009698966053619,DOWN,FLAT,0.8091217972255078,0,"(0.6, 0.7]"
2026-08-13 11:17:21,Namakkal,1,CAPITULATION,0.21475016578330017,0.17570468109542742,0.6095451531212724,0.08022399173931175,0.41315355745745547,0.5066224508032328,0.6095451531212724,0.5066224508032328,DOWN,FLAT,0.6074909436333032,0,"(0.5, 0.6]"
2026-08-13 11:17:21,Gujrat Necc Selling rate,1,CAPITULATION,0.21336988249478656,0.17457535840482535,0.6120547591003881,0.08036400165455299,0.41588370856231166,0.5037522897831354,0.6120547591003881,0.5037522897831354,DOWN,FLAT,0.6014165841466034,0,"(0.5, 0.6]"
2026-08-13 11:17:21,Raipur Td,1,CAPITULATION,0.21201652698296997,0.17346806753152086,0.6145154054855092,0.08049862253570661,0.41859283718567436,0.500908540278619,0.6145154054855092,0.500908540278619,DOWN,FLAT,0.5954236829260067,0,"(0.5, 0.6]"
2026-08-13 11:17:21,Pune,1,CONFLICTED,0.153649199846138,0.12571298169229472,0.7206378184615673,0.06478315637934137,0.33849199208205866,0.5967248515386,0.7206378184615673,0.5967248515386,DOWN,FLAT,0.7978702503337975,0,"(0.5, 0.6]"
2026-08-13 11:17:21,Davangere,1,CONFLICTED,0.15364919984613795,0.1257129816922947,0.7206378184615674,0.06501160921593142,0.34131094838363996,0.5936774424004287,0.7206378184615674,0.5936774424004287,DOWN,FLAT,0.7905506816672192,0,"(0.5, 0.6]"
2026-08-13 11:17:21,Anand,1,CONFLICTED,0.22479839969227589,0.18392596338458936,0.5912756369231348,0.07894633993824988,0.4164419431742682,0.5046117168874819,0.5912756369231348,0.5046117168874819,DOWN,FLAT,0.6014055150960018,0,"(0.5, 0.6]"
2026-08-13 11:17:21,Wankaner,1,CONFLICTED,0.22479839969227594,0.1839259633845894,0.5912756369231347,0.07908662699412666,0.41915912306887126,0.501754249937002,0.5912756369231347,0.501754249937002,DOWN,FLAT,0.5953881462132742,0,"(0.5, 0.6]"
2026-08-13 11:17:21,Bhopal,1,CONFLICTED,0.153649199846138,0.12571298169229472,0.7206378184615673,0.06483895975755868,0.345267460709,0.5898935795334415,0.7206378184615673,0.5898935795334415,DOWN,FLAT,0.7808532238836597,0,"(0.5, 0.6]"
2026-08-14 10:46:30,Jabalpur,1,PANIC,0.26430905591221,0.2162528639281718,0.5194380801596182,0.07897107588507024,0.42249525598512583,0.4985336681298038,0.5194380801596182,0.4985336681298038,DOWN,FLAT,0.5882839784450883,0,"(0.4, 0.5]"
2026-08-14 10:46:30,Bhopal,1,PANIC,0.2089975653891762,0.1709980080456896,0.6200044265651342,0.07910098686086973,0.4251678043771749,0.4957312087619555,0.6200044265651342,0.4957312087619555,DOWN,FLAT,0.5824384505875108,0,"(0.4, 0.5]"
2026-08-14 10:46:30,Anand,1,PANIC,0.21795224207740516,0.515661684272433,0.26638607365016187,0.26079869600652,0.6870415647921762,0.052159739201304005,0.515661684272433,0.6870415647921762,FLAT,FLAT,0.16867958039997896,1,"(0.6, 0.7]"
2026-08-14 10:46:30,Vij/God,1,PANIC,0.2089975653891762,0.1709980080456896,0.6200044265651342,0.07913330193122939,0.4273198304286387,0.4935468676401319,0.6200044265651342,0.4935468676401319,DOWN,FLAT,0.577813166652208,0,"(0.4, 0.5]"
2026-08-14 10:46:30,Raipur Td,1,PANIC,0.2089975653891762,0.1709980080456896,0.6200044265651342,0.07925381782837063,0.42995196171891065,0.49079422045271875,0.6200044265651342,0.49079422045271875,DOWN,UP,1.2735111881993628,0,"(0.4, 0.5]"
2026-08-14 10:46:30,Barwala,1,PANIC,0.20504557676926605,0.16776456281121768,0.6271898604195163,0.08135373203523413,0.43057950857672694,0.48806675938803895,0.6271898604195163,0.48806675938803895,DOWN,UP,1.26751884047131,0,"(0.4, 0.5]"
2026-08-14 10:46:30,Surat,1,PANIC,0.2731863691240554,0.22351612019240896,0.5032975106835357,0.08231297595938479,0.42528370912348806,0.492403314917127,0.5032975106835357,0.492403314917127,DOWN,FLAT,0.5795352655515211,0,"(0.4, 0.5]"
2026-08-14 10:46:30,Davangere,1,PANIC,0.2754633049835256,0.22537906771379365,0.4991576273026808,0.0861597374179431,0.4472100656455142,0.4666301969365426,0.4991576273026808,0.4666301969365426,DOWN,FLAT,0.5307439525686022,0,"(0.4, 0.5]"
2026-08-14 10:46:30,Hospet,1,PANIC,0.21023455403839983,0.17201008966778167,0.6177553562938185,0.08293565904229061,0.43245022214908674,0.48461411880862265,0.6177553562938185,0.48461411880862265,DOWN,FLAT,0.563841918028058,0,"(0.4, 0.5]"
2026-08-14 10:46:30,Metapally,1,PANIC,0.21023455403839983,0.17201008966778167,0.6177553562938185,0.08304761904761904,0.43501133786848073,0.48194104308390023,0.6177553562938185,0.48194104308390023,DOWN,FLAT,0.5583762643754402,0,"(0.4, 0.5]"
2026-08-14 10:46:30,Mysuru,1,PANIC,0.2709255523220003,0.2216663609907275,0.5074080866872722,0.08167758269580055,0.4297796613279029,0.48854275597629665,0.5074080866872722,0.48854275597629665,DOWN,FLAT,0.5704964865672658,0,"(0.4, 0.5]"
2026-08-14 10:46:30,Pune,1,PANIC,0.205045576769266,0.16776456281121763,0.6271898604195164,0.08289820746083867,0.43817623943586154,0.47892555310329976,0.6271898604195164,0.47892555310329976,DOWN,FLAT,0.5518877361499523,0,"(0.4, 0.5]"
2026-08-14 10:46:30,Bilashpur,1,PANIC,0.23508878541283398,0.1923453698832278,0.5725658447039382,0.08154895840894244,0.4329861363141468,0.4854649052769108,0.5725658447039382,0.4854649052769108,DOWN,FLAT,0.5638311284850628,0,"(0.4, 0.5]"
2026-08-14 10:46:30,Nagpur,1,PANIC,0.205045576769266,0.16776456281121763,0.6271898604195164,0.08274613514137129,0.4413127207539802,0.47594114410464844,0.6271898604195164,0.47594114410464844,DOWN,FLAT,0.545498371523796,0,"(0.4, 0.5]"
2026-08-14 10:46:30,Siddipet,1,PANIC,0.1858877316656942,0.1520899622719316,0.6620223060623742,0.08284461351508428,0.4438104295450943,0.4733449569398215,0.6620223060623742,0.4733449569398215,DOWN,UP,1.2621971485916574,0,"(0.4, 0.5]"
2026-08-14 10:46:30,Namakkal,1,PANIC,0.24091353995082443,0.1971110781415836,0.561975381907592,0.0831021956587871,0.434837070307607,0.4820607340336059,0.561975381907592,0.4820607340336059,DOWN,DOWN,0.46425033586682124,1,"(0.4, 0.5]"
2026-08-14 10:46:30,Nasik,1,PANIC,0.1844331450561614,0.15089984595504113,0.6646670089887975,0.08482150650257485,0.443833464257659,0.47134502923976607,0.6646670089887975,0.47134502923976607,DOWN,UP,1.2567059555442073,0,"(0.4, 0.5]"
2026-08-14 10:46:30,Benglore,1,PANIC,0.23884352063627906,0.19541742597513742,0.5657390533885835,0.08376268403863282,0.428331907015736,0.4879054089456311,0.5657390533885835,0.4879054089456311,DOWN,FLAT,0.5718722838520245,0,"(0.4, 0.5]"
2026-08-14 10:46:30,Navapur,1,PANIC,0.20504557676926605,0.16776456281121768,0.6271898604195163,0.08662464381314222,0.44493567049477595,0.4684396856920819,0.6271898604195163,0.4684396856920819,DOWN,FLAT,0.5350359779361341,0,"(0.4, 0.5]"
2026-08-14 10:46:30,Mumbai,1,PANIC,0.19397291175255235,0.15870510961572465,0.647321978631723,0.08671510830819852,0.4473711269536605,0.46591376473814095,0.647321978631723,0.46591376473814095,DOWN,UP,1.2513058547967615,0,"(0.4, 0.5]"
2026-08-14 10:46:30,Wankaner,1,PANIC,0.2467652152860816,0.20189881250679403,0.5513359722071244,0.08527425578831313,0.43016124586549065,0.4845644983461963,0.5513359722071244,0.4845644983461963,DOWN,UP,1.2565646376256763,0,"(0.4, 0.5]"
2026-08-14 10:46:30,Mahuva,1,PANIC,0.20668021848659932,0.5407106255853349,0.2526091559280658,0.2785901353120908,0.672959406372763,0.04845045831514622,0.5407106255853349,0.672959406372763,FLAT,UP,0.9756540024055567,0,"(0.6, 0.7]"
2026-08-14 10:46:30,Gujrat Necc Selling rate,1,PANIC,0.21285392304036896,0.5269912821325134,0.2601547948271176,0.2842025699168556,0.6674225245653816,0.04837490551776266,0.5269912821325134,0.6674225245653816,FLAT,FLAT,0.19371900939766182,1,"(0.6, 0.7]"
2026-08-14 10:46:30,Kolkata Sell,1,PANIC,0.18913950692837841,0.15475050566867324,0.6561099874029483,0.09206504669109576,0.4446545872101859,0.46328036609871825,0.6561099874029483,0.46328036609871825,DOWN,UP,1.2366922789796655,0,"(0.4, 0.5]"
2026-08-16 10:44:37,Mahuva,1,NORMAL,0.2387172875340599,0.4695171388132003,0.2917655736527399,0.228287841191067,0.7336641852770885,0.0380479735318445,0.4695171388132003,0.7336641852770885,FLAT,FLAT,0.12449775292967478,1,"(0.7, 0.8]"
2026-08-16 10:44:37,Mysuru,1,NORMAL,0.23697978340929485,0.19389255006215034,0.5691276665285548,0.09112443929237436,0.4309426608201871,0.4779328998874384,0.5691276665285548,0.4779328998874384,DOWN,FLAT,0.5605497755055744,0,"(0.4, 0.5]"
2026-08-16 10:44:37,Wankaner,1,NORMAL,0.2363078861027624,0.4748713642160835,0.28882074968115407,0.21181109754952587,0.7528870528588865,0.03530184959158765,0.4748713642160835,0.7528870528588865,FLAT,FLAT,0.10717497027448862,1,"(0.7, 0.8]"
2026-08-16 10:44:37,Siddipet,1,NORMAL,0.2338204740230471,0.4803989466154509,0.28578057936150203,0.1983129626441728,0.7686348769151317,0.03305216044069547,0.4803989466154509,0.7686348769151317,FLAT,FLAT,0.09395029664258284,1,"(0.7, 0.8]"
2026-08-16 10:44:37,Jabalpur,1,NORMAL,0.23097112911452294,0.18897637836642786,0.5800524925190492,0.09104219353121257,0.4324504192732597,0.4765073871955277,0.5800524925190492,0.4765073871955277,DOWN,FLAT,0.557460497637982,0,"(0.4, 0.5]"
2026-08-16 10:44:37,Namakkal,1,NORMAL,0.28027286942008983,0.2293141658891644,0.4904129646907458,0.09664297160701811,0.4610675103751489,0.4422895180178329,0.4904129646907458,0.4610675103751489,FLAT,FLAT,0.495408110082722,1,"(0.4, 0.5]"
2026-08-16 10:44:37,Barwala,1,NORMAL,0.22697678893680734,0.4956071356959837,0.27741607536720897,0.18914020017337854,0.7793364331310585,0.03152336669556309,0.4956071356959837,0.7793364331310585,FLAT,FLAT,0.08546014771277247,1,"(0.7, 0.8]"
2026-08-16 10:44:37,Metapally,1,NORMAL,0.22468538439910118,0.5006991457797751,0.27461546982112367,0.276622400400902,0.6772738661989477,0.046103733400150344,0.5006991457797751,0.6772738661989477,FLAT,FLAT,0.1827976640751638,1,"(0.6, 0.7]"
2026-08-16 10:44:37,Bhopal,1,NORMAL,0.24160301599265863,0.19767519490308433,0.5607217891042571,0.09106371843516943,0.43634698416852014,0.4725892973963103,0.5607217891042571,0.4725892973963103,DOWN,FLAT,0.5493379670847005,0,"(0.4, 0.5]"
2026-08-16 10:44:37,Davangere,1,NORMAL,0.22755529381303777,0.1861816040288491,0.5862631021581132,0.09116439134457738,0.4387286333457786,0.47010697530964407,0.5862631021581132,0.47010697530964407,DOWN,FLAT,0.544337061509907,0,"(0.4, 0.5]"
2026-08-16 10:44:37,Gujrat Necc Selling rate,1,NORMAL,0.23169779577833974,0.4851160093814672,0.28318619484019303,0.1781659388646288,0.7921397379912664,0.029694323144104803,0.4851160093814672,0.7921397379912664,FLAT,FLAT,0.07583074312084057,1,"(0.7, 0.8]"
2026-08-16 10:44:37,Raipur Td,1,NORMAL,0.22243964087393364,0.5056896869468142,0.27187067217925226,0.26777609682299547,0.6875945537065052,0.04462934947049924,0.5056896869468142,0.6875945537065052,FLAT,UP,1.0109298935047755,0,"(0.6, 0.7]"
2026-08-16 10:44:37,Nagpur,1,NORMAL,0.24454001715365772,0.2000781958529927,0.5553817869933496,0.0931603585179978,0.4410857791056222,0.46575386237637995,0.5553817869933496,0.46575386237637995,DOWN,FLAT,0.5379906190356871,0,"(0.4, 0.5]"
2026-08-16 10:44:37,Benglore,1,NORMAL,0.2439383128331359,0.4579148603708091,0.29814682679605503,0.17177914110429449,0.8001752848378616,0.028045574057843997,0.4579148603708091,0.8001752848378616,FLAT,FLAT,0.07022454433239288,1,"(0.8, 0.9]"
2026-08-16 10:44:37,Bilashpur,1,NORMAL,0.2518185048704039,0.20603332216669412,0.542148172962902,0.09315589353612168,0.4429657794676806,0.46387832699619774,0.542148172962902,0.46387832699619774,DOWN,UP,1.2337680174644712,0,"(0.4, 0.5]"
2026-08-16 10:44:37,Pune,1,NORMAL,0.23921594974838908,0.1957221407032274,0.5650619095483835,0.09514523408872883,0.4433767908534763,0.4614779750577948,0.5650619095483835,0.4614779750577948,DOWN,DOWN,0.49564156558517924,1,"(0.4, 0.5]"
2026-08-16 10:44:37,Navapur,1,NORMAL,0.28815469672966637,0.23576293368790885,0.4760823695824248,0.10181734352787492,0.47446882083989705,0.42371383563222814,0.4760823695824248,0.47446882083989705,FLAT,FLAT,0.4660832062186564,1,"(0.4, 0.5]"
2026-08-16 10:44:37,Hospet,1,NORMAL,0.2914582301205366,0.23846582464407542,0.4700759452353879,0.10231923601637108,0.47885402455661663,0.41882673942701226,0.4700759452353879,0.47885402455661663,FLAT,FLAT,0.4574781914388718,1,"(0.4, 0.5]"
2026-08-16 10:44:37,Surat,1,NORMAL,0.2412298761476918,0.4639336085606849,0.29483651529162336,0.17068023833167828,0.8020109235352533,0.027308838133068523,0.4639336085606849,0.8020109235352533,FLAT,FLAT,0.06907719079649996,1,"(0.8, 0.9]"
2026-08-16 10:44:37,Mumbai,1,NORMAL,0.2440558618225677,0.457653640394294,0.2982904977831383,0.16352274718215268,0.810313613268703,0.02616363954914443,0.457653640394294,0.810313613268703,FLAT,FLAT,0.06340515019163095,1,"(0.8, 0.9]"
2026-08-16 10:44:37,Anand,1,NORMAL,0.24694453160689558,0.4512343742068987,0.30182109418620573,0.157128680119087,0.817730731061859,0.025140588819053917,0.4512343742068987,0.817730731061859,FLAT,FLAT,0.05854355772137948,1,"(0.8, 0.9]"
2026-08-16 10:44:37,Nasik,1,NORMAL,0.2498966096360796,0.444674200808712,0.3054291895552084,0.15138069635120321,0.8243983922326042,0.024220911416192512,0.444674200808712,0.8243983922326042,FLAT,FLAT,0.05433869242810054,1,"(0.8, 0.9]"
2026-08-16 10:44:37,Vij/God,1,NORMAL,0.2529127920712701,0.4379715731749554,0.30911563475377457,0.14618434093161545,0.8304261645193262,0.023389494549058473,0.4379715731749554,0.8304261645193262,FLAT,FLAT,0.05067221566849786,1,"(0.8, 0.9]"
2026-08-16 10:44:37,Kolkata Sell,1,NORMAL,0.24125176523836392,0.463884966136969,0.29486326862466705,0.14146272457207526,0.8359032394963927,0.022634035931532043,0.463884966136969,0.8359032394963927,FLAT,FLAT,0.04745174883368297,1,"(0.8, 0.9]"
2026-08-17 11:04:25,Anand,1,CONFLICTED,0.2668926139551739,0.4069053023218359,0.3262020837229903,0.1371526216386366,0.8409029588991817,0.021944419462181855,0.4069053023218359,0.8409029588991817,FLAT,FLAT,0.04460426765491867,1,"(0.8, 0.9]"
2026-08-17 11:04:25,Pune,1,CONFLICTED,0.24901625703180322,0.2037405739351117,0.5472431690330851,0.09285899133823505,0.4364372592897048,0.47070374937206005,0.5472431690330851,0.47070374937206005,DOWN,FLAT,0.547787774662169,0,"(0.4, 0.5]"
2026-08-17 11:04:25,Metapally,1,CONFLICTED,0.26976238463783914,0.4005280341381353,0.3297095812240256,0.13296161269568949,0.8457645292730002,0.02127385803131032,0.4005280341381353,0.8457645292730002,FLAT,FLAT,0.04191994791655411,1,"(0.8, 0.9]"
2026-08-17 11:04:25,Kolkata Sell,1,CONFLICTED,0.497640524213607,0.22606176410387682,0.27629771168251616,0.23434776111968916,0.7405488867858744,0.025103352094436416,0.497640524213607,0.7405488867858744,FLAT,FLAT,0.12286393157623716,1,"(0.7, 0.8]"
2026-08-17 11:04:25,Bhopal,1,CONFLICTED,0.3226807109717323,0.2640114907950537,0.413307798233214,0.10780218299420563,0.5109823473925347,0.38121546961325964,0.413307798233214,0.5109823473925347,FLAT,FLAT,0.3960848094924899,1,"(0.5, 0.6]"
2026-08-17 11:04:25,Mahuva,1,CONFLICTED,0.27411814568920706,0.3908485651350954,0.3350332891756975,0.16891891891891894,0.8040540540540541,0.027027027027027032,0.3908485651350954,0.8040540540540541,FLAT,FLAT,0.06765887509130754,1,"(0.8, 0.9]"
2026-08-17 11:04:25,Nagpur,1,CONFLICTED,0.3368214252777168,0.2755811661363137,0.3875974085859694,0.16835016835016836,0.8047138047138046,0.026936026936026935,0.3875974085859694,0.8047138047138046,FLAT,FLAT,0.06720402679998645,1,"(0.8, 0.9]"
2026-08-17 11:04:25,Mumbai,1,CONFLICTED,0.278476402010041,0.3811635510887979,0.34036004690116123,0.16778523489932887,0.8053691275167785,0.026845637583892617,0.3811635510887979,0.8053691275167785,FLAT,FLAT,0.06675374983108871,1,"(0.8, 0.9]"
2026-08-17 11:04:25,Namakkal,1,CONFLICTED,0.2660434323825308,0.21767189922207067,0.5162846683953985,0.09141583054626531,0.4406243032329989,0.46795986622073577,0.5162846683953985,0.46795986622073577,DOWN,FLAT,0.5402444606013604,0,"(0.4, 0.5]"
2026-08-17 11:04:25,Raipur Td,1,CONFLICTED,0.4931045244917788,0.22810296397869956,0.2787925115295217,0.2272943414170233,0.7479790775083214,0.024726581074655248,0.4931045244917788,0.7479790775083214,FLAT,FLAT,0.11578866682539653,1,"(0.7, 0.8]"
2026-08-17 11:04:25,Nasik,1,CONFLICTED,0.2695666294691075,0.4009630456242056,0.32947032490668693,0.13250883392226148,0.8462897526501766,0.021201413427561835,0.4009630456242056,0.8462897526501766,FLAT,DOWN,1.6918116095843372,0,"(0.8, 0.9]"
2026-08-17 11:04:25,Vij/God,1,CONFLICTED,0.33351449947430567,0.27287549956988644,0.3936100009558079,0.16556291390728478,0.804635761589404,0.029801324503311258,0.3936100009558079,0.804635761589404,FLAT,FLAT,0.06646638305337485,1,"(0.8, 0.9]"
2026-08-17 11:04:25,Mysuru,1,CONFLICTED,0.32623133658648934,0.26691654811621857,0.4068521152972922,0.10718628015614001,0.5230690471619632,0.3697446726818967,0.4068521152972922,0.5230690471619632,FLAT,FLAT,0.3756631554053511,1,"(0.5, 0.6]"
2026-08-17 11:04:25,Jabalpur,1,CONFLICTED,0.32973874757995053,0.26978624801995954,0.40047500440009,0.10745891276864727,0.5265486725663717,0.36599241466498106,0.40047500440009,0.5265486725663717,FLAT,FLAT,0.3696540249743878,1,"(0.5, 0.6]"
2026-08-17 11:04:25,Surat,1,CONFLICTED,0.2501173089230596,0.4441837579487565,0.30569893312818397,0.13612152298283686,0.8393766028802526,0.02450187413691064,0.4441837579487565,0.8393766028802526,FLAT,FLAT,0.04492928655767607,1,"(0.8, 0.9]"
2026-08-17 11:04:25,Barwala,1,CONFLICTED,0.5512616925965259,0.20193223833156335,0.24680606907191077,0.10919540229885057,0.859364435429344,0.03144016227180527,0.5512616925965259,0.859364435429344,FLAT,DOWN,1.68853902802407,0,"(0.8, 0.9]"
2026-08-17 11:04:25,Benglore,1,CONFLICTED,0.306131785365936,0.2504714607539476,0.4433967538801164,0.10811812677622637,0.5319411837390338,0.3599406894847399,0.4433967538801164,0.5319411837390338,FLAT,FLAT,0.36032588476396704,1,"(0.5, 0.6]"
2026-08-17 11:04:25,Gujrat Necc Selling rate,1,CONFLICTED,0.2535026609882615,0.4366607533594189,0.30983658565231964,0.13326326063290664,0.8400840872405121,0.026652652126581328,0.4366607533594189,0.8400840872405121,FLAT,FLAT,0.04404255965359471,1,"(0.8, 0.9]"
2026-08-17 11:04:25,Bilashpur,1,CONFLICTED,0.24894943733491362,0.4467790281446364,0.30427153452044997,0.12987012987012986,0.8441558441558441,0.025974025974025976,0.4467790281446364,0.8441558441558441,FLAT,FLAT,0.04182830156856132,1,"(0.8, 0.9]"
2026-08-17 11:04:25,Wankaner,1,CONFLICTED,0.3135370464133465,0.25653031070182897,0.4299326428848246,0.10926508007783269,0.5397694955844934,0.350965424337674,0.4299326428848246,0.5397694955844934,FLAT,FLAT,0.3469277039994904,1,"(0.5, 0.6]"
2026-08-17 11:04:25,Hospet,1,CONFLICTED,0.3172284678150807,0.2595505645759751,0.4232209676089443,0.10946745562130178,0.5429585798816569,0.3475739644970414,0.4232209676089443,0.5429585798816569,FLAT,FLAT,0.3416776443401841,1,"(0.5, 0.6]"
2026-08-17 11:04:25,Siddipet,1,CONFLICTED,0.2625162700341592,0.4166305110352017,0.32085321893063906,0.12919896640826872,0.8449612403100776,0.02583979328165375,0.4166305110352017,0.8449612403100776,FLAT,FLAT,0.04139708484399307,1,"(0.8, 0.9]"
2026-08-17 11:04:25,Davangere,1,CONFLICTED,0.3226541856912813,0.2639897882928665,0.4133560260158522,0.1100811123986095,0.5482039397450754,0.3417149478563152,0.4133560260158522,0.5482039397450754,FLAT,FLAT,0.333006636957231,1,"(0.5, 0.6]"
2026-08-17 11:04:25,Navapur,1,CONFLICTED,0.2424082439757286,0.19833401779832338,0.559257738225948,0.08927933719020069,0.44639668595100346,0.4643239768587958,0.559257738225948,0.4643239768587958,DOWN,FLAT,0.5300441848611209,0,"(0.4, 0.5]"
2026-08-18 11:19:16,Davangere,1,PANIC,0.2913041432133437,0.23833975353819026,0.4703561032484661,0.10993403957625424,0.5518688786727963,0.33819708175094937,0.4703561032484661,0.5518688786727963,FLAT,FLAT,0.32728426106438874,1,"(0.5, 0.6]"
2026-08-18 11:19:16,Mysuru,1,PANIC,0.29589472488958873,0.24209568400057258,0.4620095911098388,0.11009485094850949,0.5548780487804877,0.33502710027100274,0.4620095911098388,0.5548780487804877,FLAT,FLAT,0.3224975855788369,1,"(0.5, 0.6]"
2026-08-18 11:19:16,Mahuva,1,PANIC,0.30038341722813827,0.24576825045938586,0.4538483323124759,0.11024589020067543,0.5578442044154176,0.3319099053839069,0.4538483323124759,0.5578442044154176,FLAT,FLAT,0.31782008916712845,1,"(0.5, 0.6]"
2026-08-18 11:19:16,Namakkal,1,PANIC,0.23064150148353554,0.18870668303198362,0.5806518154844809,0.08864125617323035,0.45029758136001014,0.46106116246675954,0.5806518154844809,0.46106116246675954,DOWN,FLAT,0.5226074168898226,0,"(0.4, 0.5]"
2026-08-18 11:19:16,Vij/God,1,PANIC,0.30483761107471474,0.24941259087931203,0.4457497980459733,0.1100715465052284,0.5613648871766648,0.32856356631810674,0.4457497980459733,0.5613648871766648,FLAT,FLAT,0.3124705246632656,1,"(0.5, 0.6]"
2026-08-18 11:19:16,Gujrat Necc Selling rate,1,PANIC,0.30845226981643104,0.2523700389407163,0.4391776912428526,0.11020408163265306,0.5642448979591836,0.32555102040816325,0.4391776912428526,0.5642448979591836,FLAT,FLAT,0.3080109154518951,1,"(0.5, 0.6]"
2026-08-18 11:19:16,Mumbai,1,PANIC,0.3093184760158738,0.25307875310389677,0.4376027708802295,0.1103277541574727,0.5670846563694096,0.3225875894731177,0.4376027708802295,0.5670846563694096,FLAT,FLAT,0.3036506609703006,1,"(0.5, 0.6]"
2026-08-18 11:19:16,Nasik,1,PANIC,0.24351151872952997,0.19923669714234268,0.5572517841281274,0.08801230786289485,0.4541435085725374,0.45784418356456774,0.5572517841281274,0.45784418356456774,DOWN,DOWN,0.5079254220086975,1,"(0.4, 0.5]"
2026-08-18 11:19:16,Nagpur,1,PANIC,0.2998316387180111,0.24531679531473632,0.4548515659672526,0.1103723404255319,0.5695212765957447,0.32010638297872335,0.4548515659672526,0.5695212765957447,FLAT,FLAT,0.29996208125848794,1,"(0.5, 0.6]"
2026-08-18 11:19:16,Navapur,1,PANIC,0.30419006494648787,0.2488827804107628,0.4469271546427494,0.11047979797979798,0.5722853535353536,0.31723484848484845,0.4469271546427494,0.5722853535353536,FLAT,FLAT,0.29578355365523923,1,"(0.5, 0.6]"
2026-08-18 11:19:16,Anand,1,PANIC,0.3070752142751572,0.2512433571342195,0.4416814285906233,0.11057917468907738,0.5750117083832024,0.3144091169277203,0.4416814285906233,0.5750117083832024,FLAT,FLAT,0.29169589469355056,1,"(0.5, 0.6]"
2026-08-18 11:19:16,Metapally,1,PANIC,0.288988103578278,0.23644481201859105,0.474567084403131,0.11067071601379523,0.5777011375920111,0.3116281463941936,0.474567084403131,0.5777011375920111,FLAT,FLAT,0.28769643819916857,1,"(0.5, 0.6]"
2026-08-18 11:19:16,Bhopal,1,PANIC,0.27063523144933976,0.22142882573127798,0.5079359428193823,0.08612568967837439,0.4512986139146817,0.4625756964069439,0.5079359428193823,0.4625756964069439,DOWN,FLAT,0.5224671204208943,0,"(0.4, 0.5]"
2026-08-18 11:19:16,Pune,1,PANIC,0.21534133963862803,0.1761883687952411,0.6084702915661309,0.08599905915559214,0.45235505115841473,0.4616458896859932,0.6084702915661309,0.4616458896859932,DOWN,FLAT,0.5204277556313218,0,"(0.4, 0.5]"
2026-08-18 11:19:16,Jabalpur,1,PANIC,0.2102345540383999,0.17201008966778172,0.6177553562938184,0.08611001649225739,0.454660887079119,0.45922909642862353,0.6177553562938184,0.45922909642862353,DOWN,FLAT,0.5157010460282803,0,"(0.4, 0.5]"
2026-08-18 11:19:16,Siddipet,1,PANIC,0.28020493490418585,0.22925858310342476,0.4905364819923895,0.1098235249564493,0.5820646822691812,0.30811179277436945,0.4905364819923895,0.5820646822691812,FLAT,FLAT,0.2816640132872563,1,"(0.5, 0.6]"
2026-08-18 11:19:16,Hospet,1,PANIC,0.2826648243808936,0.23127121994800384,0.4860639556711026,0.1099010890198821,0.5846737935857728,0.305425117394345,0.4860639556711026,0.5846737935857728,FLAT,DOWN,0.8363559618203943,0,"(0.5, 0.6]"
2026-08-18 11:19:16,Kolkata Sell,1,PANIC,0.272508888233861,0.22296181764588624,0.5045292941202528,0.08545536447706616,0.45462253901799193,0.4599220965049418,0.5045292941202528,0.4599220965049418,DOWN,FLAT,0.516267529118591,0,"(0.4, 0.5]"
2026-08-18 11:19:16,Bilashpur,1,PANIC,0.2866826190925929,0.23455850653030327,0.4787588743771038,0.10719791867411833,0.5724368857197919,0.32036519560608984,0.4787588743771038,0.5724368857197919,FLAT,FLAT,0.29693546901678136,1,"(0.5, 0.6]"
2026-08-18 11:19:16,Raipur Td,1,PANIC,0.2683021064139214,0.21951990524775383,0.5121779883383248,0.08531303320645754,0.4572778579866124,0.45740910880693003,0.5121779883383248,0.45740910880693003,DOWN,FLAT,0.5110487298860358,0,"(0.4, 0.5]"
2026-08-18 11:19:16,Benglore,1,PANIC,0.27527734860639813,0.22522692158705301,0.4994957298065489,0.10698747057844558,0.5755925917120372,0.3174199377095171,0.4994957298065489,0.5755925917120372,FLAT,FLAT,0.292323383925993,1,"(0.5, 0.6]"
2026-08-18 11:19:16,Surat,1,PANIC,0.2798392901590046,0.22895941922100377,0.4912012906199916,0.10706638115631692,0.5781584582441113,0.3147751605995717,0.4912012906199916,0.5781584582441113,FLAT,FLAT,0.28849689805538115,1,"(0.5, 0.6]"
2026-08-18 11:19:16,Wankaner,1,PANIC,0.28210725417838095,0.23081502614594804,0.487077719675671,0.1071386980319087,0.5806917433329452,0.3121695586351461,0.487077719675671,0.5806917433329452,FLAT,FLAT,0.28474794806359915,1,"(0.5, 0.6]"
2026-08-18 11:19:16,Barwala,1,PANIC,0.2116817669466636,0.17319417295636114,0.6151240600969753,0.08458793591219914,0.46015837136236326,0.4552536927254375,0.6151240600969753,0.46015837136236326,FLAT,DOWN,0.515649384926021,0,"(0.4, 0.5]"
2026-08-19 10:41:53,Metapally,1,PANIC,0.31269925996865294,0.2558448490652615,0.4314558909660856,0.10714038847031175,0.5828437132784959,0.31001589825119236,0.4314558909660856,0.5828437132784959,FLAT,DOWN,0.8272639176159438,0,"(0.5, 0.6]"
2026-08-19 10:41:53,Bilashpur,1,PANIC,0.31792825560380994,0.260123118221299,0.421948626174891,0.10494350913231813,0.5708926896798107,0.3241638011878712,0.421948626174891,0.5708926896798107,FLAT,FLAT,0.30022839387980194,1,"(0.5, 0.6]"
2026-08-19 10:41:53,Gujrat Necc Selling rate,1,PANIC,0.31606601852142097,0.25859946969934444,0.4253345117792346,0.10501647100439963,0.573389931684022,0.3215935973115783,0.4253345117792346,0.573389931684022,FLAT,FLAT,0.296447051402583,1,"(0.5, 0.6]"
2026-08-19 10:41:53,Kolkata Sell,1,PANIC,0.3123177633509123,0.25553271546892825,0.4321495211801595,0.10508340995665309,0.5758570865624589,0.31905950348088796,0.4321495211801595,0.5758570865624589,FLAT,FLAT,0.2927387008288742,1,"(0.5, 0.6]"
2026-08-19 10:41:53,Nasik,1,PANIC,0.2249602411051073,0.18405837908599687,0.5909813798088959,0.08393454387021541,0.4616399912861847,0.4544254648435998,0.5909813798088959,0.4616399912861847,FLAT,FLAT,0.5033790097353622,1,"(0.4, 0.5]"
2026-08-19 10:41:53,Mumbai,1,PANIC,0.3066404654318944,0.25088765353518633,0.4424718810329194,0.10486033036409237,0.5788290236097899,0.31631064602611775,0.4424718810329194,0.5788290236097899,FLAT,FLAT,0.2884331050270094,1,"(0.5, 0.6]"
2026-08-19 10:41:53,Pune,1,PANIC,0.22086453947772533,0.18070735048177525,0.5984281100404995,0.08379675478022396,0.46423402148244075,0.4519692237373352,0.5984281100404995,0.46423402148244075,FLAT,FLAT,0.49834325905430416,1,"(0.4, 0.5]"
2026-08-19 10:41:53,Surat,1,PANIC,0.3009058692273566,0.24619571118601905,0.4528984195866243,0.10463378176382661,0.581763826606876,0.31360239162929743,0.4528984195866243,0.581763826606876,FLAT,FLAT,0.28421618505633867,1,"(0.5, 0.6]"
2026-08-19 10:41:53,Anand,1,PANIC,0.2950628201498116,0.2414150346680277,0.4635221451821608,0.10468436079094849,0.5841387332134926,0.3111769059955588,0.4635221451821608,0.5841387332134926,FLAT,FLAT,0.280730475432457,1,"(0.5, 0.6]"
2026-08-19 10:41:53,Barwala,1,PANIC,0.21261041508069173,0.1739539759751114,0.6134356089441969,0.08185985592665357,0.45841519318925994,0.4597249508840864,0.6134356089441969,0.4597249508840864,DOWN,UP,1.2644728439711477,0,"(0.4, 0.5]"
2026-08-19 10:41:53,Nagpur,1,PANIC,0.30405060632555464,0.2487686779027265,0.4471807157717189,0.1065385418842699,0.5849174848548151,0.308543973260915,0.4471807157717189,0.5849174848548151,FLAT,DOWN,0.8315903619095115,0,"(0.5, 0.6]"
2026-08-19 10:41:53,Davangere,1,PANIC,0.29701571773214475,0.2430128599626639,0.4599714223051914,0.10451243760905735,0.5737937751085501,0.32169378728239256,0.4599714223051914,0.5737937751085501,FLAT,FLAT,0.29606148852729747,1,"(0.5, 0.6]"
2026-08-19 10:41:53,Vij/God,1,PANIC,0.29828877652196495,0.2440544535179713,0.4576567699600637,0.10456491587770608,0.5761321835614787,0.3193029005608153,0.4576567699600637,0.5761321835614787,FLAT,FLAT,0.29255208975142166,1,"(0.5, 0.6]"
2026-08-19 10:41:53,Jabalpur,1,PANIC,0.21754684390363285,0.1779928722847905,0.6044602838115767,0.08311670819583811,0.4595865041416931,0.45729678766246884,0.6044602838115767,0.4595865041416931,FLAT,FLAT,0.5080754856935215,1,"(0.4, 0.5]"
2026-08-19 10:41:53,Bhopal,1,PANIC,0.31268222056670586,0.2558309077363957,0.4314868716968985,0.10433590879297673,0.5789620036943611,0.3167020875126621,0.4314868716968985,0.5789620036943611,FLAT,FLAT,0.2884591884316014,1,"(0.5, 0.6]"
2026-08-19 10:41:53,Siddipet,1,PANIC,0.3156250477703272,0.25823867544844953,0.4261362767812234,0.10437862835776837,0.5812456951687494,0.31437567647348225,0.4261362767812234,0.5812456951687494,FLAT,DOWN,0.818822169221247,0,"(0.5, 0.6]"
2026-08-19 10:41:53,Namakkal,1,PANIC,0.3029991552782609,0.2479083997731225,0.4490924449486166,0.10249392309606292,0.5707504737114092,0.3267556031925278,0.4490924449486166,0.5707504737114092,FLAT,FLAT,0.30152938430831394,1,"(0.5, 0.6]"
2026-08-19 10:41:53,Navapur,1,PANIC,0.307150806388727,0.2513052052271403,0.4415439883841328,0.10254172989377845,0.5730273141122914,0.3244309559939302,0.4415439883841328,0.5730273141122914,FLAT,FLAT,0.298075926070908,1,"(0.5, 0.6]"
2026-08-19 10:41:53,Wankaner,1,PANIC,0.2351904659051899,0.1924285630133372,0.5723809710814729,0.08349849202929771,0.46824644549763034,0.44825506247307195,0.5723809710814729,0.46824644549763034,FLAT,FLAT,0.49066644192980896,1,"(0.4, 0.5]"
2026-08-19 10:41:53,Benglore,1,PANIC,0.31519864471253295,0.25788980021934516,0.426911555068122,0.10231747103161211,0.5757865526680918,0.3218959763002962,0.426911555068122,0.5757865526680918,FLAT,FLAT,0.29404293333384734,1,"(0.5, 0.6]"
2026-08-19 10:41:53,Raipur Td,1,PANIC,0.31909643821106615,0.2610789039908723,0.4198246577980616,0.10235635174310563,0.5780123392551847,0.3196313090017096,0.4198246577980616,0.5780123392551847,FLAT,DOWN,0.8074766427641363,0,"(0.5, 0.6]"
2026-08-19 10:41:53,Hospet,1,PANIC,0.2248905354957395,0.18400134722378686,0.5911081172804736,0.08329676758812345,0.47038174637999125,0.4463214860318854,0.5911081172804736,0.47038174637999125,FLAT,DOWN,0.53475723564806,0,"(0.4, 0.5]"
2026-08-19 10:41:53,Mysuru,1,PANIC,0.2943826726839835,0.24085855037780465,0.4647587769382119,0.1005353202879155,0.5677288675082287,0.3317358122038558,0.4647587769382119,0.5677288675082287,FLAT,FLAT,0.30701433170966413,1,"(0.5, 0.6]"
2026-08-19 10:41:53,Mahuva,1,PANIC,0.31121704260483685,0.25463212576759375,0.4341508316275694,0.10057909174032306,0.5699481865284974,0.3294727217311795,0.4341508316275694,0.5699481865284974,FLAT,FLAT,0.3036129903303876,1,"(0.5, 0.6]"
2026-08-20 10:50:15,Pune,1,PANIC,0.24980152775819706,0.2043830681657976,0.5458154040760054,0.08202287348105791,0.46640457469621166,0.45157255182273054,0.5458154040760054,0.46640457469621166,FLAT,FLAT,0.49536959923891305,1,"(0.4, 0.5]"
2026-08-20 10:50:15,Hospet,1,PANIC,0.2527844472359768,0.20682363864761738,0.5403919141164059,0.08209547030904163,0.468427095292767,0.4494774343981914,0.5403919141164059,0.468427095292767,FLAT,FLAT,0.4913393832973283,1,"(0.4, 0.5]"
2026-08-20 10:50:15,Metapally,1,PANIC,0.2557752382511273,0.20927064947819504,0.5349541122706777,0.08216520062091348,0.4704360506138576,0.4473987487652288,0.5349541122706777,0.4704360506138576,FLAT,FLAT,0.48735473707921595,1,"(0.4, 0.5]"
2026-08-20 10:50:15,Namakkal,1,PANIC,0.2810139518951315,0.22992050609601666,0.4890655420088519,0.09984655272765754,0.573628234298111,0.32652521297423137,0.4890655420088519,0.573628234298111,FLAT,FLAT,0.29838093138721056,1,"(0.5, 0.6]"
2026-08-20 10:50:15,Siddipet,1,PANIC,0.2592327671057945,0.21209953672292278,0.5286676961712827,0.08203275249140392,0.47289469083279906,0.445072556675797,0.5286676961712827,0.47289469083279906,FLAT,FLAT,0.4826589601394969,1,"(0.4, 0.5]"
2026-08-20 10:50:15,Davangere,1,PANIC,0.2876758663208678,0.23537116335343727,0.4769529703256949,0.09962848621212914,0.5762824202466293,0.3240890935412415,0.4769529703256949,0.5762824202466293,FLAT,DOWN,0.7988828166201337,0,"(0.5, 0.6]"
2026-08-20 10:50:15,Bhopal,1,PANIC,0.2728941688228862,0.22327704721872504,0.5038287839583888,0.0820305719806987,0.47449056341776696,0.4434788646015344,0.5038287839583888,0.47449056341776696,FLAT,FLAT,0.47956268602472263,1,"(0.4, 0.5]"
2026-08-20 10:50:15,Mumbai,1,PANIC,0.26977773030272206,0.22072723388404533,0.5094950358132326,0.08209255533199196,0.47645875251509057,0.44144869215291754,0.5094950358132326,0.47645875251509057,FLAT,DOWN,0.5457316939868588,0,"(0.4, 0.5]"
2026-08-20 10:50:15,Raipur Td,1,PANIC,0.24887520632606153,0.20362516881223217,0.5474996248617063,0.08126250127131572,0.471641183849205,0.44709631487947926,0.5474996248617063,0.471641183849205,FLAT,FLAT,0.4856617474959507,1,"(0.4, 0.5]"
2026-08-20 10:50:15,Mahuva,1,PANIC,0.2893516171472503,0.23674223221138657,0.4739061506413632,0.0974434412092929,0.5674647458658821,0.335091812924825,0.4739061506413632,0.5674647458658821,FLAT,FLAT,0.30886849339282074,1,"(0.5, 0.6]"
2026-08-20 10:50:15,Kolkata Sell,1,PANIC,0.27609950386147253,0.2258995940684775,0.49800090207005,0.09748490945674045,0.5696177062374246,0.332897384305835,0.49800090207005,0.5696177062374246,FLAT,FLAT,0.30555289483379144,1,"(0.5, 0.6]"
2026-08-20 10:50:15,Wankaner,1,PANIC,0.29278479332191604,0.23955119453611312,0.4676640121419708,0.09752244762221485,0.5717492517459262,0.33072830063185904,0.4676640121419708,0.5717492517459262,FLAT,FLAT,0.30229054000923905,1,"(0.5, 0.6]"
2026-08-20 10:50:15,Anand,1,PANIC,0.31596573178456877,0.2585174169146472,0.4255168513007841,0.09755614920352232,0.57385970119719,0.32858414959928767,0.4255168513007841,0.57385970119719,FLAT,FLAT,0.29908029987905516,1,"(0.5, 0.6]"
2026-08-20 10:50:15,Bilashpur,1,PANIC,0.24468265483871368,0.200194899413493,0.5551224457477933,0.08054900565022023,0.4753970725630645,0.4440539217867153,0.5551224457477933,0.4753970725630645,FLAT,FLAT,0.47888025924080413,1,"(0.4, 0.5]"
2026-08-20 10:50:15,Gujrat Necc Selling rate,1,PANIC,0.29630108340934574,0.24242815915310106,0.4612707574375532,0.09734253413595655,0.5764204962560564,0.3262369696079871,0.4612707574375532,0.5764204962560564,FLAT,FLAT,0.29532572528297807,1,"(0.5, 0.6]"
2026-08-20 10:50:15,Navapur,1,PANIC,0.31038982741455656,0.25395531333918264,0.4356548592462608,0.09736918745752839,0.5784875254829628,0.3241432870595088,0.4356548592462608,0.5784875254829628,FLAT,FLAT,0.2922223953853584,1,"(0.5, 0.6]"
2026-08-20 10:50:15,Nasik,1,PANIC,0.22746260155936865,0.1861057649122107,0.5864316335284206,0.08022661019745889,0.4782135196083824,0.4415598701941588,0.5864316335284206,0.4782135196083824,FLAT,UP,1.2696463778909763,0,"(0.4, 0.5]"
2026-08-20 10:50:15,Jabalpur,1,PANIC,0.23327513788565502,0.19086147645189955,0.5758633856624454,0.08185753640299094,0.47855175127902394,0.439590712317985,0.5758633856624454,0.47855175127902394,FLAT,FLAT,0.47184892671637335,1,"(0.4, 0.5]"
2026-08-20 10:50:15,Mysuru,1,PANIC,0.30660029306885317,0.2508547852381526,0.4425449216929943,0.09881037924151698,0.579560878243513,0.3216287425149701,0.4425449216929943,0.579560878243513,FLAT,FLAT,0.28997759416097946,1,"(0.5, 0.6]"
2026-08-20 10:50:15,Surat,1,PANIC,0.3109162963268367,0.2543860606310482,0.4346976430421151,0.09883113180651903,0.5815831987075929,0.319585669485888,0.4346976430421151,0.5815831987075929,FLAT,FLAT,0.2869752123586705,1,"(0.5, 0.6]"
2026-08-20 10:50:15,Barwala,1,PANIC,0.32531745981426297,0.2661688307571242,0.4085137094286128,0.09884844390680722,0.5835860053728811,0.3175655507203117,0.4085137094286128,0.5835860053728811,FLAT,FLAT,0.2840195087884063,1,"(0.5, 0.6]"
2026-08-20 10:50:15,Vij/God,1,PANIC,0.3053315852159371,0.2498167515403122,0.4448516632437507,0.09886239675860993,0.5855695808009974,0.3155680224403927,0.4448516632437507,0.5855695808009974,FLAT,FLAT,0.281109522637258,1,"(0.5, 0.6]"
2026-08-20 10:50:15,Benglore,1,PANIC,0.3016633275257988,0.24681544979383535,0.4515212226803659,0.09887306960998005,0.5875342021054584,0.3135927282845615,0.4515212226803659,0.5875342021054584,FLAT,FLAT,0.2782443175598356,1,"(0.5, 0.6]"
2026-08-20 10:50:15,Nagpur,1,PANIC,0.23620611854573909,0.19325955153742289,0.5705343299168381,0.08095861876436103,0.48263791955676766,0.43640346167887134,0.5705343299168381,0.48263791955676766,FLAT,FLAT,0.464665801598085,1,"(0.4, 0.5]"
2026-08-21 10:39:26,Mahuva,1,CONFLICTED,0.20883027142849814,0.1708611311687712,0.6203085974027307,0.0788289967444519,0.47145803822162574,0.44971296503392233,0.6203085974027307,0.47145803822162574,FLAT,FLAT,0.487812367007871,1,"(0.4, 0.5]"
2026-08-21 10:39:26,Pune,1,CONFLICTED,0.11135286786158033,0.09110689188674755,0.7975402402516721,0.06108220077805285,0.3664932046683171,0.57242459455363,0.7975402402516721,0.57242459455363,DOWN,FLAT,0.7327318114331969,0,"(0.5, 0.6]"
2026-08-21 10:39:26,Raipur Td,1,CONFLICTED,0.11135286786158033,0.09110689188674755,0.7975402402516721,0.06132229331326057,0.3691130347509723,0.5695646719357672,0.7975402402516721,0.5695646719357672,DOWN,FLAT,0.7261827020956235,0,"(0.5, 0.6]"
2026-08-21 10:39:26,Nasik,1,CONFLICTED,0.21250502421075687,0.17386774708152836,0.6136272287077148,0.07857300803420064,0.47446008697575004,0.4469669049900495,0.6136272287077148,0.47446008697575004,FLAT,UP,1.2739194898125614,0,"(0.4, 0.5]"
2026-08-21 10:39:26,Anand,1,CONFLICTED,0.2274510950945884,0.18609635053193596,0.5864525543734757,0.08180914723109128,0.48468060812382385,0.4335102446450849,0.5864525543734757,0.48468060812382385,FLAT,FLAT,0.4601779444265517,1,"(0.4, 0.5]"
2026-08-21 10:39:26,Bhopal,1,CONFLICTED,0.23459661735603846,0.1919426869276678,0.5734606957162938,0.08186231244483673,0.48654015887025603,0.43159752868490736,0.5734606957162938,0.48654015887025603,FLAT,FLAT,0.45661887341871743,1,"(0.4, 0.5]"
2026-08-21 10:39:26,Nagpur,1,CONFLICTED,0.23816900875685354,0.1948655526192438,0.5669654386239027,0.08191311612364242,0.4883876357560567,0.42969924812030075,0.5669654386239027,0.4883876357560567,FLAT,FLAT,0.4530984136755144,1,"(0.4, 0.5]"
2026-08-21 10:39:26,Hospet,1,CONFLICTED,0.1186564956824601,0.09708258737655825,0.7842609169409817,0.0621988882025942,0.37201976528721437,0.5657813465101915,0.7842609169409817,0.5657813465101915,DOWN,DOWN,0.33081324649649524,1,"(0.5, 0.6]"
2026-08-21 10:39:26,Wankaner,1,CONFLICTED,0.22871181578962774,0.18712784928242268,0.5841603349279496,0.08190039617514674,0.4898570865570098,0.42824251726784346,0.5841603349279496,0.4898570865570098,FLAT,FLAT,0.4503451206256474,1,"(0.4, 0.5]"
2026-08-21 10:39:26,Namakkal,1,CONFLICTED,0.21656708250806667,0.1771912493247818,0.6062416681671515,0.07939883052239888,0.47639298313439327,0.44420818634320786,0.6062416681671515,0.47639298313439327,FLAT,DOWN,0.5421589887959173,0,"(0.4, 0.5]"
2026-08-21 10:39:26,Barwala,1,CONFLICTED,0.2310234270737062,0.18901916760575962,0.5799574053205342,0.08188616278351153,0.4913169767010691,0.42679686051541926,0.5799574053205342,0.4913169767010691,FLAT,FLAT,0.4476193219937667,1,"(0.4, 0.5]"
2026-08-21 10:39:26,Davangere,1,CONFLICTED,0.1145426796863395,0.09371673792518685,0.7917405823884737,0.061312285352774595,0.3690305476893414,0.5696571669578839,0.7917405823884737,0.5696571669578839,DOWN,DOWN,0.3251376954137899,1,"(0.5, 0.6]"
2026-08-21 10:39:26,Bilashpur,1,CONFLICTED,0.11494328398723183,0.0940445050804624,0.7910122109323058,0.06077263162872071,0.36578244319928127,0.5734449251719981,0.7910122109323058,0.5734449251719981,DOWN,FLAT,0.7347643043148715,0,"(0.5, 0.6]"
2026-08-21 10:39:26,Gujrat Necc Selling rate,1,CONFLICTED,0.21285455694357056,0.1741537284083759,0.6129917146480536,0.07811947267881988,0.47166474070230874,0.45021578661887124,0.6129917146480536,0.47166474070230874,FLAT,FLAT,0.48793505274962456,1,"(0.4, 0.5]"
2026-08-21 10:39:26,Siddipet,1,CONFLICTED,0.12612081268758635,0.10318975583529791,0.7706894314771158,0.060869565217391314,0.3686628383921247,0.570467596390484,0.7706894314771158,0.570467596390484,DOWN,FLAT,0.727724994128379,0,"(0.5, 0.6]"
2026-08-21 10:39:26,Navapur,1,CONFLICTED,0.2044181834111106,0.16725124097272684,0.6283305756161626,0.07804775428631534,0.4741769222678026,0.447775323445882,0.6283305756161626,0.4741769222678026,FLAT,FLAT,0.4830841013119618,1,"(0.4, 0.5]"
2026-08-21 10:39:26,Mysuru,1,CONFLICTED,0.20828109500175152,0.17041180500143305,0.6213070999968154,0.07814840185299136,0.47626290185879644,0.44558869628821207,0.6213070999968154,0.47626290185879644,FLAT,FLAT,0.4789570069413738,1,"(0.4, 0.5]"
2026-08-21 10:39:26,Benglore,1,CONFLICTED,0.2121464913497516,0.17357440201343313,0.6142791066368153,0.07824592565252995,0.47833358323433417,0.443420491113136,0.6142791066368153,0.47833358323433417,FLAT,DOWN,0.5447061914437618,0,"(0.4, 0.5]"
2026-08-21 10:39:26,Kolkata Sell,1,CONFLICTED,0.2128545569435705,0.17415372840837584,0.6129917146480537,0.07741957400550327,0.47328192410911435,0.44929850188538234,0.6129917146480537,0.47328192410911435,FLAT,FLAT,0.48529486570583924,1,"(0.4, 0.5]"
2026-08-21 10:39:26,Surat,1,CONFLICTED,0.2022088775426865,0.16544362708037985,0.6323474953769337,0.07751501923812523,0.4753279481583151,0.4471570326035596,0.6323474953769337,0.4753279481583151,FLAT,FLAT,0.48123875199807153,1,"(0.4, 0.5]"
2026-08-21 10:39:26,Metapally,1,CONFLICTED,0.11635160546249065,0.09519676810567416,0.7884516264318352,0.060516937130203105,0.37223625480087197,0.5672468080689249,0.7884516264318352,0.5672468080689249,DOWN,FLAT,0.7195185607304404,0,"(0.5, 0.6]"
2026-08-21 10:39:26,Jabalpur,1,CONFLICTED,0.20567440540755105,0.1682790589698145,0.6260465356226345,0.07743525685351656,0.4777609243603757,0.44480381878610786,0.6260465356226345,0.4777609243603757,FLAT,FLAT,0.47658030833560394,1,"(0.4, 0.5]"
2026-08-21 10:39:26,Vij/God,1,CONFLICTED,0.2092597193860126,0.17121249767946484,0.6195277829345226,0.0775248775514727,0.47977660069590655,0.44269852175262075,0.6195277829345226,0.47977660069590655,FLAT,FLAT,0.47262447298483273,1,"(0.4, 0.5]"
2026-08-21 10:39:26,Mumbai,1,CONFLICTED,0.12072590547170534,0.09877574084048617,0.7804983536878085,0.060478809594449644,0.37542506333158365,0.5640961270739667,0.7804983536878085,0.5640961270739667,DOWN,DOWN,0.33461385101940067,1,"(0.5, 0.6]"
2026-08-22 10:40:41,Raipur Td,1,PANIC,0.1945872346673338,0.15920773745509129,0.646205027877575,0.07755358007305373,0.48141750649122034,0.4410289134357259,0.646205027877575,0.48141750649122034,FLAT,DOWN,0.5502260489532169,0,"(0.4, 0.5]"
2026-08-22 10:40:41,Bhopal,1,PANIC,0.29361845590433266,0.24023328210354492,0.4661482619921224,0.09576545332672748,0.5944685687640253,0.30976597790924726,0.4661482619921224,0.5944685687640253,FLAT,FLAT,0.26958172484124393,1,"(0.5, 0.6]"
2026-08-22 10:40:41,Jabalpur,1,PANIC,0.20976671789645507,0.5338517380078777,0.2563815440956673,0.2813895432650047,0.6655180900812208,0.05309236665377448,0.5338517380078777,0.6655180900812208,FLAT,FLAT,0.19387702251870115,1,"(0.6, 0.7]"
2026-08-22 10:40:41,Siddipet,1,PANIC,0.18723060259704835,0.15318867485213045,0.6595807225508212,0.07653264652952144,0.4765240255611712,0.4469433279093074,0.6595807225508212,0.4765240255611712,FLAT,FLAT,0.47964268016214084,1,"(0.4, 0.5]"
2026-08-22 10:40:41,Barwala,1,PANIC,0.2097667178964551,0.5338517380078776,0.2563815440956674,0.2707444127037473,0.6781717358427155,0.051083851453537214,0.5338517380078776,0.6781717358427155,FLAT,FLAT,0.17948552850011498,1,"(0.6, 0.7]"
2026-08-22 10:40:41,Navapur,1,PANIC,0.2863121868910797,0.2342554256381561,0.4794323874707643,0.09545834413993833,0.5961643756664073,0.30837728019365435,0.4794323874707643,0.5961643756664073,FLAT,UP,1.268704116939415,0,"(0.5, 0.6]"
2026-08-22 10:40:41,Mysuru,1,PANIC,0.2838166590458318,0.23221363012840784,0.4839697108257604,0.09727225939269171,0.5962429233144623,0.3064848172928461,0.4839697108257604,0.5962429233144623,FLAT,FLAT,0.26641461265203953,1,"(0.5, 0.6]"
2026-08-22 10:40:41,Wankaner,1,PANIC,0.21778636987159222,0.5160302891742395,0.2661833409541683,0.26424870466321243,0.6868163500287853,0.048934945308002305,0.5160302891742395,0.6868163500287853,FLAT,FLAT,0.17030600539777518,1,"(0.6, 0.7]"
2026-08-22 10:40:41,Anand,1,PANIC,0.28140502418170155,0.23024047433048306,0.4883545014878155,0.09723246186128283,0.5977995803323315,0.30496795780638575,0.4883545014878155,0.5977995803323315,FLAT,FLAT,0.26422478450905196,1,"(0.5, 0.6]"
2026-08-22 10:40:41,Benglore,1,PANIC,0.18350999903848284,0.1501445446678496,0.6663454562936676,0.07743785850860421,0.47753346080305925,0.4450286806883365,0.6663454562936676,0.47753346080305925,FLAT,FLAT,0.47701843314602843,1,"(0.4, 0.5]"
2026-08-22 10:40:41,Mahuva,1,PANIC,0.29030654627054786,0.23752353785772098,0.4721699158717312,0.09701597282654464,0.6000617578530725,0.3029222693203829,0.4721699158717312,0.6000617578530725,FLAT,FLAT,0.26112459776526586,1,"(0.6, 0.7]"
2026-08-22 10:40:41,Nagpur,1,PANIC,0.18566425647506124,0.15190711893414102,0.6624286245907978,0.07735493316761288,0.4798870853916725,0.4427579814407145,0.6624286245907978,0.4798870853916725,FLAT,FLAT,0.47253585975719126,1,"(0.4, 0.5]"
2026-08-22 10:40:41,Mumbai,1,PANIC,0.19609772661453148,0.1604435945027985,0.64345867888267,0.07743758831841734,0.4818338828701522,0.4407285288114304,0.64345867888267,0.4818338828701522,FLAT,FLAT,0.4687343411342836,1,"(0.4, 0.5]"
2026-08-22 10:40:41,Kolkata Sell,1,PANIC,0.2539099562269402,0.4357556528290218,0.31033439094403803,0.1759713029859041,0.7914414186833729,0.03258727833072298,0.4357556528290218,0.7914414186833729,FLAT,FLAT,0.07552451202436503,1,"(0.7, 0.8]"
2026-08-22 10:40:41,Bilashpur,1,PANIC,0.23765842904024093,0.19444780557837893,0.5678937653813801,0.08021916539656203,0.5006270136785446,0.4191538209248934,0.5678937653813801,0.5006270136785446,FLAT,FLAT,0.4314984195604671,1,"(0.5, 0.6]"
2026-08-22 10:40:41,Metapally,1,PANIC,0.23765842904024093,0.19444780557837893,0.5678937653813801,0.0802615933412604,0.5023781212841855,0.4173602853745541,0.5678937653813801,0.5023781212841855,FLAT,FLAT,0.4282590653502639,1,"(0.5, 0.6]"
2026-08-22 10:40:41,Nasik,1,PANIC,0.5998768276849387,0.1800554275417776,0.22006774477328375,0.08170287410605857,0.8919848873296452,0.02631223856429632,0.5998768276849387,0.8919848873296452,FLAT,DOWN,1.7503802556313421,0,"(0.8, 0.9]"
2026-08-22 10:40:41,Hospet,1,PANIC,0.22564055752842063,0.18461500161416233,0.5897444408574171,0.08046009737209237,0.5051106112803575,0.41442929134755,0.5897444408574171,0.5051106112803575,FLAT,DOWN,0.6045036117288755,0,"(0.5, 0.6]"
2026-08-22 10:40:41,Davangere,1,PANIC,0.19609772661453148,0.1604435945027985,0.64345867888267,0.07701609152636964,0.4834899079155427,0.43949400055808757,0.64345867888267,0.4834899079155427,FLAT,FLAT,0.465869130105645,1,"(0.4, 0.5]"
2026-08-22 10:40:41,Pune,1,PANIC,0.21186709846297436,0.17334580783334266,0.614787093703683,0.07709452450159715,0.4854099690841302,0.43749550641427265,0.614787093703683,0.4854099690841302,FLAT,FLAT,0.462148783758804,1,"(0.4, 0.5]"
2026-08-22 10:40:41,Surat,1,PANIC,0.24387065201993877,0.4580652177334694,0.29806413024659184,0.16971689674346638,0.7957111428087904,0.034571960447743154,0.4580652177334694,0.7957111428087904,FLAT,FLAT,0.07173298266192317,1,"(0.7, 0.8]"
2026-08-22 10:40:41,Vij/God,1,PANIC,0.24567385337346054,0.4540581036145321,0.3002680430120073,0.1656558087253823,0.8005994894972251,0.033744701777392694,0.4540581036145321,0.8005994894972251,FLAT,FLAT,0.06834111545127283,1,"(0.8, 0.9]"
2026-08-22 10:40:41,Namakkal,1,PANIC,0.20849482845647313,0.17058667782802345,0.6209184937155035,0.07706029254370317,0.4866214769889404,0.4363182304673564,0.6209184937155035,0.4866214769889404,FLAT,DOWN,0.5604758878572713,0,"(0.4, 0.5]"
2026-08-22 10:40:41,Gujrat Necc Selling rate,1,PANIC,0.2061293479800612,0.5419347822665307,0.25193586975340815,0.2543449098226263,0.6938440900283201,0.05181100014905351,0.5419347822665307,0.6938440900283201,FLAT,FLAT,0.16110715409971246,1,"(0.6, 0.7]"
2026-08-23 11:15:29,Namakkal,1,NORMAL,0.2525981220728714,0.20667119078689478,0.5407306871402339,0.07935011644671178,0.5010812908949762,0.41956859265831215,0.5407306871402339,0.5010812908949762,FLAT,FLAT,0.4312541232204067,1,"(0.5, 0.6]"
2026-08-23 11:15:29,Nagpur,1,NORMAL,0.2948687933116878,0.24125628543683544,0.4638749212514767,0.09581417856278733,0.606823130897653,0.29736269053955966,0.4638749212514767,0.606823130897653,FLAT,FLAT,0.2521929769357117,1,"(0.6, 0.7]"
2026-08-23 11:15:29,Nasik,1,NORMAL,0.25603296552582466,0.20948151724840197,0.5344855172257734,0.07921736180512894,0.5031769462807264,0.4176056919141445,0.5344855172257734,0.5031769462807264,FLAT,UP,1.2754222199885954,0,"(0.5, 0.6]"
2026-08-23 11:15:29,Benglore,1,NORMAL,0.2589489382427304,0.21186731310768853,0.5291837486495811,0.08072088168533897,0.5034047712376594,0.4158743470770016,0.5291837486495811,0.5034047712376594,FLAT,FLAT,0.4260741545263023,1,"(0.5, 0.6]"
2026-08-23 11:15:29,Navapur,1,NORMAL,0.2819803475394514,0.3733770054678857,0.34464264699266284,0.13414634146341464,0.8390243902439025,0.026829268292682926,0.3733770054678857,0.8390243902439025,FLAT,FLAT,0.044628197501487187,1,"(0.8, 0.9]"
2026-08-23 11:15:29,Barwala,1,NORMAL,0.28435466964574163,0.23265382061924314,0.4829915097350152,0.09690795400349743,0.6078771660219385,0.29521487997456414,0.4829915097350152,0.6078771660219385,FLAT,UP,1.272241717871409,0,"(0.6, 0.7]"
2026-08-23 11:15:29,Raipur Td,1,NORMAL,0.26794508905099756,0.21922780013263435,0.5128271108163681,0.08184623157286948,0.5042312480828567,0.4139225203442738,0.5128271108163681,0.5042312480828567,FLAT,UP,1.2685873468682918,0,"(0.5, 0.6]"
2026-08-23 11:15:29,Siddipet,1,NORMAL,0.2791908772873264,0.2284288995987216,0.4923802231139521,0.10020465994962216,0.6065018891687657,0.29329345088161207,0.4923802231139521,0.6065018891687657,FLAT,UP,1.2634972438717014,0,"(0.6, 0.7]"
2026-08-23 11:15:29,Anand,1,NORMAL,0.2758281596024864,0.22567758512930705,0.4984942552682065,0.1019571076995195,0.6064690026954178,0.2915738896050627,0.4984942552682065,0.6064690026954178,FLAT,FLAT,0.25027723074941577,1,"(0.6, 0.7]"
2026-08-23 11:15:29,Bhopal,1,NORMAL,0.30024564658799785,0.2456555290265437,0.4540988243854584,0.10194902548725637,0.6081786692860466,0.289872305226697,0.4540988243854584,0.6081786692860466,FLAT,UP,1.2604027999352745,0,"(0.6, 0.7]"
2026-08-23 11:15:29,Pune,1,NORMAL,0.2648010817819696,0.2166554305488842,0.5185434876691463,0.08571988840459574,0.5026962947116971,0.41158381688370727,0.5185434876691463,0.5026962947116971,FLAT,FLAT,0.4240601128821327,1,"(0.5, 0.6]"
2026-08-23 11:15:29,Hospet,1,NORMAL,0.2711207342460632,0.22182605529223354,0.5070532104617033,0.08575429391849974,0.5043515252494816,0.4098941808320188,0.5070532104617033,0.5043515252494816,FLAT,FLAT,0.42103444892792746,1,"(0.5, 0.6]"
2026-08-23 11:15:29,Jabalpur,1,NORMAL,0.3266557474465908,0.26726379336539247,0.4060804591880167,0.10323775464589055,0.6089277731655917,0.2878344721885178,0.4060804591880167,0.6089277731655917,FLAT,UP,1.2578242410049927,0,"(0.6, 0.7]"
2026-08-23 11:15:29,Bilashpur,1,NORMAL,0.3136852477963691,0.2566515663788474,0.4296631858247836,0.10497489730716568,0.6088544043815609,0.2861706983112734,0.4296631858247836,0.6088544043815609,FLAT,FLAT,0.24590827460831532,1,"(0.6, 0.7]"
2026-08-23 11:15:29,Mumbai,1,NORMAL,0.24960644941929033,0.20422345861578298,0.5461700919649267,0.08687487385592813,0.5053221829286486,0.4078029432154234,0.5461700919649267,0.5053221829286486,FLAT,FLAT,0.41855662690512263,1,"(0.5, 0.6]"
2026-08-23 11:15:29,Davangere,1,NORMAL,0.2467209469010311,0.20186259291902542,0.5514164601799435,0.08690644468875976,0.5069542606844318,0.40613929462680837,0.5514164601799435,0.5069542606844318,FLAT,FLAT,0.4155959578256371,1,"(0.5, 0.6]"
2026-08-23 11:15:29,Wankaner,1,NORMAL,0.24384804018677222,0.19951203288008634,0.5566399269331415,0.08693615138343007,0.5085764855930659,0.40448736302350397,0.5566399269331415,0.5085764855930659,FLAT,FLAT,0.4126649917751327,1,"(0.5, 0.6]"
2026-08-23 11:15:29,Mahuva,1,NORMAL,0.3088233465532274,0.2526736471799133,0.4385030062668594,0.10427085417083416,0.6117223444688937,0.28400680136027207,0.4385030062668594,0.6117223444688937,FLAT,FLAT,0.24229181203314082,1,"(0.6, 0.7]"
2026-08-23 11:15:29,Gujrat Necc Selling rate,1,NORMAL,0.30680491517299197,0.25102220332335706,0.442172881503651,0.10425457975475352,0.6133644442237999,0.2823809760214467,0.442172881503651,0.6133644442237999,FLAT,FLAT,0.24009508600903626,1,"(0.6, 0.7]"
2026-08-23 11:15:29,Kolkata Sell,1,NORMAL,0.3027390115916185,0.24769555493859693,0.4495654334697846,0.10423597249944555,0.6149922377467287,0.28077178975382566,0.4495654334697846,0.6149922377467287,FLAT,UP,1.2594414433743095,0,"(0.6, 0.7]"
2026-08-23 11:15:29,Surat,1,NORMAL,0.2985935543530098,0.2443038171979171,0.4571026284490732,0.10595200234850893,0.6148689972356092,0.2791790004158818,0.4571026284490732,0.6148689972356092,FLAT,FLAT,0.2374926303651746,1,"(0.6, 0.7]"
2026-08-23 11:15:29,Metapally,1,NORMAL,0.29650695904965346,0.24259660285880735,0.4608964380915393,0.10592849856705688,0.6164691310050031,0.27760237042794,0.4608964380915393,0.6164691310050031,FLAT,FLAT,0.23537985034793965,1,"(0.6, 0.7]"
2026-08-23 11:15:29,Vij/God,1,NORMAL,0.29230833318271454,0.23916136351313005,0.4685303033041554,0.10590277777777778,0.6180555555555556,0.2760416666666667,0.4685303033041554,0.6180555555555556,FLAT,FLAT,0.23329595871913578,1,"(0.6, 0.7]"
2026-08-23 11:15:29,Mysuru,1,NORMAL,0.3097182596724358,0.253405848822902,0.4368758915046623,0.10587488927724976,0.6196284503602978,0.2744966603624524,0.4368758915046623,0.6196284503602978,FLAT,FLAT,0.23124042450491789,1,"(0.6, 0.7]"
2026-08-24 11:12:15,Mumbai,1,EUPHORIA,0.23854446358691686,0.4699011920290736,0.2915543443840095,0.18743160198669923,0.778769256671437,0.0337991413418638,0.4699011920290736,0.778769256671437,FLAT,UP,1.2678913385419317,0,"(0.7, 0.8]"
2026-08-24 11:12:15,Mysuru,1,EUPHORIA,0.5876446711672971,0.1855598979747163,0.2267954308579866,0.07618025751072961,0.8962804005722461,0.02753934191702432,0.5876446711672971,0.8962804005722461,FLAT,UP,1.6575198884161106,0,"(0.8, 0.9]"
2026-08-24 11:12:15,Nagpur,1,EUPHORIA,0.7530064414341072,0.11114710135465175,0.13584645721124103,0.12078605298544436,0.8530043171577532,0.026209629856802478,0.7530064414341072,0.8530043171577532,FLAT,UP,1.501320474411909,0,"(0.8, 0.9]"
2026-08-24 11:12:15,Namakkal,1,EUPHORIA,0.23363073194691505,0.4808205956735221,0.2855486723795629,0.19023565509611973,0.7760128577094074,0.03375148719447286,0.4808205956735221,0.7760128577094074,FLAT,UP,1.2590534124957702,0,"(0.7, 0.8]"
2026-08-24 11:12:15,Vij/God,1,EUPHORIA,0.7526744472415459,0.11129649874130436,0.1360290540171498,0.14571700939670434,0.8288165599891052,0.025466430614190384,0.7526744472415459,0.8288165599891052,FLAT,UP,1.4173848572345118,0,"(0.8, 0.9]"
2026-08-24 11:12:15,Navapur,1,EUPHORIA,0.74743626547736,0.11365368053518801,0.13891005398745201,0.1687553310150253,0.8064650176060189,0.024779651378955887,0.74743626547736,0.8064650176060189,FLAT,UP,1.3419675554606791,0,"(0.8, 0.9]"
2026-08-24 11:12:15,Pune,1,EUPHORIA,0.598049808711026,0.18087758608003832,0.22107260520893574,0.0936032906498452,0.8793767532448656,0.027019956105289167,0.598049808711026,0.8793767532448656,FLAT,UP,1.595588546896202,0,"(0.8, 0.9]"
2026-08-24 11:12:15,Raipur Td,1,EUPHORIA,0.7493058769318014,0.11281235538068937,0.13788176768750923,0.1904822174408303,0.7853858161414168,0.024131966417753028,0.7493058769318014,0.7853858161414168,FLAT,UP,1.2727322722788221,0,"(0.7, 0.8]"
2026-08-24 11:12:15,Siddipet,1,EUPHORIA,0.7508854086700326,0.11210156609848533,0.13701302523148207,0.2105906562620974,0.7658768158757971,0.0235325278621055,0.7508854086700326,0.7658768158757971,FLAT,FLAT,0.09971586971693702,1,"(0.7, 0.8]"
2026-08-24 11:12:15,Nasik,1,EUPHORIA,0.7526093480005275,0.11132579339976263,0.1360648585997099,0.20882756394738963,0.7676510933591543,0.02352134269345598,0.7526093480005275,0.7676510933591543,FLAT,FLAT,0.09814821944350054,1,"(0.7, 0.8]"
2026-08-24 11:12:15,Metapally,1,EUPHORIA,0.7507261831600865,0.11217321757796106,0.13710059926195242,0.20709078198342154,0.7693997802856287,0.023509437730949764,0.7507261831600865,0.7693997802856287,FLAT,UP,1.2212337435816611,0,"(0.7, 0.8]"
2026-08-24 11:12:15,Hospet,1,EUPHORIA,0.2319316388741847,0.4845963580573674,0.283472003068448,0.1918755401901469,0.7746223813639543,0.03350207844589867,0.4845963580573674,0.7746223813639543,FLAT,UP,1.2542273655131257,0,"(0.7, 0.8]"
2026-08-24 11:12:15,Kolkata Sell,1,EUPHORIA,0.7627558356018962,0.10675987397914671,0.1304842904189571,0.22600834492350486,0.7510431154381085,0.022948539638386646,0.7627558356018962,0.7510431154381085,FLAT,FLAT,0.1135859378173595,1,"(0.7, 0.8]"
2026-08-24 11:12:15,Jabalpur,1,EUPHORIA,0.7617741232578491,0.10720164453396791,0.13102423220818302,0.22419928825622779,0.7528603681169402,0.022940343626831977,0.7617741232578491,0.7528603681169402,FLAT,UP,1.1691917375890353,0,"(0.7, 0.8]"
2026-08-24 11:12:15,Mahuva,1,EUPHORIA,0.7606055573584992,0.10772749918867536,0.13166694345282545,0.24166048925129724,0.7359154929577464,0.02242401779095626,0.7606055573584992,0.7359154929577464,FLAT,UP,1.1171532629117138,0,"(0.7, 0.8]"
2026-08-24 11:12:15,Benglore,1,EUPHORIA,0.5667111713403638,0.19497997289683633,0.23830885576279995,0.11024818504136419,0.8634419494625472,0.0263098654960887,0.5667111713403638,0.8634419494625472,FLAT,UP,1.5378825013362927,0,"(0.8, 0.9]"
2026-08-24 11:12:15,Gujrat Necc Selling rate,1,EUPHORIA,0.7694940743819034,0.10372766652814346,0.12677825908995313,0.2584051724137931,0.719665948275862,0.021928879310344825,0.7694940743819034,0.719665948275862,FLAT,FLAT,0.14584128943408148,1,"(0.7, 0.8]"
2026-08-24 11:12:15,Anand,1,EUPHORIA,0.5829668044692318,0.1876649379888457,0.22936825754192255,0.1256973667978013,0.8485189094348417,0.025783723767357065,0.5829668044692318,0.8485189094348417,FLAT,FLAT,0.039411149230022084,1,"(0.8, 0.9]"
2026-08-24 11:12:15,Davangere,1,EUPHORIA,0.23406763854792564,0.4798496921157208,0.28608266933635357,0.19373057310606828,0.7729719846413261,0.03329744225260549,0.4798496921157208,0.7729719846413261,FLAT,UP,1.248664797444785,0,"(0.7, 0.8]"
2026-08-24 11:12:15,Bilashpur,1,EUPHORIA,0.5629291750310053,0.19668187123604763,0.24038895373294714,0.1250986045752523,0.849169001441667,0.025732393983080814,0.5629291750310053,0.849169001441667,FLAT,UP,1.487202600825709,0,"(0.8, 0.9]"
2026-08-24 11:12:15,Barwala,1,EUPHORIA,0.7845147012497347,0.0969683844376194,0.11851691431264595,0.2568306010928962,0.7213114754098361,0.02185792349726776,0.7845147012497347,0.7213114754098361,FLAT,UP,1.073068768849473,0,"(0.7, 0.8]"
2026-08-24 11:12:15,Bhopal,1,EUPHORIA,0.7865078806201664,0.09607145372092511,0.11742066565890848,0.27232342711525875,0.7062743207410724,0.021402252143668858,0.7865078806201664,0.7062743207410724,FLAT,UP,1.0287946672603665,0,"(0.7, 0.8]"
2026-08-24 11:12:15,Surat,1,EUPHORIA,0.5838913450403421,0.18724889473184606,0.22885976022781185,0.14030985092078338,0.8344051446945338,0.025285004384682837,0.5838913450403421,0.8344051446945338,FLAT,FLAT,0.04774784181578418,1,"(0.8, 0.9]"
2026-08-24 11:12:15,Wankaner,1,EUPHORIA,0.7447742628815708,0.11485158170329315,0.1403741554151361,0.28673918846769886,0.6923384943940203,0.02092231713828083,0.7447742628815708,0.6923384943940203,FLAT,UP,0.9885113194419305,0,"(0.6, 0.7]"
2026-07-28 11:06:02,Anand,3,PANIC,0.2365,0.19349999999999998,0.5700000000000001,0.3333333333333333,0.3333333333333333,0.3333333333333333,0.5700000000000001,0.3333333333333333,UP,DOWN,0.6666666666666667,0,"(-0.001, 0.4]"
2026-07-28 11:06:02,Vij/God,3,PANIC,0.20075993698131445,0.1642581302574391,0.6349819327612465,0.3157894736842105,0.3157894736842105,0.3684210526315789,0.6349819327612465,0.3684210526315789,DOWN,DOWN,0.5983379501385041,1,"(-0.001, 0.4]"
2026-07-28 11:06:02,Metapally,3,PANIC,0.20160227741356615,0.16494731788382683,0.633450404702607,0.28260869565217395,0.28260869565217395,0.4347826086956522,0.633450404702607,0.4347826086956522,DOWN,DOWN,0.47920604914933834,1,"(0.4, 0.5]"
2026-07-28 11:06:02,Barwala,3,PANIC,0.2024833245851032,0.16566817466053899,0.6318485007543578,0.2545454545454546,0.2545454545454546,0.49090909090909096,0.6318485007543578,0.49090909090909096,DOWN,DOWN,0.38876033057851234,1,"(0.4, 0.5]"
2026-07-28 11:06:02,Benglore,3,PANIC,0.20340537136707798,0.16642257657306378,0.6301720520598583,0.23076923076923078,0.23076923076923078,0.5384615384615384,0.6301720520598583,0.5384615384615384,DOWN,DOWN,0.319526627218935,1,"(0.5, 0.6]"
2026-07-28 11:06:02,Surat,3,PANIC,0.20437088922467725,0.16721254572928138,0.6284165650460414,0.21052631578947367,0.21052631578947367,0.5789473684210525,0.6284165650460414,0.5789473684210525,DOWN,DOWN,0.26592797783933525,1,"(0.5, 0.6]"
2026-07-28 11:06:02,Siddipet,3,PANIC,0.20538254597057362,0.16804026488501478,0.6265771891444116,0.19318181818181818,0.19318181818181818,0.6136363636363636,0.6265771891444116,0.6136363636363636,DOWN,DOWN,0.22391528925619833,1,"(0.6, 0.7]"
2026-07-28 11:06:02,Pune,3,PANIC,0.20755605110444586,0.16981858726727386,0.6226253616282803,0.1782178217821782,0.1782178217821782,0.6435643564356436,0.6226253616282803,0.6435643564356436,DOWN,DOWN,0.19056955200470538,1,"(0.6, 0.7]"
2026-07-28 11:06:02,Navapur,3,PANIC,0.20872440888394164,0.17077451635958862,0.6205010747564698,0.16521739130434784,0.16521739130434784,0.6695652173913045,0.6205010747564698,0.6695652173913045,DOWN,DOWN,0.16378071833648386,1,"(0.6, 0.7]"
2026-07-28 11:06:02,Nasik,3,PANIC,0.20995197810221547,0.17177889117453993,0.6182691307232446,0.15384615384615385,0.15384615384615385,0.6923076923076924,0.6182691307232446,0.6923076923076924,DOWN,DOWN,0.14201183431952658,1,"(0.6, 0.7]"
2026-07-28 11:06:02,Namakkal,3,PANIC,0.21124276257954602,0.1728349875650831,0.6159222498553709,0.14383561643835616,0.14383561643835616,0.7123287671232876,0.6159222498553709,0.7123287671232876,DOWN,DOWN,0.1241321073372115,1,"(0.7, 0.8]"
2026-07-28 11:06:02,Nagpur,3,PANIC,0.21260112757067798,0.17394637710328198,0.6134524953260401,0.13496932515337423,0.13496932515337423,0.7300613496932515,0.6134524953260401,0.7300613496932515,DOWN,DOWN,0.10930031239414355,1,"(0.7, 0.8]"
2026-07-28 11:06:02,Raipur,3,PANIC,0.2064432256832258,0.1689080937408211,0.6246486805759531,0.12707182320441987,0.12707182320441987,0.7458563535911601,0.6246486805759531,0.7458563535911601,DOWN,DOWN,0.09688348951497212,1,"(0.7, 0.8]"
2026-07-28 11:06:02,Mumbai,3,PANIC,0.2155401239737512,0.17635101052397822,0.6081088655022706,0.12,0.12,0.76,0.6081088655022706,0.76,DOWN,DOWN,0.0864,1,"(0.7, 0.8]"
2026-07-28 11:06:02,Mysuru,3,PANIC,0.21403184155588004,0.17511696127299275,0.6108511971711272,0.11363636363636365,0.11363636363636365,0.7727272727272728,0.6108511971711272,0.7727272727272728,DOWN,DOWN,0.07747933884297517,1,"(0.7, 0.8]"
2026-07-28 11:06:02,Bilashpur,3,PANIC,0.23122617001139592,0.18918504819114212,0.579588781797462,0.16560509554140126,0.16560509554140126,0.6687898089171975,0.579588781797462,0.6687898089171975,DOWN,DOWN,0.1645502860156598,1,"(0.6, 0.7]"
2026-07-28 11:06:02,Davangere,3,PANIC,0.2288327214598457,0.18722677210351013,0.5839405064366442,0.14893617021276598,0.14893617021276598,0.7021276595744681,0.5839405064366442,0.7021276595744681,DOWN,DOWN,0.13309189678587596,1,"(0.7, 0.8]"
2026-07-28 11:06:02,Gujrat Necc Selling rate,3,PANIC,0.2265835486083451,0.18538653977046415,0.5880299116211908,0.13574660633484162,0.13574660633484162,0.7285067873303167,0.5880299116211908,0.7285067873303167,DOWN,DOWN,0.11056284678855881,1,"(0.7, 0.8]"
2026-07-28 11:06:02,Hospet,3,PANIC,0.22446694105231266,0.18365476995189217,0.5918782889957952,0.12499999999999999,0.12499999999999999,0.7499999999999999,0.5918782889957952,0.7499999999999999,DOWN,DOWN,0.09375000000000006,1,"(0.7, 0.8]"
2026-07-28 11:06:02,Bhopal,3,PANIC,0.23377701375245588,0.19127210216110024,0.5749508840864439,0.11604095563139934,0.11604095563139934,0.7679180887372015,0.5749508840864439,0.7679180887372015,DOWN,DOWN,0.08079302030309027,1,"(0.7, 0.8]"
2026-07-28 11:06:02,Kolkata,3,PANIC,0.22059054753932916,0.18048317525945112,0.5989262772012197,0.10843373493975905,0.10843373493975905,0.783132530120482,0.5989262772012197,0.783132530120482,DOWN,DOWN,0.07054724923791549,1,"(0.7, 0.8]"
2026-07-28 11:06:02,Mahuva,3,PANIC,0.21881286291972962,0.17902870602523333,0.6021584310550371,0.08813559322033898,0.08813559322033898,0.823728813559322,0.6021584310550371,0.823728813559322,DOWN,DOWN,0.04660729675380638,1,"(0.8, 0.9]"
2026-07-28 11:06:02,Wankaner,3,PANIC,0.21713169990530182,0.17765320901342874,0.6052150910812695,0.084375,0.084375,0.83125,0.6052150910812695,0.83125,DOWN,DOWN,0.04271484374999999,1,"(0.8, 0.9]"
2026-07-28 11:06:02,Jabalpur,3,PANIC,0.22247241308617938,0.18202288343414677,0.5955047034796739,0.0962025316455696,0.0962025316455696,0.8075949367088607,0.5955047034796739,0.8075949367088607,DOWN,DOWN,0.05552956257010096,1,"(0.8, 0.9]"
2026-07-29 10:53:12,Nagpur,3,CONFLICTED,0.08250000000000007,0.06750000000000006,0.8499999999999999,0.14285714285714288,0.14285714285714288,0.7142857142857143,0.8499999999999999,0.7142857142857143,DOWN,DOWN,0.12244897959183673,1,"(0.7, 0.8]"
2026-07-29 10:53:12,Bilashpur,3,CONFLICTED,0.08250000000000002,0.06750000000000002,0.85,0.1256038647342995,0.1256038647342995,0.7487922705314008,0.85,0.7487922705314008,DOWN,DOWN,0.0946579850171533,1,"(0.7, 0.8]"
2026-07-29 10:53:12,Vij/God,3,CAPITULATION,0.14216228481635318,0.11631459666792533,0.7415231185157215,0.13636363636363638,0.13636363636363638,0.7272727272727273,0.7415231185157215,0.7272727272727273,DOWN,DOWN,0.11157024793388429,1,"(0.7, 0.8]"
2026-07-29 10:53:12,Metapally,3,CONFLICTED,0.08250000000000007,0.06750000000000006,0.8499999999999999,0.11023622047244096,0.11023622047244096,0.7795275590551182,0.8499999999999999,0.7795275590551182,DOWN,DOWN,0.07291214582429162,1,"(0.7, 0.8]"
2026-07-29 10:53:12,Barwala,3,CONFLICTED,0.08250000000000002,0.06750000000000002,0.85,0.10067114093959731,0.10067114093959731,0.7986577181208053,0.85,0.7986577181208053,DOWN,DOWN,0.06080807170848161,1,"(0.7, 0.8]"
2026-07-29 10:53:12,Bhopal,3,CONFLICTED,0.08250000000000007,0.06750000000000006,0.8499999999999999,0.09302325581395347,0.09302325581395347,0.813953488372093,0.8499999999999999,0.813953488372093,DOWN,DOWN,0.05191995673336938,1,"(0.8, 0.9]"
2026-07-29 10:53:12,Mahuva,3,CONFLICTED,0.08250000000000002,0.06750000000000002,0.85,0.086734693877551,0.086734693877551,0.8265306122448979,0.85,0.8265306122448979,DOWN,DOWN,0.04513744273219494,1,"(0.8, 0.9]"
2026-07-29 10:53:12,Kolkata,3,CAPITULATION,0.1428413669606266,0.11687020933142175,0.7402884237079517,0.10970464135021098,0.10970464135021098,0.7805907172995781,0.7402884237079517,0.7805907172995781,DOWN,DOWN,0.07221065000267052,1,"(0.7, 0.8]"
2026-07-29 10:53:12,Mysuru,3,CONFLICTED,0.08250000000000002,0.06750000000000002,0.85,0.07964601769911506,0.07964601769911506,0.8407079646017701,0.85,0.8407079646017701,DOWN,UP,1.5601848226172765,0,"(0.8, 0.9]"
2026-07-29 10:53:12,Raipur,3,CONFLICTED,0.08249999999999996,0.06749999999999996,0.8500000000000001,0.09989484752891692,0.07991587802313355,0.8201892744479494,0.8500000000000001,0.8201892744479494,DOWN,DOWN,0.04869742514658877,1,"(0.8, 0.9]"
2026-07-29 10:53:12,Jabalpur,3,CONFLICTED,0.08250000000000002,0.06750000000000002,0.85,0.09433962264150943,0.07547169811320754,0.830188679245283,0.85,0.830188679245283,DOWN,DOWN,0.04343182627269493,1,"(0.8, 0.9]"
2026-07-29 10:53:12,Mumbai,3,CONFLICTED,0.08250000000000007,0.06750000000000006,0.8499999999999999,0.08951406649616367,0.07161125319693094,0.8388746803069053,0.8499999999999999,0.8388746803069053,DOWN,DOWN,0.039102308331316546,1,"(0.8, 0.9]"
2026-07-29 10:53:12,Hospet,3,CONFLICTED,0.08250000000000002,0.06750000000000002,0.85,0.08527131782945736,0.06821705426356589,0.8465116279069768,0.85,0.8465116279069768,DOWN,DOWN,0.035483444504536985,1,"(0.8, 0.9]"
2026-07-29 10:53:12,Wankaner,3,CONFLICTED,0.08250000000000002,0.06750000000000002,0.85,0.08150248051027639,0.06520198440822111,0.8532955350815026,0.85,0.8532955350815026,DOWN,DOWN,0.03241615312712054,1,"(0.8, 0.9]"
2026-07-29 10:53:12,Davangere,3,CONFLICTED,0.08250000000000007,0.06750000000000006,0.8499999999999999,0.07812500000000001,0.06250000000000001,0.8593750000000001,0.8499999999999999,0.8593750000000001,DOWN,DOWN,0.029785156249999972,1,"(0.8, 0.9]"
2026-07-29 10:53:12,Nasik,3,CAPITULATION,0.14355438623195188,0.11745358873523334,0.7389920250328148,0.10510510510510512,0.0840840840840841,0.810810810810811,0.7389920250328148,0.810810810810811,DOWN,DOWN,0.05390976562147728,1,"(0.8, 0.9]"
2026-07-29 10:53:12,Gujrat Necc Selling rate,3,CONFLICTED,0.08249999999999996,0.06749999999999996,0.8500000000000001,0.07365939893930465,0.05892751915144372,0.8674130819092516,0.8500000000000001,0.8674130819092516,DOWN,DOWN,0.026477450414246227,1,"(0.8, 0.9]"
2026-07-29 10:53:12,Anand,3,CONFLICTED,0.08250000000000002,0.06750000000000002,0.85,0.07096069868995633,0.056768558951965066,0.8722707423580787,0.85,0.8722707423580787,DOWN,DOWN,0.024572853301805822,1,"(0.8, 0.9]"
2026-07-29 10:53:12,Benglore,3,CONFLICTED,0.08250000000000007,0.06750000000000006,0.8499999999999999,0.06849315068493152,0.0547945205479452,0.8767123287671232,0.8499999999999999,0.8767123287671232,DOWN,DOWN,0.02289360105085383,1,"(0.8, 0.9]"
2026-07-29 10:53:12,Surat,3,CONFLICTED,0.08250000000000002,0.06750000000000002,0.85,0.06622516556291391,0.05298013245033112,0.880794701986755,0.85,0.880794701986755,DOWN,DOWN,0.021402570062716533,1,"(0.8, 0.9]"
2026-07-29 10:53:12,Namakkal,3,CONFLICTED,0.08250000000000007,0.06750000000000006,0.8499999999999999,0.06413091552410437,0.051304732419283496,0.884564352056612,0.8499999999999999,0.884564352056612,DOWN,DOWN,0.02007033871068391,1,"(0.8, 0.9]"
2026-07-29 10:53:12,Navapur,3,CONFLICTED,0.08250000000000002,0.06750000000000002,0.85,0.06218905472636816,0.04975124378109453,0.8880597014925373,0.85,0.8880597014925373,DOWN,DOWN,0.018873295215464964,1,"(0.8, 0.9]"
2026-07-29 10:53:12,Siddipet,3,CONFLICTED,0.08250000000000002,0.06750000000000002,0.85,0.060381768601480326,0.04830541488118426,0.8913128165173354,0.85,0.8913128165173354,DOWN,DOWN,0.017792274939680455,1,"(0.8, 0.9]"
2026-07-29 10:53:12,Pune,3,CONFLICTED,0.08250000000000002,0.06750000000000002,0.85,0.0586940572267058,0.04695524578136464,0.8943506969919296,0.85,0.8943506969919296,DOWN,DOWN,0.016811562686211253,1,"(0.8, 0.9]"
2026-07-30 10:55:48,Mysuru,3,PANIC,0.2174821405230642,0.5167063543931907,0.2658115050837451,0.16339869281045752,0.7058823529411765,0.13071895424836602,0.5167063543931907,0.7058823529411765,FLAT,DOWN,1.2806185655089926,0,"(0.7, 0.8]"
2026-07-30 10:55:48,Benglore,3,PANIC,0.19087822262476936,0.15617309123844764,0.652948686136783,0.05709624796084829,0.045676998368678626,0.8972267536704731,0.652948686136783,0.8972267536704731,DOWN,DOWN,0.015908709872288554,1,"(0.8, 0.9]"
2026-07-30 10:55:48,Barwala,3,PANIC,0.11276428166772638,0.09226168500086704,0.7949740333314066,0.08161044613710557,0.06528835690968444,0.8531011969532101,0.7949740333314066,0.8531011969532101,DOWN,UP,1.5754835944354524,0,"(0.8, 0.9]"
2026-07-30 10:55:48,Vij/God,3,PANIC,0.11276428166772638,0.09226168500086704,0.7949740333314066,0.10020876826722337,0.06680584551148225,0.8329853862212943,0.7949740333314066,0.8329853862212943,DOWN,FLAT,1.5747577808674125,0,"(0.8, 0.9]"
2026-07-30 10:55:48,Surat,3,PANIC,0.11493542317389271,0.09403807350591221,0.7910265033201951,0.1021021021021021,0.0850850850850851,0.8128128128128128,0.7910265033201951,0.8128128128128128,DOWN,DOWN,0.05270335400465531,1,"(0.8, 0.9]"
2026-07-30 10:55:48,Siddipet,3,PANIC,0.1149844611806886,0.09407819551147248,0.7909373433078389,0.09457092819614712,0.0788091068301226,0.8266199649737304,0.7909373433078389,0.8266199649737304,DOWN,DOWN,0.04521517232495298,1,"(0.8, 0.9]"
2026-07-30 10:55:48,Navapur,3,PANIC,0.11616396747127802,0.09504324611286384,0.7887927864158581,0.08844065166795967,0.07370054305663305,0.8378588052754073,0.7887927864158581,0.8378588052754073,DOWN,DOWN,0.03954328594101427,1,"(0.8, 0.9]"
2026-07-30 10:55:48,Metapally,3,PANIC,0.11739291570412262,0.09604874921246395,0.7865583350834134,0.08333333333333331,0.06944444444444443,0.8472222222222221,0.7865583350834134,0.8472222222222221,DOWN,DOWN,0.035108024691358056,1,"(0.8, 0.9]"
2026-07-30 10:55:48,Mahuva,3,PANIC,0.11867387417144502,0.09709680614027319,0.7842293196882818,0.07899686520376176,0.0658307210031348,0.8551724137931036,0.7842293196882818,0.8551724137931036,DOWN,DOWN,0.031549218266329886,1,"(0.8, 0.9]"
2026-07-30 10:55:48,Mumbai,3,PANIC,0.12000958287670487,0.09818965871730398,0.7818007584059912,0.07525655644241733,0.06271379703534777,0.8620296465222349,0.7818007584059912,0.8620296465222349,DOWN,DOWN,0.028632388064940985,1,"(0.8, 0.9]"
2026-07-30 10:55:48,Kolkata,3,PANIC,0.12000958287670492,0.09818965871730402,0.7818007584059911,0.07198748043818466,0.059989567031820554,0.8680229525299947,0.7818007584059911,0.8680229525299947,DOWN,FLAT,1.6422656575477517,0,"(0.8, 0.9]"
2026-07-30 10:55:48,Wankaner,3,PANIC,0.11385198702578393,0.09315162574836866,0.7929963872258474,0.07280080889787666,0.07280080889787666,0.8543983822042467,0.7929963872258474,0.8543983822042467,DOWN,DOWN,0.03179974665711094,1,"(0.8, 0.9]"
2026-07-30 10:55:48,Jabalpur,3,PANIC,0.12202834999527738,0.0998413772688633,0.7781302727358593,0.06983240223463688,0.06983240223463688,0.8603351955307263,0.7781302727358593,0.8603351955307263,DOWN,DOWN,0.029259386411160677,1,"(0.8, 0.9]"
2026-07-30 10:55:48,Hospet,3,PANIC,0.12490618258655467,0.10219596757081746,0.7728978498426279,0.06718346253229975,0.06718346253229975,0.8656330749354004,0.7728978498426279,0.8656330749354004,DOWN,DOWN,0.027081705826973564,1,"(0.8, 0.9]"
2026-07-30 10:55:48,Namakkal,3,PANIC,0.12643386651184607,0.10344589078241952,0.7701202427057344,0.06480000000000001,0.06480000000000001,0.8704000000000001,0.7701202427057344,0.8704000000000001,DOWN,DOWN,0.025194239999999986,1,"(0.8, 0.9]"
2026-07-30 10:55:48,Nasik,3,PANIC,0.12802469404897865,0.10474747694916434,0.767227829001857,0.06263982102908278,0.06263982102908278,0.8747203579418346,0.767227829001857,0.8747203579418346,DOWN,DOWN,0.0235424830713331,1,"(0.8, 0.9]"
2026-07-30 10:55:48,Gujrat Necc Selling rate,3,PANIC,0.12968187765471242,0.1061033544447647,0.7642147679005229,0.06066945606694561,0.06066945606694561,0.8786610878661089,0.7642147679005229,0.8786610878661089,DOWN,DOWN,0.02208469739675424,1,"(0.8, 0.9]"
2026-07-30 10:55:48,Davangere,3,PANIC,0.13140883926191677,0.10751632303247734,0.7610748377056059,0.05886200130804448,0.05886200130804448,0.8822759973839112,0.7610748377056059,0.8822759973839112,DOWN,DOWN,0.020788411187929352,1,"(0.8, 0.9]"
2026-07-30 10:55:48,Anand,3,PANIC,0.13320922760487594,0.10898936804035303,0.7578014043547711,0.05719557195571956,0.05719557195571956,0.885608856088561,0.7578014043547711,0.885608856088561,DOWN,DOWN,0.01962800070805134,1,"(0.8, 0.9]"
2026-07-30 10:55:48,Bhopal,3,PANIC,0.13508693729958177,0.11052567597238507,0.7543873867280332,0.05565217391304349,0.05565217391304349,0.8886956521739132,0.7543873867280332,0.8886956521739132,DOWN,DOWN,0.018582986767485786,1,"(0.8, 0.9]"
2026-07-30 10:55:48,Raipur,3,PANIC,0.13704612989013779,0.11212865172829455,0.7508252183815677,0.05421686746987952,0.05421686746987952,0.8915662650602408,0.7508252183815677,0.8915662650602408,DOWN,DOWN,0.017636812309478906,1,"(0.8, 0.9]"
2026-07-30 10:55:48,Pune,3,PANIC,0.1390912571019307,0.11380193762885239,0.7471068052692169,0.05287713841368584,0.05287713841368584,0.8942457231726282,0.7471068052692169,0.8942457231726282,DOWN,DOWN,0.016775950600920575,1,"(0.8, 0.9]"
2026-07-30 10:55:48,Bilashpur,3,PANIC,0.1412270865764823,0.11554943447166734,0.7432234789518504,0.05162241887905604,0.05162241887905604,0.8967551622418879,0.7432234789518504,0.8967551622418879,DOWN,DOWN,0.015989244785548334,1,"(0.8, 0.9]"
2026-07-30 10:55:48,Nagpur,3,PANIC,0.12343862353652245,0.1009952374389729,0.7755661390245047,0.05044371788883699,0.05044371788883699,0.899112564222326,0.7755661390245047,0.899112564222326,DOWN,DOWN,0.015267412046691443,1,"(0.8, 0.9]"
2026-07-31 11:25:15,Nasik,3,PANIC,0.10153555554816825,0.08307454544850129,0.8153898990033305,0.04782608695652174,0.04782608695652174,0.9043478260869566,0.8153898990033305,0.9043478260869566,DOWN,DOWN,0.013724007561436652,1,"(0.9, 1.0]"
2026-07-31 11:25:15,Wankaner,3,PANIC,0.10089470811853758,0.08255021573334892,0.8165550761481135,0.046810463515374025,0.046810463515374025,0.906379072969252,0.8165550761481135,0.906379072969252,DOWN,DOWN,0.013147316967144964,1,"(0.9, 1.0]"
2026-07-31 11:25:15,Metapally,3,PANIC,0.10027769718376714,0.08204538860490039,0.8176769142113325,0.04585152838427948,0.04585152838427948,0.9082969432314411,0.8176769142113325,0.9082969432314411,DOWN,DOWN,0.012614175931046318,1,"(0.9, 1.0]"
2026-07-31 11:25:15,Bhopal,3,PANIC,0.09968348774909644,0.08155921724926073,0.8187572950016428,0.04494382022471911,0.04494382022471911,0.9101123595505619,0.8187572950016428,0.9101123595505619,DOWN,DOWN,0.0121196818583512,1,"(0.9, 1.0]"
2026-07-31 11:25:15,Bilashpur,3,PANIC,0.10220133301443758,0.08361927246635802,0.8141793945192044,0.04408260524225575,0.04408260524225575,0.9118347895154885,0.8141793945192044,0.9118347895154885,DOWN,DOWN,0.01165965650966733,1,"(0.9, 1.0]"
2026-07-31 11:25:15,Davangere,3,PANIC,0.1022468508307776,0.08365651431609075,0.8140966348531317,0.04326375711574952,0.04326375711574952,0.9134724857685009,0.8140966348531317,0.9134724857685009,DOWN,DOWN,0.01123051607862341,1,"(0.9, 1.0]"
2026-07-31 11:25:15,Mahuva,3,PANIC,0.10157721556327164,0.08310863091540406,0.8153141535213243,0.04248366013071895,0.04248366013071895,0.9150326797385622,0.8153141535213243,0.9150326797385622,DOWN,DOWN,0.01082916826861462,1,"(0.9, 1.0]"
2026-07-31 11:25:15,Mumbai,3,PANIC,0.10093280856039917,0.08258138882214477,0.8164858026174561,0.041739130434782605,0.041739130434782605,0.9165217391304348,0.8164858026174561,0.9165217391304348,DOWN,DOWN,0.010452930056710776,1,"(0.9, 1.0]"
2026-07-31 11:25:15,Benglore,3,PANIC,0.10031251292893525,0.08207387421458338,0.8176136128564814,0.04102735156771181,0.04102735156771181,0.9179452968645765,0.8176136128564814,0.9179452968645765,DOWN,DOWN,0.01009946145996373,1,"(0.9, 1.0]"
2026-07-31 11:25:15,Barwala,3,PANIC,0.09911109953206036,0.08109089961714029,0.8197980008507993,0.04034582132564842,0.04034582132564842,0.9193083573487033,0.8197980008507993,0.9193083573487033,DOWN,UP,1.7676917838367565,0,"(0.9, 1.0]"
2026-07-31 11:25:15,Vij/God,3,PANIC,0.10289319676987227,0.08418534281171368,0.8129214604184141,0.04727501177948798,0.040521438668132556,0.9122035495523795,0.8129214604184141,0.9122035495523795,DOWN,DOWN,0.011585130441687443,1,"(0.9, 1.0]"
2026-07-31 11:25:15,Nagpur,3,PANIC,0.11052226765341361,0.0904273098982475,0.7990504224483389,0.050694852221569775,0.04345273047563124,0.9058524173027991,0.7990504224483389,0.9058524173027991,DOWN,DOWN,0.013321875155280934,1,"(0.9, 1.0]"
2026-07-31 11:25:15,Gujrat Necc Selling rate,3,PANIC,0.10436014926937708,0.08538557667494487,0.8102542740556781,0.04602510460251046,0.03945008965929468,0.914524805738195,0.8102542740556781,0.914524805738195,DOWN,DOWN,0.010980628661891732,1,"(0.9, 1.0]"
2026-07-31 11:25:15,Surat,3,PANIC,0.11263475527498307,0.09215570886134979,0.7952095358636672,0.04918639053254439,0.04215976331360947,0.9086538461538461,0.7952095358636672,0.9086538461538461,DOWN,DOWN,0.012540866478764751,1,"(0.9, 1.0]"
2026-07-31 11:25:15,Namakkal,3,PANIC,0.11155621720969566,0.09127326862611464,0.7971705141641897,0.048241738823113625,0.04135006184838311,0.9104081993285033,0.7971705141641897,0.9104081993285033,DOWN,DOWN,0.012063783727103821,1,"(0.9, 1.0]"
2026-07-31 11:25:15,Hospet,3,PANIC,0.10361237030397323,0.08477375752143264,0.8116138721745941,0.04439746300211417,0.03805496828752643,0.9175475687103595,0.8116138721745941,0.9175475687103595,DOWN,DOWN,0.010217718757961632,1,"(0.9, 1.0]"
2026-07-31 11:25:15,Jabalpur,3,PANIC,0.10953064827558599,0.08961598495275216,0.8008533667716619,0.04371436329079554,0.03746945424925332,0.9188161824599511,0.8008533667716619,0.9188161824599511,DOWN,DOWN,0.009905717790032489,1,"(0.9, 1.0]"
2026-07-31 11:25:15,Navapur,3,PANIC,0.1137602960288703,0.09307660584180298,0.7931630981293267,0.04643449419568822,0.03980099502487563,0.9137645107794362,0.7931630981293267,0.9137645107794362,DOWN,DOWN,0.011176841057289551,1,"(0.9, 1.0]"
2026-07-31 11:25:15,Pune,3,PANIC,0.10766607293359454,0.08809042330930462,0.8042435037571009,0.04264419961114711,0.036552171095268954,0.9208036292935838,0.8042435037571009,0.9208036292935838,DOWN,DOWN,0.009426654105321267,1,"(0.9, 1.0]"
2026-07-31 11:25:15,Anand,3,PANIC,0.10678927393023471,0.08737304230655567,0.8058376837632096,0.04202101050525262,0.036018009004502256,0.9219609804902451,0.8058376837632096,0.9219609804902451,DOWN,DOWN,0.009153150862574861,1,"(0.9, 1.0]"
2026-07-31 11:25:15,Mysuru,3,PANIC,0.10594709961732071,0.08668399059598968,0.8073689097866896,0.04142011834319526,0.03550295857988166,0.923076923076923,0.8073689097866896,0.923076923076923,DOWN,DOWN,0.008893246034802713,1,"(0.9, 1.0]"
2026-07-31 11:25:15,Raipur,3,PANIC,0.105137906849876,0.08602192378626218,0.8088401693638618,0.04084014002333722,0.03500583430571762,0.9241540256709452,0.8088401693638618,0.9241540256709452,DOWN,DOWN,0.00864593729448879,1,"(0.9, 1.0]"
2026-07-31 11:25:15,Siddipet,3,PANIC,0.10857924422680633,0.08883756345829608,0.8025831923148976,0.04027981496107413,0.03452555568092067,0.9251946293580051,0.8025831923148976,0.9251946293580051,DOWN,DOWN,0.008410320965260955,1,"(0.9, 1.0]"
2026-08-01 11:13:08,Bilashpur,3,PANIC,0.09586260548116407,0.07843304084822515,0.8257043536706108,0.03973799126637555,0.03406113537117904,0.9262008733624454,0.8257043536706108,0.9262008733624454,DOWN,FLAT,1.792465055967659,0,"(0.9, 1.0]"
2026-08-01 11:13:08,Metapally,3,PANIC,0.09691396260592804,0.07929324213212294,0.823792795261949,0.03984962406015038,0.03984962406015038,0.9203007518796993,0.823792795261949,0.9203007518796993,DOWN,DOWN,0.009527955226411889,1,"(0.9, 1.0]"
2026-08-01 11:13:08,Davangere,3,PANIC,0.09751746596182126,0.07978701760512648,0.8226955164330523,0.03931766174329104,0.03931766174329104,0.9213646765134179,0.8226955164330523,0.9213646765134179,DOWN,DOWN,0.009275271149759111,1,"(0.9, 1.0]"
2026-08-01 11:13:08,Nagpur,3,PANIC,0.09815319344219196,0.08030715827088433,0.8215396482869237,0.038802660753880266,0.038802660753880266,0.9223946784922394,0.8215396482869237,0.9223946784922394,DOWN,DOWN,0.009033878889484325,1,"(0.9, 1.0]"
2026-08-01 11:13:08,Jabalpur,3,PANIC,0.09882347727101429,0.08085557231264805,0.8203209504163377,0.038303693570451436,0.038303693570451436,0.9233926128590971,0.8203209504163377,0.9233926128590971,DOWN,DOWN,0.008803037646834256,1,"(0.9, 1.0]"
2026-08-01 11:13:08,Barwala,3,PANIC,0.0949549439962364,0.07769040872419342,0.8273546472795702,0.03781990521327014,0.03781990521327014,0.9243601895734596,0.8273546472795702,0.9243601895734596,DOWN,UP,1.7816626401024231,0,"(0.9, 1.0]"
2026-08-01 11:13:08,Wankaner,3,PANIC,0.09495494399623634,0.07769040872419336,0.8273546472795703,0.04330782154190778,0.03789434384916931,0.918797834608923,0.8273546472795703,0.918797834608923,DOWN,FLAT,1.771712321886172,0,"(0.9, 1.0]"
2026-08-01 11:13:08,Mysuru,3,PANIC,0.18378828764535263,0.1503722353461976,0.6658394770084498,0.0464,0.0464,0.9072,0.6658394770084498,0.9072,DOWN,DOWN,0.012917759999999999,1,"(0.9, 1.0]"
2026-08-01 11:13:08,Bhopal,3,PANIC,0.09586260548116401,0.0784330408482251,0.8257043536706109,0.04301859278162596,0.04301859278162596,0.9139628144367481,0.8257043536706109,0.9139628144367481,DOWN,DOWN,0.011103595949468165,1,"(0.9, 1.0]"
2026-08-01 11:13:08,Raipur,3,PANIC,0.09586260548116407,0.07843304084822515,0.8257043536706108,0.04247787610619469,0.04247787610619469,0.9150442477876106,0.8257043536706108,0.9150442477876106,DOWN,FLAT,1.755958963113791,0,"(0.9, 1.0]"
2026-08-01 11:13:08,Mumbai,3,PANIC,0.09638336268642687,0.07885911492525835,0.8247575223883148,0.04254206259262488,0.047859820416702996,0.9095981169906722,0.8247575223883148,0.9095981169906722,DOWN,DOWN,0.012272889951586069,1,"(0.9, 1.0]"
2026-08-01 11:13:08,Hospet,3,PANIC,0.09634055328206896,0.07882408904896551,0.8248353576689655,0.04201253599864476,0.04726410299847536,0.91072336100288,0.8248353576689655,0.91072336100288,DOWN,DOWN,0.01196926688391,1,"(0.9, 1.0]"
2026-08-01 11:13:08,Siddipet,3,PANIC,0.09691181561222943,0.07929148550091498,0.8237966988868556,0.041498559077809805,0.04668587896253603,0.9118155619596543,0.8237966988868556,0.9118155619596543,DOWN,DOWN,0.011678196812530605,1,"(0.9, 1.0]"
2026-08-01 11:13:08,Surat,3,PANIC,0.09971527226271232,0.08158522276040099,0.8186995049768867,0.04099935938500961,0.046124279308135806,0.9128763613068546,0.8186995049768867,0.9128763613068546,DOWN,FLAT,1.7449030890282473,0,"(0.9, 1.0]"
2026-08-01 11:13:08,Namakkal,3,PANIC,0.09971527226271232,0.08158522276040099,0.8186995049768867,0.04104183109707971,0.05130228887134964,0.9076558800315706,0.8186995049768867,0.9076558800315706,DOWN,DOWN,0.012843793235984304,1,"(0.9, 1.0]"
2026-08-01 11:13:08,Vij/God,3,PANIC,0.0991229094991564,0.0811005623174916,0.819776528183352,0.04055299539170507,0.05069124423963134,0.9087557603686636,0.819776528183352,0.9087557603686636,DOWN,DOWN,0.012539658943702356,1,"(0.9, 1.0]"
2026-08-01 11:13:08,Navapur,3,PANIC,0.09855344030166302,0.08063463297408792,0.8208119267242491,0.04007776282338867,0.050097203529235836,0.9098250336473755,0.8208119267242491,0.9098250336473755,DOWN,DOWN,0.012247481431074427,1,"(0.9, 1.0]"
2026-08-01 11:13:08,Mahuva,3,PANIC,0.09638336268642682,0.0788591149252583,0.8247575223883149,0.03961549665016021,0.04951937081270026,0.9108651325371395,0.8247575223883149,0.9108651325371395,DOWN,FLAT,1.7346581037070248,0,"(0.9, 1.0]"
2026-08-01 11:13:08,Anand,3,PANIC,0.09800581188682352,0.08018657336194651,0.82180761475123,0.03964093357271095,0.05450628366247756,0.9058527827648114,0.82180761475123,0.9058527827648114,DOWN,FLAT,1.7160990352910082,0,"(0.9, 1.0]"
2026-08-01 11:13:08,Nasik,3,PANIC,0.09800581188682346,0.08018657336194646,0.8218076147512301,0.039660056657223795,0.059490084985835696,0.9008498583569404,0.8218076147512301,0.9008498583569404,DOWN,DOWN,0.014942740893514932,1,"(0.9, 1.0]"
2026-08-01 11:13:08,Benglore,3,PANIC,0.09744713511562224,0.0797294741855091,0.8228233906988687,0.03920485919381557,0.058807288790723354,0.9019878520154611,0.8228233906988687,0.9019878520154611,DOWN,DOWN,0.014601699351865602,1,"(0.9, 1.0]"
2026-08-01 11:13:08,Pune,3,PANIC,0.09691181561222943,0.07929148550091498,0.8237966988868556,0.03876177658142665,0.05814266487213997,0.9030955585464333,0.8237966988868556,0.9030955585464333,DOWN,FLAT,1.704179302924197,0,"(0.9, 1.0]"
2026-08-01 11:13:08,Gujrat Necc Selling rate,3,PANIC,0.09800581188682352,0.08018657336194651,0.82180761475123,0.038770497244904736,0.0630020580229702,0.8982274447321251,0.82180761475123,0.8982274447321251,DOWN,FLAT,1.6862808371958093,0,"(0.8, 0.9]"
2026-08-02 11:00:41,Nagpur,3,PANIC,0.11085956481375427,0.09070328030216257,0.7984371548840832,0.03931910812754735,0.06880843922320787,0.8918724526492449,0.7984371548840832,0.8918724526492449,DOWN,FLAT,1.6641001869204435,0,"(0.8, 0.9]"
2026-08-02 11:00:41,Raipur,3,PANIC,0.12469863820187536,0.10202615852880711,0.7732752032693175,0.039688164422395464,0.0744153082919915,0.8858965272856131,0.7732752032693175,0.8858965272856131,DOWN,FLAT,1.6430948289761371,0,"(0.8, 0.9]"
2026-08-02 11:00:41,Navapur,3,PANIC,0.12275585768643121,0.1004366108343528,0.776807531479216,0.04003724394785847,0.08007448789571694,0.8798882681564246,0.776807531479216,0.8798882681564246,DOWN,FLAT,1.6220692931625802,0,"(0.8, 0.9]"
2026-08-02 11:00:41,Benglore,3,PANIC,0.12085020442107998,0.09887743998088361,0.7802723555980364,0.04036697247706422,0.08577981651376147,0.8738532110091742,0.7802723555980364,0.8738532110091742,DOWN,FLAT,1.6010474707516202,0,"(0.8, 0.9]"
2026-08-02 11:00:41,Davangere,3,PANIC,0.12062570907008635,0.09869376196643427,0.7806805289634794,0.04067796610169492,0.09152542372881356,0.8677966101694915,0.7806805289634794,0.8677966101694915,DOWN,DOWN,0.02750933639758691,1,"(0.8, 0.9]"
2026-08-02 11:00:41,Vij/God,3,PANIC,0.2030535694085581,0.16613473860700206,0.6308116919844399,0.03717472118959108,0.08364312267657993,0.879182156133829,0.6308116919844399,0.879182156133829,DOWN,DOWN,0.022975083263083708,1,"(0.8, 0.9]"
2026-08-02 11:00:41,Pune,3,PANIC,0.11823253275318214,0.09673570861623992,0.785031758630578,0.039757994814174594,0.08945548833189283,0.8707865168539326,0.785031758630578,0.8707865168539326,DOWN,FLAT,1.5889411638151598,0,"(0.8, 0.9]"
2026-08-02 11:00:41,Siddipet,3,PANIC,0.11633383848805351,0.0951822314902256,0.7884839300217209,0.040038334575657544,0.09509104461718666,0.8648706208071558,0.7884839300217209,0.8648706208071558,DOWN,FLAT,1.5684644765029618,0,"(0.8, 0.9]"
2026-08-02 11:00:41,Bilashpur,3,PANIC,0.1144722767247121,0.09365913550203717,0.7918685877732508,0.04030226700251889,0.10075566750629722,0.8589420654911839,0.7918685877732508,0.8589420654911839,DOWN,FLAT,1.5480461141178485,0,"(0.8, 0.9]"
2026-08-02 11:00:41,Namakkal,3,PANIC,0.11264760701777077,0.09216622392363062,0.7951861690585986,0.04055032585083272,0.1064446053584359,0.8530050687907313,0.7951861690585986,0.8530050687907313,DOWN,FLAT,1.5277032196023304,0,"(0.8, 0.9]"
2026-08-02 11:00:41,Bhopal,3,PANIC,0.12667871402060774,0.10364622056231541,0.7696750654170769,0.040783034257748776,0.11215334420880914,0.8470636215334421,0.7696750654170769,0.8470636215334421,DOWN,DOWN,0.03763116435895458,1,"(0.8, 0.9]"
2026-08-02 11:00:41,Nasik,3,PANIC,0.10910786277869902,0.0892700695462083,0.8016220676750927,0.03468072642062097,0.09537199765670767,0.8699472759226713,0.8016220676750927,0.8699472759226713,DOWN,FLAT,1.576362838293954,0,"(0.8, 0.9]"
2026-08-02 11:00:41,Jabalpur,3,PANIC,0.10661212329489328,0.08722810087763995,0.8061597758274668,0.03471217818918137,0.09979751229389645,0.8654903095169222,0.8061597758274668,0.8654903095169222,DOWN,DOWN,0.029257335608541286,1,"(0.8, 0.9]"
2026-08-02 11:00:41,Mysuru,3,PANIC,0.10578757153698845,0.08655346762117237,0.8076589608418392,0.03435028248587571,0.09875706214689266,0.8668926553672317,0.8076589608418392,0.8668926553672317,DOWN,DOWN,0.02865046442593123,1,"(0.8, 0.9]"
2026-08-02 11:00:41,Gujrat Necc Selling rate,3,PANIC,0.10491503691597671,0.0858395756585264,0.8092453874254969,0.03399746122854462,0.09774270103206577,0.8682598377393895,0.8092453874254969,0.8682598377393895,DOWN,DOWN,0.02806493332748216,1,"(0.8, 0.9]"
2026-08-02 11:00:41,Wankaner,3,PANIC,0.10399064722963323,0.08508325682424536,0.8109260959461214,0.033653327580627765,0.09675331679430481,0.8695933556250673,0.8109260959461214,0.8695933556250673,DOWN,DOWN,0.027499643665078302,1,"(0.8, 0.9]"
2026-08-02 11:00:41,Barwala,3,PANIC,0.18863205166827887,0.15433531500131908,0.6570326333304021,0.033508985272260504,0.09633833265774895,0.8701526820699905,0.6570326333304021,0.8701526820699905,DOWN,FLAT,1.5748929512313516,0,"(0.8, 0.9]"
2026-08-02 11:00:41,Mumbai,3,PANIC,0.10116851498400893,0.08277423953237094,0.8160572454836201,0.032975060002087025,0.09892518000626108,0.8680997599916518,0.8160572454836201,0.8680997599916518,DOWN,DOWN,0.02827121913567226,1,"(0.8, 0.9]"
2026-08-02 11:00:41,Surat,3,PANIC,0.10007199233768958,0.08187708463992784,0.8180509230223826,0.0326530612244898,0.0979591836734694,0.8693877551020408,0.8180509230223826,0.8693877551020408,DOWN,DOWN,0.02772178259058726,1,"(0.8, 0.9]"
2026-08-02 11:00:41,Mahuva,3,PANIC,0.09890866782288034,0.08092527367326573,0.8201660585038539,0.032338556742189835,0.09701567022656951,0.8706457730312406,0.8201660585038539,0.8706457730312406,DOWN,DOWN,0.027190338556363644,1,"(0.8, 0.9]"
2026-08-02 11:00:41,Anand,3,PANIC,0.09767283647482729,0.0799141389339496,0.8224130245912231,0.03203125,0.09609374999999999,0.871875,0.8224130245912231,0.871875,DOWN,DOWN,0.02667602539062501,1,"(0.8, 0.9]"
2026-08-02 11:00:41,Metapally,3,PANIC,0.09579528856900761,0.07837796337464259,0.8258267480563498,0.03173086112969512,0.09519258338908536,0.8730765554812197,0.8258267480563498,0.8730765554812197,DOWN,FLAT,1.5819459804331006,0,"(0.8, 0.9]"
2026-08-02 11:00:41,Hospet,3,PANIC,0.10739219211394009,0.08786633900231461,0.8047414688837453,0.031746031746031744,0.0992063492063492,0.8690476190476191,0.8047414688837453,0.8690476190476191,DOWN,UP,1.7026014109347443,0,"(0.8, 0.9]"
2026-08-03 10:50:19,Benglore,3,PANIC,0.15067187050661682,0.1232769849599592,0.726051144533424,0.04119547657512116,0.11443187937533655,0.8443726440495423,0.726051144533424,0.8443726440495423,DOWN,UP,1.6453659311765958,0,"(0.8, 0.9]"
2026-08-03 10:50:19,Surat,3,PANIC,0.15301112701490846,0.12519092210310692,0.7217979508819846,0.04605030109812257,0.11512575274530641,0.8388239461565711,0.7217979508819846,0.8388239461565711,DOWN,DOWN,0.04135228950894108,1,"(0.8, 0.9]"
2026-08-03 10:50:19,Mumbai,3,PANIC,0.1512330503503719,0.12373613210484972,0.7250308175447784,0.045341774317734625,0.11335443579433657,0.8413037898879289,0.7250308175447784,0.8413037898879289,DOWN,DOWN,0.04008959171646738,1,"(0.8, 0.9]"
2026-08-03 10:50:19,Siddipet,3,PANIC,0.22709236255268048,0.18580284208855674,0.5871047953587628,0.04844290657439446,0.12110726643598616,0.8304498269896193,0.5871047953587628,0.8304498269896193,DOWN,FLAT,1.4644460674560889,0,"(0.8, 0.9]"
2026-08-03 10:50:19,Pune,3,PANIC,0.14836930029989487,0.12139306388173217,0.730237635818373,0.04421880117916803,0.11496888306583686,0.840812315754995,0.730237635818373,0.840812315754995,DOWN,FLAT,1.4922007306447327,0,"(0.8, 0.9]"
2026-08-03 10:50:19,Navapur,3,PANIC,0.15263997908356136,0.12488725561382293,0.7224727653026157,0.04445881497049551,0.12003880042033789,0.8355023846091666,0.7224727653026157,0.8355023846091666,DOWN,FLAT,1.4743725336818625,0,"(0.8, 0.9]"
2026-08-03 10:50:19,Bhopal,3,PANIC,0.1549169510968029,0.126750232715566,0.7183328161876311,0.04468560485157996,0.12511969358442387,0.8301947015639961,0.7183328161876311,0.8301947015639961,DOWN,DOWN,0.04648558038055201,1,"(0.8, 0.9]"
2026-08-03 10:50:19,Mahuva,3,PANIC,0.15305326552955636,0.12522539906963703,0.7217213354008066,0.04402904372006797,0.12328132241619033,0.8326896338637417,0.7217213354008066,0.8326896338637417,DOWN,FLAT,1.4639462226593398,0,"(0.8, 0.9]"
2026-08-03 10:50:19,Metapally,3,PANIC,0.23716523953351895,0.19404428689106096,0.5687904735754201,0.048055919615552646,0.1393621668851027,0.8125819134993447,0.5687904735754201,0.8125819134993447,DOWN,FLAT,1.403296217345059,0,"(0.8, 0.9]"
2026-08-03 10:50:19,Barwala,3,PANIC,0.23045917510630254,0.18855750690515663,0.5809833179885409,0.049313893653516294,0.1479416809605489,0.8027444253859348,0.5809833179885409,0.8027444253859348,DOWN,UP,1.5700894262538654,0,"(0.8, 0.9]"
2026-08-03 10:50:19,Jabalpur,3,PANIC,0.1499336112272931,0.12267295464051253,0.7273934341321944,0.04772591262716936,0.13016157989228008,0.8221125074805506,0.7273934341321944,0.8221125074805506,DOWN,DOWN,0.05086375961100777,1,"(0.8, 0.9]"
2026-08-03 10:50:19,Nasik,3,PANIC,0.13473052806134858,0.11023406841383064,0.7550354035248208,0.04704603117071403,0.128307357738311,0.8246466110909751,0.7550354035248208,0.8246466110909751,DOWN,UP,1.6046260779411048,0,"(0.8, 0.9]"
2026-08-03 10:50:19,Bilashpur,3,PANIC,0.14529922156603536,0.11888118128130166,0.735819597152663,0.051546391752577324,0.1288659793814433,0.8195876288659794,0.735819597152663,0.8195876288659794,DOWN,FLAT,1.4332553937719206,0,"(0.8, 0.9]"
2026-08-03 10:50:19,Nagpur,3,PANIC,0.14303770646359962,0.11703085074294514,0.7399314427934552,0.051757052959061016,0.13370572014424098,0.8145372268966979,0.7399314427934552,0.8145372268966979,DOWN,UP,1.580512800212738,0,"(0.8, 0.9]"
2026-08-03 10:50:19,Kolkata Sell,3,PANIC,0.2182363264141654,0.1785569943388626,0.603206679246972,0.0471976401179941,0.112548218742909,0.8402541411390969,0.603206679246972,0.8402541411390969,DOWN,UP,1.6265264602403227,0,"(0.8, 0.9]"
2026-08-03 10:50:19,Namakkal,3,PANIC,0.1390167006539194,0.11374093689866134,0.7472423624474193,0.060052580600525804,0.1329735713297357,0.8069738480697386,0.7472423624474193,0.8069738480697386,DOWN,UP,1.552389913376397,0,"(0.8, 0.9]"
2026-08-03 10:50:19,Davangere,3,PANIC,0.13685486794067545,0.11197216467873444,0.7511729673805901,0.06457564575645756,0.13345633456334566,0.8019680196801968,0.7511729673805901,0.8019680196801968,DOWN,UP,1.5359820203368084,0,"(0.8, 0.9]"
2026-08-03 10:50:19,Hospet,3,PANIC,0.14759791258073893,0.12076192847515003,0.731640158944111,0.06911447084233262,0.13390928725701945,0.796976241900648,0.731640158944111,0.796976241900648,DOWN,UP,1.5196506957629135,0,"(0.7, 0.8]"
2026-08-03 10:50:19,Anand,3,PANIC,0.13264367384464126,0.10852664223652465,0.7588296839188341,0.07366666666666666,0.1343333333333333,0.7919999999999999,0.7588296839188341,0.7919999999999999,DOWN,FLAT,1.3820695555555556,0,"(0.7, 0.8]"
2026-08-03 10:50:19,Mysuru,3,PANIC,0.13059426421362894,0.10684985253842366,0.7625558832479474,0.07388384037929673,0.1390754642433821,0.7870406953773212,0.7625558832479474,0.7870406953773212,DOWN,FLAT,1.3660829343169587,0,"(0.7, 0.8]"
2026-08-03 10:50:19,Wankaner,3,PANIC,0.1285822254431668,0.10520363899895466,0.7662141355578785,0.07408611942240147,0.14381423181995578,0.7820996487576428,0.7662141355578785,0.7820996487576428,DOWN,FLAT,1.350222683311951,0,"(0.7, 0.8]"
2026-08-03 10:50:19,Gujrat Necc Selling rate,3,PANIC,0.12660745244017388,0.10358791563286954,0.7698046319269566,0.0742739655615523,0.1485479311231046,0.7771781033153431,0.7698046319269566,0.7771781033153431,DOWN,FLAT,1.3344930518278182,0,"(0.7, 0.8]"
2026-08-04 10:58:02,Surat,3,PANIC,0.26987324745450364,0.2208053842809575,0.5093213682645389,0.07692307692307693,0.1583710407239819,0.7647058823529411,0.5093213682645389,0.7647058823529411,DOWN,FLAT,1.2990315513605373,0,"(0.7, 0.8]"
2026-08-04 10:58:02,Davangere,3,PANIC,0.19222068068442516,0.15727146601452965,0.6505078533010452,0.05862681575922249,0.12415090396070644,0.817222280280071,0.6505078533010452,0.817222280280071,DOWN,UP,1.5694491743480405,0,"(0.8, 0.9]"
2026-08-04 10:58:02,Anand,3,PANIC,0.19497213613734118,0.15952265683964278,0.6455052070230161,0.06307977736549165,0.1261595547309833,0.8107606679035251,0.6455052070230161,0.8107606679035251,DOWN,UP,1.551068597450787,0,"(0.8, 0.9]"
2026-08-04 10:58:02,Namakkal,3,PANIC,0.27763704927546756,0.22715758577083708,0.4952053649536954,0.11198428290766209,0.21218074656188607,0.6758349705304518,0.4952053649536954,0.6758349705304518,DOWN,UP,1.2903454904064753,0,"(0.6, 0.7]"
2026-08-04 10:58:02,Bilashpur,3,PANIC,0.2950087061779291,0.24137075960012383,0.4636205342219471,0.12310606060606061,0.22159090909090912,0.6553030303030304,0.4636205342219471,0.6553030303030304,DOWN,FLAT,1.0504978764921946,0,"(0.6, 0.7]"
2026-08-04 10:58:02,Navapur,3,PANIC,0.20095268962480353,0.16441583696574835,0.6346314734094481,0.07000700070007,0.1295129512951295,0.8004800480048004,0.6346314734094481,0.8004800480048004,DOWN,UP,1.5224288905538217,0,"(0.8, 0.9]"
2026-08-04 10:58:02,Benglore,3,PANIC,0.2037799469785543,0.16672904752790807,0.6294910054935376,0.07457092128624974,0.13138686131386862,0.7940422173998816,0.6294910054935376,0.7940422173998816,DOWN,UP,1.504184530068211,0,"(0.7, 0.8]"
2026-08-04 10:58:02,Nasik,3,PANIC,0.28923821521224524,0.23664944881001884,0.4741123359777359,0.13786929274843332,0.23187108325872877,0.630259623992838,0.4741123359777359,0.630259623992838,DOWN,UP,1.1942607492732564,0,"(0.6, 0.7]"
2026-08-04 10:58:02,Mahuva,3,PANIC,0.1878574474313567,0.15370154789838275,0.6584410046702606,0.08212700250916811,0.13211735186257478,0.7857556456282571,0.6584410046702606,0.7857556456282571,DOWN,FLAT,1.3773770701158496,0,"(0.7, 0.8]"
2026-08-04 10:58:02,Gujrat Necc Selling rate,3,PANIC,0.19815172176174123,0.16212413598687916,0.6397241422513796,0.08319055777650866,0.13744526936988385,0.7793641728536075,0.6397241422513796,0.7793641728536075,DOWN,FLAT,1.3583298461633466,0,"(0.7, 0.8]"
2026-08-04 10:58:02,Barwala,3,PANIC,0.2640785637486769,0.2160642794307356,0.5198571568205875,0.09835785152240849,0.1667807047553883,0.7348614437222032,0.5198571568205875,0.7348614437222032,DOWN,UP,1.380795708859472,0,"(0.7, 0.8]"
2026-08-04 10:58:02,Bhopal,3,PANIC,0.1835064571319151,0.15014164674429417,0.6663518961237908,0.08717518860016765,0.14165968147527244,0.77116512992456,0.6663518961237908,0.77116512992456,DOWN,FLAT,1.339043273524169,0,"(0.7, 0.8]"
2026-08-04 10:58:02,Mysuru,3,PANIC,0.18087277167775817,0.14798681319089305,0.6711404151313488,0.08818666176740768,0.14697776961234613,0.7648355686202462,0.6711404151313488,0.7648355686202462,DOWN,FLAT,1.320397259875862,0,"(0.7, 0.8]"
2026-08-04 10:58:02,Vij/God,3,PANIC,0.15934919208027873,0.13037661170204623,0.7102741962176751,0.09414975268633806,0.16083916083916083,0.7450110864745011,0.7102741962176751,0.7450110864745011,DOWN,UP,1.4014754251875843,0,"(0.7, 0.8]"
2026-08-04 10:58:02,Nagpur,3,PANIC,0.16169293680154062,0.13229422101944233,0.706012842179017,0.09833670487750058,0.16127219599910095,0.7403910991233985,0.706012842179017,0.7403910991233985,DOWN,UP,1.3871843986346901,0,"(0.7, 0.8]"
2026-08-04 10:58:02,Metapally,3,PANIC,0.16407213554849068,0.13424083817603782,0.7016870262754715,0.10252707581227437,0.16167731185781728,0.7357956123299084,0.7016870262754715,0.7357956123299084,DOWN,UP,1.372992385943582,0,"(0.7, 0.8]"
2026-08-04 10:58:02,Pune,3,PANIC,0.1664864703379193,0.13621620300375215,0.6972973266583286,0.09798194370685076,0.14878739599929192,0.7532306602938573,0.6972973266583286,0.7532306602938573,DOWN,UP,1.4031306906938414,0,"(0.7, 0.8]"
2026-08-04 10:58:02,Hospet,3,PANIC,0.15704117756919425,0.1284882361929771,0.7144705862378287,0.10980392156862745,0.16078431372549018,0.7294117647058823,0.7144705862378287,0.7294117647058823,DOWN,UP,1.3503421760861205,0,"(0.7, 0.8]"
2026-08-04 10:58:02,Kolkata Sell,3,PANIC,0.25102429381023034,0.20538351311746117,0.5435921930723085,0.11953075459733672,0.16899175649968293,0.7114774889029803,0.5435921930723085,0.7114774889029803,DOWN,UP,1.3099845230804739,0,"(0.7, 0.8]"
2026-08-04 10:58:02,Wankaner,3,PANIC,0.17316559180721744,0.14168093875135973,0.6851534694414229,0.10834049871023216,0.1480653482373173,0.7435941530524506,0.6851534694414229,0.7435941530524506,DOWN,FLAT,1.2904625789885764,0,"(0.7, 0.8]"
2026-08-04 10:58:02,Siddipet,3,PANIC,0.1757017533396552,0.14375598000517245,0.6805422666551724,0.1094147582697201,0.15318066157760812,0.7374045801526716,0.6805422666551724,0.7374045801526716,DOWN,UP,1.3603719026992727,0,"(0.7, 0.8]"
2026-08-04 10:58:02,Jabalpur,3,PANIC,0.1782710010396099,0.1458580917596808,0.6758709072007093,0.1141231593038822,0.1546184738955823,0.7312583668005355,0.6758709072007093,0.7312583668005355,DOWN,FLAT,1.26243281918392,0,"(0.7, 0.8]"
2026-08-04 10:58:02,Mumbai,3,PANIC,0.1689355806569942,0.1382200205375407,0.6928443988054651,0.11513700891383295,0.1597061736546715,0.7251568174314955,0.6928443988054651,0.7251568174314955,DOWN,FLAT,1.2452026552830726,0,"(0.7, 0.8]"
2026-08-05 11:06:04,Surat,3,PANIC,0.2375542909006527,0.19436260164598856,0.5680831074533588,0.12618724559023067,0.1791044776119403,0.694708276797829,0.5680831074533588,0.694708276797829,DOWN,UP,1.2782467335212429,0,"(0.6, 0.7]"
2026-08-05 11:06:04,Metapally,3,PANIC,0.2816349634545757,0.3741445256564983,0.3442205108889259,0.3950617283950617,0.5432098765432098,0.061728395061728385,0.3741445256564983,0.5432098765432098,FLAT,UP,0.6648376771833562,0,"(0.5, 0.6]"
2026-08-05 11:06:04,Anand,3,PANIC,0.23096134244477917,0.18896837109118295,0.5800702864640379,0.1354044548651817,0.1805392731535756,0.6840562719812426,0.5800702864640379,0.6840562719812426,DOWN,UP,1.2480528690546708,0,"(0.6, 0.7]"
2026-08-05 11:06:04,Mahuva,3,PANIC,0.22803766876860895,0.18657627444704367,0.5853860567843474,0.14178889847569742,0.18349151567443195,0.6747195858498706,0.5853860567843474,0.6747195858498706,DOWN,UP,1.225441950633478,0,"(0.6, 0.7]"
2026-08-05 11:06:04,Nasik,3,PANIC,0.27784825926062207,0.3825594238652843,0.33959231687409364,0.41666666666666663,0.5238095238095237,0.059523809523809514,0.3825594238652843,0.5238095238095237,FLAT,FLAT,0.4039115646258503,1,"(0.5, 0.6]"
2026-08-05 11:06:04,Hospet,3,PANIC,0.27401745678046147,0.3910723182656413,0.33491022495389733,0.411764705882353,0.5294117647058824,0.058823529411764705,0.3910723182656413,0.5294117647058824,FLAT,UP,0.629757785467128,0,"(0.5, 0.6]"
2026-08-05 11:06:04,Nagpur,3,PANIC,0.2700237529527914,0.3999472156604635,0.33002903138674505,0.4186046511627907,0.5232558139534884,0.05813953488372093,0.3999472156604635,0.5232558139534884,FLAT,UP,0.6151974040021634,0,"(0.5, 0.6]"
2026-08-05 11:06:04,Bilashpur,3,PANIC,0.238309945287239,0.19498086432592282,0.5667091903868382,0.15238879736408567,0.185337726523888,0.6622734761120265,0.5667091903868382,0.6622734761120265,DOWN,DOWN,0.17163162337256982,1,"(0.6, 0.7]"
2026-08-05 11:06:04,Davangere,3,PANIC,0.27765765236891615,0.382982994735742,0.33935935289534197,0.42528735632183906,0.5172413793103449,0.0574712643678161,0.382982994735742,0.5172413793103449,FLAT,UP,0.6011362135024442,0,"(0.5, 0.6]"
2026-08-05 11:06:04,Pune,3,PANIC,0.2733858866336692,0.3924758074807352,0.3341383058855957,0.43181818181818177,0.5113636363636364,0.05681818181818181,0.3924758074807352,0.5113636363636364,FLAT,UP,0.5875516528925621,0,"(0.5, 0.6]"
2026-08-05 11:06:04,Namakkal,3,PANIC,0.32689567051329643,0.2674600940563334,0.4056442354303702,0.20172413793103447,0.23275862068965517,0.5655172413793104,0.4056442354303702,0.5655172413793104,DOWN,UP,1.011230677764566,0,"(0.5, 0.6]"
2026-08-05 11:06:04,Gujrat Necc Selling rate,3,PANIC,0.20963699130669522,0.1715211747054779,0.6188418339878269,0.13745704467353953,0.15463917525773196,0.7079037800687286,0.6188418339878269,0.7079037800687286,DOWN,UP,1.2690213861432909,0,"(0.7, 0.8]"
2026-08-05 11:06:04,Bhopal,3,PANIC,0.23258638743115198,0.1902979533527607,0.5771156592160873,0.15792743538767393,0.17333499005964212,0.6687375745526838,0.5771156592160873,0.6687375745526838,DOWN,FLAT,1.1555260571264263,0,"(0.6, 0.7]"
2026-08-05 11:06:04,Vij/God,3,PANIC,0.22958357905366222,0.18784111013481455,0.5825753108115233,0.16015624999999997,0.17968749999999997,0.66015625,0.5825753108115233,0.66015625,DOWN,UP,1.173431396484375,0,"(0.6, 0.7]"
2026-08-05 11:06:04,Barwala,3,PANIC,0.31488147659385846,0.2576302990313387,0.4274882243748029,0.21818181818181817,0.23896103896103899,0.5428571428571428,0.4274882243748029,0.5428571428571428,DOWN,UP,0.9630359251138473,0,"(0.5, 0.6]"
2026-08-05 11:06:04,Mysuru,3,PANIC,0.22544340987153016,0.18445369898579742,0.5901028911426724,0.16898892461593426,0.18077884958913898,0.6502322257949267,0.5901028911426724,0.6502322257949267,DOWN,FLAT,1.1224824973855692,0,"(0.6, 0.7]"
2026-08-05 11:06:04,Kolkata Sell,3,PANIC,0.31197950657286555,0.2552559599232536,0.4327645335038809,0.2271597265382225,0.2482908638906153,0.5245494095711623,0.4327645335038809,0.5245494095711623,DOWN,UP,0.934082524457478,0,"(0.5, 0.6]"
2026-08-05 11:06:04,Jabalpur,3,PANIC,0.22124806473151828,0.18102114387124224,0.5977307913972395,0.17383221008598657,0.18568440622821292,0.6404833836858007,0.5977307913972395,0.6404833836858007,DOWN,FLAT,1.1035464883008894,0,"(0.6, 0.7]"
2026-08-05 11:06:04,Benglore,3,PANIC,0.3082009050016737,0.2521643768195512,0.4396347181787752,0.23571428571428574,0.2571428571428572,0.5071428571428571,0.4396347181787752,0.5071428571428571,DOWN,FLAT,0.8645918367346939,0,"(0.5, 0.6]"
2026-08-05 11:06:04,Mumbai,3,PANIC,0.21537636233821275,0.17621702373126497,0.6084066139305223,0.14548012662680268,0.16201195919803024,0.6925079141751671,0.6084066139305223,0.6925079141751671,DOWN,FLAT,1.202955634965715,0,"(0.6, 0.7]"
2026-08-05 11:06:04,Navapur,3,PANIC,0.21247200883474118,0.17384073450115187,0.613687256664107,0.1466462991251215,0.16664352173309263,0.6867101791417859,0.613687256664107,0.6867101791417859,DOWN,UP,1.227553472269403,0,"(0.6, 0.7]"
2026-08-05 11:06:04,Siddipet,3,PANIC,0.2988195467236109,0.24448872004659072,0.4566917332297984,0.2420039626379847,0.268893291819983,0.4891027455420322,0.4566917332297984,0.4891027455420322,DOWN,UP,0.8860830907390581,0,"(0.4, 0.5]"
2026-08-05 11:06:04,Wankaner,3,PANIC,0.2356037341827809,0.19276669160409346,0.5716295742131257,0.17884914463452567,0.1944012441679627,0.6267496111975117,0.5716295742131257,0.6267496111975117,DOWN,UP,1.104895646137734,0,"(0.6, 0.7]"
2026-08-06 10:56:49,Pune,3,NORMAL,0.1707949357452391,0.6204556983439131,0.2087493659108478,0.5365796831314074,0.4063373718546132,0.0570829450139795,0.6204556983439131,0.5365796831314074,UP,UP,0.38312691246377006,1,"(0.5, 0.6]"
2026-08-06 10:56:49,Vij/God,3,NORMAL,0.22665823082527556,0.4963150426104988,0.2770267265642257,0.34139402560455184,0.6230440967283072,0.03556187766714082,0.4963150426104988,0.6230440967283072,FLAT,FLAT,0.2599102808730719,1,"(0.6, 0.7]"
2026-08-06 10:56:49,Gujrat Necc Selling rate,3,NORMAL,0.2237715995197315,0.5027297788450411,0.2734986216352274,0.47110141766630315,0.4798255179934569,0.04907306434023992,0.5027297788450411,0.4798255179934569,FLAT,DOWN,1.3564311104081512,0,"(0.4, 0.5]"
2026-08-06 10:56:49,Surat,3,NORMAL,0.275834415372086,0.22568270348625213,0.498482881141662,0.26346053319393625,0.27443805541035027,0.46210141139571353,0.498482881141662,0.46210141139571353,DOWN,FLAT,0.8093893024014576,0,"(0.4, 0.5]"
2026-08-06 10:56:49,Bilashpur,3,NORMAL,0.2807131020973847,0.22967435626149654,0.4896125416411187,0.2670713201820941,0.283763277693475,0.44916540212443096,0.4896125416411187,0.44916540212443096,DOWN,DOWN,0.4552674420478907,1,"(0.4, 0.5]"
2026-08-06 10:56:49,Hospet,3,NORMAL,0.22252080427317295,0.5055093238373934,0.2719698718894336,0.46959280803807507,0.4717080909571655,0.058699101004759384,0.5055093238373934,0.4717080909571655,FLAT,FLAT,0.5030553309799739,1,"(0.4, 0.5]"
2026-08-06 10:56:49,Namakkal,3,NORMAL,0.21985782595019812,0.5114270534440042,0.2687151206057977,0.4249767008387698,0.521901211556384,0.05312208760484623,0.5114270534440042,0.521901211556384,FLAT,UP,0.6058546253937841,0,"(0.5, 0.6]"
2026-08-06 10:56:49,Jabalpur,3,NORMAL,0.2712133916491682,0.22190186589477398,0.5068847424560579,0.196,0.20400000000000001,0.6000000000000001,0.5068847424560579,0.6000000000000001,DOWN,DOWN,0.24003199999999994,1,"(0.6, 0.7]"
2026-08-06 10:56:49,Nagpur,3,NORMAL,0.22813094090126543,0.4930423535527435,0.2788267055459911,0.3197163120567376,0.6411347517730497,0.03914893617021277,0.4930423535527435,0.6411347517730497,FLAT,DOWN,1.4365070569890852,0,"(0.6, 0.7]"
2026-08-06 10:56:49,Mysuru,3,NORMAL,0.17180434155786586,0.6182125743158536,0.20998308412628053,0.5307625649913346,0.3934142114384749,0.07582322357019064,0.6182125743158536,0.5307625649913346,UP,FLAT,0.655404380513563,0,"(0.5, 0.6]"
2026-08-06 10:56:49,Barwala,3,NORMAL,0.4924852409061037,0.22838164159225335,0.279133117501643,0.5671641791044776,0.3805970149253732,0.05223880597014926,0.4924852409061037,0.5671641791044776,UP,DOWN,1.3647805747382489,0,"(0.5, 0.6]"
2026-08-06 10:56:49,Wankaner,3,NORMAL,0.22532594602247694,0.4992756755056068,0.2753983784719163,0.3297442799461642,0.6164199192462988,0.053835800807537006,0.4992756755056068,0.6164199192462988,FLAT,DOWN,1.3839314988343425,0,"(0.6, 0.7]"
2026-08-06 10:56:49,Anand,3,NORMAL,0.4892426475176292,0.22984080861706685,0.28091654386530396,0.5411764705882353,0.38999999999999996,0.0688235294117647,0.4892426475176292,0.5411764705882353,UP,DOWN,1.3120615916955016,0,"(0.5, 0.6]"
2026-08-06 10:56:49,Siddipet,3,NORMAL,0.4177320693396812,0.26202056879714347,0.3202473618631754,0.528755364806867,0.3939914163090129,0.07725321888412018,0.4177320693396812,0.528755364806867,UP,FLAT,0.6527966991471569,0,"(0.5, 0.6]"
2026-08-06 10:56:49,Davangere,3,NORMAL,0.4280642004526109,0.2573711097963251,0.314564689751064,0.5167037861915367,0.4053452115812918,0.0779510022271715,0.4280642004526109,0.5167037861915367,UP,DOWN,1.2814618975104288,0,"(0.5, 0.6]"
2026-08-06 10:56:49,Nasik,3,NORMAL,0.4275870262346734,0.257585838194397,0.3148271355709297,0.5050121918179354,0.4085613654836088,0.0864264426984557,0.4275870262346734,0.5050121918179354,UP,FLAT,0.6123065022808781,0,"(0.5, 0.6]"
2026-08-06 10:56:49,Mumbai,3,NORMAL,0.3095369129678188,0.2532574742463972,0.4372056127857839,0.27222222222222225,0.29444444444444445,0.43333333333333335,0.4372056127857839,0.43333333333333335,DOWN,FLAT,0.7596913580246913,0,"(0.4, 0.5]"
2026-08-06 10:56:49,Kolkata Sell,3,NORMAL,0.4464355777651596,0.24910399000567818,0.30446043222916225,0.4826700898587933,0.4297817715019255,0.08754813863928111,0.4464355777651596,0.4826700898587933,UP,FLAT,0.5657839203349807,0,"(0.4, 0.5]"
2026-08-06 10:56:49,Benglore,3,NORMAL,0.4854446577454597,0.23154990401454317,0.28300543823999724,0.4720000000000001,0.44000000000000006,0.08800000000000001,0.4854446577454597,0.4720000000000001,UP,DOWN,1.2481280000000001,0,"(0.4, 0.5]"
2026-08-06 10:56:49,Navapur,3,NORMAL,0.4638047039292785,0.24128788323182468,0.2949074128388968,0.4616508400292184,0.44192841490138784,0.09642074506939372,0.4638047039292785,0.4616508400292184,UP,FLAT,0.5338623522738977,0,"(0.4, 0.5]"
2026-08-06 10:56:49,Metapally,3,NORMAL,0.4719785670821616,0.23760964481302724,0.2904117881048111,0.4516129032258065,0.4516129032258065,0.09677419354838711,0.4719785670821616,0.4516129032258065,UP,FLAT,0.514047866805411,0,"(0.4, 0.5]"
2026-08-06 10:56:49,Raipur Td,3,NORMAL,0.16473720310560838,0.6339173264319814,0.20134547046241025,0.4542810398109435,0.43446646064351935,0.11125249954553716,0.6339173264319814,0.4542810398109435,UP,DOWN,1.1850044881198742,0,"(0.4, 0.5]"
2026-08-06 10:56:49,Mahuva,3,NORMAL,0.4818753655629487,0.23315608549667313,0.28496854894037826,0.4393592677345538,0.4565217391304348,0.10411899313501145,0.4818753655629487,0.4565217391304348,FLAT,FLAT,0.4992459509134991,1,"(0.4, 0.5]"
2026-08-06 10:56:49,Bhopal,3,NORMAL,0.299587212086069,0.24511680988860188,0.4552959780253292,0.28169913765570104,0.3334397955924625,0.3848610667518365,0.4552959780253292,0.3848610667518365,DOWN,FLAT,0.6717749509571453,0,"(-0.001, 0.4]"
2026-08-07 11:21:14,Anand,3,NORMAL,0.2939159184952171,0.24047666058699577,0.4656074209177872,0.282574812967581,0.3402431421446384,0.37718204488778057,0.4656074209177872,0.37718204488778057,DOWN,DOWN,0.5835161259102867,1,"(-0.001, 0.4]"
2026-08-07 11:21:14,Bhopal,3,NORMAL,0.26466794924672904,0.21654650392914193,0.518785546824129,0.17619561308881698,0.21215390147428984,0.6116504854368932,0.518785546824129,0.6116504854368932,DOWN,DOWN,0.22686951744390751,1,"(0.6, 0.7]"
2026-08-07 11:21:14,Navapur,3,NORMAL,0.26917693948877514,0.2202356777635433,0.5105873827476816,0.17100783112019066,0.20590738849165813,0.6230847803881512,0.5105873827476816,0.6230847803881512,DOWN,DOWN,0.2137066137149345,1,"(0.6, 0.7]"
2026-08-07 11:21:14,Jabalpur,3,NORMAL,0.2739361036647846,0.22412953936209648,0.501934356973119,0.16628959276018102,0.2002262443438914,0.6334841628959276,0.501934356973119,0.6334841628959276,DOWN,DOWN,0.2020766364325055,1,"(0.6, 0.7]"
2026-08-07 11:21:14,Kolkata Sell,3,NORMAL,0.4596127547021843,0.24317426038401707,0.29721298491379866,0.4183673469387755,0.4766156462585034,0.1050170068027211,0.4596127547021843,0.4766156462585034,FLAT,DOWN,1.203188269355361,0,"(0.4, 0.5]"
2026-08-07 11:21:14,Mysuru,3,NORMAL,0.2723005806511058,0.22279138416908656,0.5049080351798076,0.1615549762306395,0.19452537954301488,0.6439196442263456,0.5049080351798076,0.6439196442263456,DOWN,FLAT,1.0895218827657902,0,"(0.6, 0.7]"
2026-08-07 11:21:14,Vij/God,3,NORMAL,0.27716258879770683,0.22676939083448738,0.4960680203678058,0.26442507264425075,0.32378580323785805,0.41178912411789126,0.4960680203678058,0.41178912411789126,DOWN,DOWN,0.5207498999272997,1,"(0.4, 0.5]"
2026-08-07 11:21:14,Gujrat Necc Selling rate,3,NORMAL,0.2822966692310587,0.23097000209813892,0.4867333286708025,0.24980881978078004,0.3058883507519755,0.4443028294672444,0.4867333286708025,0.4443028294672444,DOWN,DOWN,0.4647714749041403,1,"(0.4, 0.5]"
2026-08-07 11:21:14,Mumbai,3,NORMAL,0.2861204957239913,0.23409858741053832,0.4797809168654704,0.2372180895028929,0.2904711300035423,0.47231078049356473,0.4797809168654704,0.47231078049356473,DOWN,DOWN,0.41910181173624816,1,"(0.4, 0.5]"
2026-08-07 11:21:14,Benglore,3,NORMAL,0.4676710154783536,0.23954804303474087,0.29278094148690553,0.3924941360437842,0.49257232212666147,0.11493354182955434,0.4676710154783536,0.49257232212666147,FLAT,DOWN,1.1800217747323853,0,"(0.4, 0.5]"
2026-08-07 11:21:14,Metapally,3,NORMAL,0.2923868119032032,0.23922557337534808,0.4683876147214488,0.22845061259893742,0.2797354439986989,0.4918139434023636,0.4683876147214488,0.4918139434023636,DOWN,FLAT,0.8128516679535644,0,"(0.4, 0.5]"
2026-08-07 11:21:14,Namakkal,3,NORMAL,0.4524471085323551,0.2463988011604402,0.3011540903072047,0.3770491803278689,0.5,0.12295081967213115,0.4524471085323551,0.5,FLAT,UP,0.653184627788229,0,"(0.4, 0.5]"
2026-08-07 11:21:14,Raipur Td,3,NORMAL,0.30311147124422283,0.2480002946543641,0.4488882341014131,0.23156899810964082,0.2882797731568998,0.4801512287334594,0.4488882341014131,0.4801512287334594,DOWN,DOWN,0.40697217348422854,1,"(0.4, 0.5]"
2026-08-07 11:21:14,Surat,3,NORMAL,0.26523082668545794,0.4105981629212046,0.3241710103933375,0.41026574444848934,0.46414270112850387,0.12559155442300693,0.4105981629212046,0.46414270112850387,FLAT,DOWN,1.1483365577751101,0,"(0.4, 0.5]"
2026-08-07 11:21:14,Siddipet,3,NORMAL,0.2704670622404226,0.3989620839101719,0.33057085384940543,0.3888888888888889,0.48412698412698413,0.12698412698412698,0.3989620839101719,0.48412698412698413,FLAT,FLAT,0.4334845049130763,1,"(0.4, 0.5]"
2026-08-07 11:21:14,Bilashpur,3,NORMAL,0.26760364994576985,0.21894844086472076,0.5134479091895094,0.1580761052863113,0.20001466383165922,0.6419092308820294,0.5134479091895094,0.6419092308820294,DOWN,DOWN,0.19322291973768033,1,"(0.6, 0.7]"
2026-08-07 11:21:14,Barwala,3,NORMAL,0.5040824286187539,0.22316290712156078,0.2727546642596854,0.37074220150591614,0.5001792757260667,0.1290785227680172,0.5040824286187539,0.5001792757260667,FLAT,DOWN,1.146133307347245,0,"(0.5, 0.6]"
2026-08-07 11:21:14,Pune,3,NORMAL,0.2654574351723594,0.410094588505868,0.32444797632177264,0.4042478497454801,0.45550289626119017,0.14024925399332983,0.410094588505868,0.45550289626119017,FLAT,FLAT,0.479563273249482,1,"(0.4, 0.5]"
2026-08-07 11:21:14,Nagpur,3,NORMAL,0.2983176246483721,0.24407805653048623,0.4576043188211417,0.22319225659517938,0.2824065287530841,0.49440121465173664,0.4576043188211417,0.49440121465173664,DOWN,DOWN,0.38519836263205415,1,"(0.4, 0.5]"
2026-08-07 11:21:14,Hospet,3,NORMAL,0.4888156142263806,0.23003297359812871,0.28115141217549067,0.4031760715386988,0.46839346284304656,0.12843046561825472,0.4888156142263806,0.46839346284304656,FLAT,DOWN,1.141576833957891,0,"(0.4, 0.5]"
2026-08-07 11:21:14,Nasik,3,NORMAL,0.2580974051608403,0.4264502107536883,0.3154523840854715,0.3769230769230769,0.48461538461538456,0.13846153846153847,0.4264502107536883,0.48461538461538456,FLAT,FLAT,0.4268639053254438,1,"(0.4, 0.5]"
2026-08-07 11:21:14,Davangere,3,NORMAL,0.2592334616792295,0.4239256407128234,0.3168408976079472,0.3516746411483253,0.5191387559808612,0.1291866028708134,0.4239256407128234,0.5191387559808612,FLAT,DOWN,1.151496073807834,0,"(0.5, 0.6]"
2026-08-07 11:21:14,Wankaner,3,NORMAL,0.25344606307333345,0.4367865265037034,0.30976741042296313,0.35198231799972374,0.5115347423677303,0.13648293963254596,0.4367865265037034,0.5115347423677303,FLAT,DOWN,1.131221058379328,0,"(0.5, 0.6]"
2026-08-07 11:21:14,Mahuva,3,NORMAL,0.2665162343291057,0.4077417014908762,0.3257420641800181,0.3521833468944942,0.5040683482506103,0.14374830485489556,0.4077417014908762,0.5040683482506103,FLAT,DOWN,1.1112849749767713,0,"(0.5, 0.6]"
2026-08-08 10:47:50,Kolkata Sell,3,PANIC,0.2947565740539459,0.24116446968050118,0.464078956265553,0.22315931517247195,0.28236484776925025,0.4944758370582778,0.464078956265553,0.4944758370582778,DOWN,DOWN,0.38508466652192747,1,"(0.4, 0.5]"
2026-08-08 10:47:50,Hospet,3,PANIC,0.2835939144030681,0.23203138451160116,0.4843747010853308,0.2151696606786427,0.27225548902195607,0.5125748502994012,0.4843747010853308,0.5125748502994012,DOWN,DOWN,0.3580043107397978,1,"(0.5, 0.6]"
2026-08-08 10:47:50,Jabalpur,3,PANIC,0.20360330269148272,0.1665845203839404,0.6298121769245769,0.14059482425646969,0.1778954919163494,0.681509683827181,0.6298121769245769,0.681509683827181,DOWN,DOWN,0.15284979214772973,1,"(0.6, 0.7]"
2026-08-08 10:47:50,Gujrat Necc Selling rate,3,PANIC,0.26842645274562377,0.21962164315551033,0.5119519040988659,0.152215018908698,0.19259859535386278,0.6551863857374393,0.5119519040988659,0.6551863857374393,DOWN,FLAT,1.1043356402616191,0,"(0.6, 0.7]"
2026-08-08 10:47:50,Wankaner,3,PANIC,0.2702988744266192,0.22115362453087026,0.5085475010425106,0.1535128649513398,0.1973736835088655,0.6491134515397947,0.5085475010425106,0.6491134515397947,DOWN,DOWN,0.18564394053774208,1,"(0.6, 0.7]"
2026-08-08 10:47:50,Bilashpur,3,PANIC,0.19212400725414103,0.15719236957156993,0.6506836231742891,0.13691480388021932,0.17603331927456767,0.687051876845213,0.6506836231742891,0.687051876845213,DOWN,DOWN,0.14766992080248456,1,"(0.6, 0.7]"
2026-08-08 10:47:50,Mahuva,3,PANIC,0.2509408925165922,0.2053152756953936,0.5437438317880142,0.1495136990655394,0.19223189879855065,0.65825440213591,0.5437438317880142,0.65825440213591,DOWN,DOWN,0.17609750278344122,1,"(0.6, 0.7]"
2026-08-08 10:47:50,Barwala,3,PANIC,0.18425989056966116,0.15075809228426823,0.6649820171460706,0.13415808954013084,0.1724889722658825,0.6933529381939868,0.6649820171460706,0.6933529381939868,DOWN,FLAT,1.1835111909128677,0,"(0.6, 0.7]"
2026-08-08 10:47:50,Bhopal,3,PANIC,0.24633219513462523,0.20154452329196607,0.5521232815734087,0.14536538112247985,0.18986498758854511,0.6647696312889749,0.5521232815734087,0.6647696312889749,DOWN,DOWN,0.16955920764701204,1,"(0.6, 0.7]"
2026-08-08 10:47:50,Metapally,3,PANIC,0.292908014029715,0.23965201147885773,0.4674399744914273,0.20339485582981248,0.26565858720628566,0.5309465569639018,0.4674399744914273,0.5309465569639018,DOWN,FLAT,0.8625310242737203,0,"(0.5, 0.6]"
2026-08-08 10:47:50,Davangere,3,PANIC,0.2618579508350428,0.2142474143195805,0.5238946348453767,0.1415121584936175,0.1877202102466355,0.670767631259747,0.5238946348453767,0.670767631259747,DOWN,DOWN,0.16365852096288164,1,"(0.6, 0.7]"
2026-08-08 10:47:50,Benglore,3,PANIC,0.24016552074027966,0.19649906242386517,0.5633354168358552,0.13864846870838882,0.18392143808255657,0.6774300932090546,0.5633354168358552,0.6774300932090546,DOWN,DOWN,0.157101838028656,1,"(0.6, 0.7]"
2026-08-08 10:47:50,Mysuru,3,PANIC,0.2892065881754903,0.23662357214358293,0.4741698396809268,0.20328990465099353,0.2696702816798894,0.5270398136691171,0.4741698396809268,0.5270398136691171,DOWN,FLAT,0.8524792479869199,0,"(0.5, 0.6]"
2026-08-08 10:47:50,Mumbai,3,PANIC,0.3124695864314348,0.2556569343529921,0.4318734792155732,0.20391762933199398,0.2746645619573796,0.5214178087106264,0.4318734792155732,0.5214178087106264,DOWN,DOWN,0.3460639349669583,1,"(0.5, 0.6]"
2026-08-08 10:47:50,Surat,3,PANIC,0.2680780420549329,0.4042710176557047,0.3276509402893624,0.35881841876629017,0.48740225890529976,0.15377932232841007,0.4042710176557047,0.48740225890529976,FLAT,DOWN,1.0824010549508944,0,"(0.4, 0.5]"
2026-08-08 10:47:50,Pune,3,PANIC,0.2666855770811369,0.4073653842641402,0.32594903865472286,0.3584928667235703,0.48055115229850015,0.16095598097792954,0.4073653842641402,0.48055115229850015,FLAT,FLAT,0.42425106868266704,1,"(0.4, 0.5]"
2026-08-08 10:47:50,Siddipet,3,PANIC,0.2653021177301094,0.4104397383775346,0.32425814389235597,0.3377019545814033,0.510676759688171,0.15162128573042596,0.4104397383775346,0.510676759688171,FLAT,FLAT,0.37646885792391566,1,"(0.5, 0.6]"
2026-08-08 10:47:50,Nasik,3,PANIC,0.26392821224344004,0.4134928616812443,0.32257892607531563,0.3196212519726459,0.5368753287743293,0.1435034192530247,0.4134928616812443,0.5368753287743293,FLAT,FLAT,0.33723543714775656,1,"(0.5, 0.6]"
2026-08-08 10:47:50,Raipur Td,3,PANIC,0.23329654019694132,0.19087898743386106,0.5758244723691976,0.13363402737714378,0.1799968532018671,0.6863691194209891,0.5758244723691976,0.6863691194209891,DOWN,DOWN,0.1486212496883755,1,"(0.6, 0.7]"
2026-08-08 10:47:50,Anand,3,PANIC,0.27300645536895357,0.3933189880689921,0.33367455656205436,0.35766423357664234,0.48175182481751827,0.16058394160583944,0.3933189880689921,0.48175182481751827,FLAT,FLAT,0.4222920773616068,1,"(0.4, 0.5]"
2026-08-08 10:47:50,Nagpur,3,PANIC,0.2878155720279362,0.3604098399379196,0.35177458803414424,0.3550724637681159,0.48550724637681153,0.15942028985507245,0.3604098399379196,0.48550724637681153,FLAT,DOWN,1.0683679899180842,0,"(0.4, 0.5]"
2026-08-08 10:47:50,Navapur,3,PANIC,0.28658932693237826,0.3631348290391594,0.35027584402846235,0.35251798561151076,0.48201438848920863,0.16546762589928055,0.3631348290391594,0.48201438848920863,FLAT,FLAT,0.41995755913255,1,"(0.4, 0.5]"
2026-08-08 10:47:50,Namakkal,3,PANIC,0.2853691362375513,0.3658463639165527,0.34878449984589605,0.35000000000000003,0.48571428571428577,0.1642857142857143,0.3658463639165527,0.48571428571428577,FLAT,FLAT,0.4139795918367347,1,"(0.4, 0.5]"
2026-08-08 10:47:50,Vij/God,3,PANIC,0.30097260634220263,0.24625031427998398,0.4527770793778135,0.19793536804308795,0.27872531418312385,0.5233393177737881,0.4527770793778135,0.5233393177737881,DOWN,DOWN,0.3440716166691916,1,"(0.5, 0.6]"
2026-08-09 11:10:16,Siddipet,3,PANIC,0.15989341157969364,0.1308218822015675,0.7092847062187388,0.12054323650333625,0.16974455752510614,0.7097122059715575,0.7092847062187388,0.7097122059715575,DOWN,DOWN,0.12761089003799278,1,"(0.7, 0.8]"
2026-08-09 11:10:16,Hospet,3,PANIC,0.15803261151401088,0.12929940942055435,0.7126679790654348,0.11907654921020656,0.16767922235722965,0.7132442284325639,0.7126679790654348,0.7132442284325639,DOWN,DOWN,0.12452441870937164,1,"(0.7, 0.8]"
2026-08-09 11:10:16,Wankaner,3,PANIC,0.15631269906927237,0.12789220832940465,0.715795092601323,0.11766777663934425,0.16569544057377047,0.7166367827868853,0.715795092601323,0.7166367827868853,DOWN,FLAT,1.2234780819817788,0,"(0.7, 0.8]"
2026-08-09 11:10:16,Metapally,3,PANIC,0.15817321853716274,0.12941445153040587,0.7124123299324314,0.11821471652593488,0.16887816646562123,0.7129071170084439,0.7124123299324314,0.7129071170084439,DOWN,DOWN,0.12491687777650054,1,"(0.7, 0.8]"
2026-08-09 11:10:16,Mysuru,3,PANIC,0.22337643271517463,0.18276253585787014,0.5938610314269552,0.12644237791518573,0.18063196845026533,0.6929256536345488,0.5938610314269552,0.6929256536345488,DOWN,FLAT,1.1674976075234005,0,"(0.6, 0.7]"
2026-08-09 11:10:16,Bhopal,3,PANIC,0.2228307916868664,0.18231610228925432,0.5948531060238793,0.1274566473988439,0.1846820809248555,0.6878612716763005,0.5948531060238793,0.6878612716763005,DOWN,DOWN,0.1477832537004244,1,"(0.6, 0.7]"
2026-08-09 11:10:16,Anand,3,PANIC,0.154155968258336,0.126127610393184,0.71971642134848,0.11601020816037881,0.16809642406912031,0.7158933677705007,0.71971642134848,0.7158933677705007,DOWN,FLAT,1.2180252420617887,0,"(0.7, 0.8]"
2026-08-09 11:10:16,Surat,3,PANIC,0.15597198463740417,0.12761344197605795,0.7164145733865379,0.1165279429250892,0.17122473246135556,0.7122473246135553,0.7164145733865379,0.7122473246135553,DOWN,FLAT,1.2077434569852716,0,"(0.7, 0.8]"
2026-08-09 11:10:16,Kolkata Sell,3,PANIC,0.2223555489175981,0.1819272672962166,0.5957171837861853,0.12399355877616747,0.18472509776857604,0.6912813434552565,0.5957171837861853,0.6912813434552565,DOWN,DOWN,0.14480497326238018,1,"(0.6, 0.7]"
2026-08-09 11:10:16,Nasik,3,PANIC,0.1564443115388876,0.12799989125908987,0.7155557972020226,0.11675463730960639,0.17394058211431157,0.709304780576082,0.7155557972020226,0.709304780576082,DOWN,DOWN,0.1283906820354831,1,"(0.7, 0.8]"
2026-08-09 11:10:16,Pune,3,PANIC,0.22722944326593142,0.18591499903576206,0.5868555576983066,0.12162042372130129,0.18118961085010193,0.6971899654285968,0.5868555576983066,0.6971899654285968,DOWN,DOWN,0.13931511958329465,1,"(0.6, 0.7]"
2026-08-09 11:10:16,Mumbai,3,PANIC,0.22642556734130184,0.18525728237015604,0.5883171502885421,0.11965043053592082,0.1782547230433106,0.7020948464207685,0.5883171502885421,0.7020948464207685,DOWN,DOWN,0.13483845234374411,1,"(0.7, 0.8]"
2026-08-09 11:10:16,Raipur Td,3,PANIC,0.16539409346668987,0.1353224401091099,0.6992834664242003,0.12286300433097791,0.18304080237064058,0.6940961932983817,0.6992834664242003,0.6940961932983817,DOWN,DOWN,0.14217639212026287,1,"(0.6, 0.7]"
2026-08-09 11:10:16,Davangere,3,PANIC,0.1767671814107345,0.14462769388151003,0.6786051247077555,0.12078528039440091,0.17994541773043402,0.6992693018751651,0.6786051247077555,0.6992693018751651,DOWN,DOWN,0.13740839011678502,1,"(0.6, 0.7]"
2026-08-09 11:10:16,Namakkal,3,PANIC,0.23304747958309519,0.19067521056798695,0.5762773098489179,0.11724422442244223,0.17466996699669965,0.708085808580858,0.5762773098489179,0.708085808580858,DOWN,FLAT,1.1963013838512564,0,"(0.7, 0.8]"
2026-08-09 11:10:16,Gujrat Necc Selling rate,3,PANIC,0.1755899565460715,0.14366450990133123,0.6807455335525973,0.11826727642276424,0.17860772357723578,0.703125,0.6807455335525973,0.703125,DOWN,FLAT,1.1830571860644294,0,"(0.7, 0.8]"
2026-08-09 11:10:16,Barwala,3,PANIC,0.17780438704613788,0.1454763166741128,0.6767192962797494,0.11915642949981133,0.18238229005073164,0.698461280449457,0.6767192962797494,0.698461280449457,DOWN,FLAT,1.1705451346009244,0,"(0.6, 0.7]"
2026-08-09 11:10:16,Navapur,3,PANIC,0.18005240595841274,0.14731560487506495,0.6726319891665223,0.12001826635669215,0.1861507804716041,0.6938309531717037,0.6726319891665223,0.6938309531717037,DOWN,DOWN,0.1427959825652007,1,"(0.6, 0.7]"
2026-08-09 11:10:16,Mahuva,3,PANIC,0.18050437783357082,0.14768540004564884,0.6718102221207803,0.11812921890067503,0.18322082931533268,0.6986499517839923,0.6718102221207803,0.6986499517839923,DOWN,DOWN,0.13833623621287205,1,"(0.6, 0.7]"
2026-08-09 11:10:16,Vij/God,3,PANIC,0.2348338901764807,0.19213681923530238,0.5730292905882169,0.11648333937709013,0.1806680365848745,0.7028486240380354,0.5730292905882169,0.7028486240380354,DOWN,DOWN,0.13450824803196074,1,"(0.7, 0.8]"
2026-08-09 11:10:16,Jabalpur,3,PANIC,0.17068734867562183,0.13965328528005422,0.689659366044324,0.11607766990291261,0.1800388349514563,0.703883495145631,0.689659366044324,0.703883495145631,DOWN,DOWN,0.13357299198793482,1,"(0.7, 0.8]"
2026-08-09 11:10:16,Benglore,3,PANIC,0.16308765064705466,0.13343535052940836,0.703476998823537,0.11174458380843785,0.1733181299885975,0.7149372862029646,0.703476998823537,0.7149372862029646,DOWN,DOWN,0.12378677699059588,1,"(0.7, 0.8]"
2026-08-09 11:10:16,Bilashpur,3,PANIC,0.16791710695882153,0.13738672387539944,0.694696169165779,0.11412471825694964,0.1770097670924117,0.7088655146506385,0.694696169165779,0.7088655146506385,DOWN,DOWN,0.12911619752297554,1,"(0.7, 0.8]"
2026-08-09 11:10:16,Nagpur,3,PANIC,0.1763735420934342,0.14430562534917343,0.6793208325573924,0.11251640180784371,0.17451523545706374,0.7129683627350926,0.6793208325573924,0.7129683627350926,DOWN,DOWN,0.12550266887339193,1,"(0.7, 0.8]"
2026-08-10 11:05:10,Pune,3,PANIC,0.22753926330802876,0.18616848816111445,0.5862922485308568,0.113702285647987,0.17635456549483697,0.7099431488571759,0.5862922485308568,0.7099431488571759,DOWN,DOWN,0.12816211942733957,1,"(0.7, 0.8]"
2026-08-10 11:05:10,Davangere,3,PANIC,0.16758219702831043,0.1371127066595267,0.6953050963121629,0.11073446327683614,0.1717514124293785,0.7175141242937852,0.6953050963121629,0.7175141242937852,DOWN,DOWN,0.12155893900220244,1,"(0.7, 0.8]"
2026-08-10 11:05:10,Anand,3,PANIC,0.16556866510783488,0.1354652714518649,0.6989660634403002,0.10927743086529886,0.16949152542372883,0.7212310437109724,0.6989660634403002,0.7212310437109724,DOWN,UP,1.3422882907688036,0,"(0.7, 0.8]"
2026-08-10 11:05:10,Mahuva,3,PANIC,0.16358953813513757,0.13384598574693074,0.7025644761179317,0.11124845488257108,0.16909765142150804,0.7196538936959209,0.7025644761179317,0.7196538936959209,DOWN,UP,1.336375051376587,0,"(0.7, 0.8]"
2026-08-10 11:05:10,Kolkata Sell,3,PANIC,0.16591496879771975,0.13574861083449796,0.6983364203677823,0.11396648044692737,0.16983240223463686,0.7162011173184357,0.6983364203677823,0.7162011173184357,DOWN,DOWN,0.12237320932555165,1,"(0.7, 0.8]"
2026-08-10 11:05:10,Namakkal,3,PANIC,0.22756034459874638,0.1861857364898834,0.5862539189113702,0.115064541184303,0.17146872803935348,0.7134667307763436,0.5862539189113702,0.7134667307763436,DOWN,FLAT,1.2087386931793647,0,"(0.7, 0.8]"
2026-08-10 11:05:10,Raipur Td,3,PANIC,0.16197756601947416,0.13252709947047886,0.705495334510047,0.11320754716981132,0.1709211986681465,0.7158712541620422,0.705495334510047,0.7158712541620422,DOWN,FLAT,1.2126592600896033,0,"(0.7, 0.8]"
2026-08-10 11:05:10,Wankaner,3,PANIC,0.16006050044605316,0.1309585912740435,0.7089809082799033,0.11368641564161788,0.17387334156953324,0.712440242788849,0.7089809082799033,0.712440242788849,DOWN,UP,1.3233548082717927,0,"(0.7, 0.8]"
2026-08-10 11:05:10,Bilashpur,3,PANIC,0.15817781979247827,0.12941821619384586,0.7124039640136759,0.1163899917397213,0.17458498760958197,0.709025020650697,0.7124039640136759,0.709025020650697,DOWN,FLAT,1.1975730527653676,0,"(0.7, 0.8]"
2026-08-10 11:05:10,Siddipet,3,PANIC,0.16003600436045715,0.1309385490221922,0.7090254466173507,0.11685084333527204,0.17752339660550945,0.7056257600592186,0.7090254466173507,0.7056257600592186,DOWN,DOWN,0.13182486907123403,1,"(0.7, 0.8]"
2026-08-10 11:05:10,Metapally,3,PANIC,0.16314067460870899,0.1334787337707619,0.7033805916205291,0.11557944794789621,0.17559185361315,0.7088286984389538,0.7033805916205291,0.7088286984389538,DOWN,DOWN,0.12897183469599605,1,"(0.7, 0.8]"
2026-08-10 11:05:10,Bhopal,3,PANIC,0.16542956606875545,0.13535146314716354,0.699218970784081,0.11221696138113182,0.1704834605597964,0.7172995780590716,0.699218970784081,0.7172995780590716,DOWN,DOWN,0.12157678531163701,1,"(0.7, 0.8]"
2026-08-10 11:05:10,Navapur,3,PANIC,0.16344855153298354,0.13373063307244107,0.7028208153945754,0.1141041162227603,0.17335048426150124,0.7125453995157386,0.7028208153945754,0.7125453995157386,DOWN,FLAT,1.2040901175807153,0,"(0.7, 0.8]"
2026-08-10 11:05:10,Mumbai,3,PANIC,0.16576663577080983,0.1356272474488444,0.6986061167803458,0.11035860303985519,0.16978246621516185,0.719858930744983,0.6986061167803458,0.719858930744983,DOWN,DOWN,0.11948412578235515,1,"(0.7, 0.8]"
2026-08-10 11:05:10,Nasik,3,PANIC,0.23185511804204603,0.1896996420344013,0.5784452399235527,0.11508531448561435,0.1770543299778682,0.7078603555365175,0.5784452399235527,0.7078603555365175,DOWN,DOWN,0.12993843724141457,1,"(0.7, 0.8]"
2026-08-10 11:05:10,Gujrat Necc Selling rate,3,PANIC,0.16568633462972127,0.13556154651522648,0.6987521188550523,0.10880640465793304,0.16739446870451236,0.7237991266375545,0.6987521188550523,0.7237991266375545,DOWN,FLAT,1.2289559801597139,0,"(0.7, 0.8]"
2026-08-10 11:05:10,Barwala,3,PANIC,0.16369869511239996,0.1339352960010545,0.7023660088865455,0.11355120474453462,0.17687783815975583,0.7095709570957096,0.7023660088865455,0.7095709570957096,DOWN,UP,1.320568179395656,0,"(0.7, 0.8]"
2026-08-10 11:05:10,Hospet,3,PANIC,0.1617455104741986,0.13233723584252613,0.7059172536832753,0.11616223803777673,0.1775309675671682,0.7063067943950551,0.7059172536832753,0.7063067943950551,DOWN,FLAT,1.1888182626655621,0,"(0.7, 0.8]"
2026-08-10 11:05:10,Mysuru,3,PANIC,0.2241327004069958,0.18338130033299654,0.5924859992600077,0.11417726713171934,0.17665162084530162,0.7091711120229791,0.5924859992600077,0.7091711120229791,DOWN,FLAT,1.193862667914246,0,"(0.7, 0.8]"
2026-08-10 11:05:10,Benglore,3,PANIC,0.15842181040496436,0.129617844876789,0.7119603447182467,0.11607816416421288,0.18178278538923906,0.7021390504465481,0.7119603447182467,0.7021390504465481,DOWN,UP,1.3073620390931586,0,"(0.7, 0.8]"
2026-08-10 11:05:10,Nagpur,3,PANIC,0.16030656951618055,0.13115992051323863,0.7085335099705808,0.11867845239820315,0.18241317683427521,0.6989083707675215,0.7085335099705808,0.6989083707675215,DOWN,DOWN,0.1380153113402734,1,"(0.6, 0.7]"
2026-08-10 11:05:10,Jabalpur,3,PANIC,0.15841221362598926,0.1296099929667185,0.7119777934072923,0.11743570347957641,0.18050302571860818,0.7020612708018155,0.7119777934072923,0.7020612708018155,DOWN,FLAT,1.1782564632679593,0,"(0.7, 0.8]"
2026-08-10 11:05:10,Surat,3,PANIC,0.15655223125512305,0.12808818920873705,0.7153595795361399,0.11782647459058701,0.18328562714091312,0.6988878982684998,0.7153595795361399,0.6988878982684998,DOWN,FLAT,1.1693497392952188,0,"(0.6, 0.7]"
2026-08-11 11:11:53,Vij/God,3,PANIC,0.17010394603639542,0.1391759558479599,0.6907200981156447,0.1106104055714871,0.17410897173289638,0.7152806226956165,0.6907200981156447,0.7152806226956165,DOWN,DOWN,0.12361371967117124,1,"(0.7, 0.8]"
2026-08-11 11:11:53,Benglore,3,PANIC,0.16742457243905323,0.1369837410864981,0.6955916864744487,0.10933667940455144,0.17210403239605318,0.7185592881993955,0.6955916864744487,0.7185592881993955,DOWN,UP,1.3392283992787146,0,"(0.7, 0.8]"
2026-08-11 11:11:53,Mumbai,3,PANIC,0.16946515632997958,0.13865330972452874,0.6918815339454917,0.11201946196712965,0.1731209866764731,0.7148595513563972,0.6918815339454917,0.7148595513563972,DOWN,DOWN,0.12382431133991585,1,"(0.7, 0.8]"
2026-08-11 11:11:53,Surat,3,PANIC,0.16684262330272273,0.13650760088404587,0.6966497758132314,0.11075862068965518,0.17117241379310347,0.7180689655172414,0.6966497758132314,0.7180689655172414,DOWN,FLAT,1.2148456789536266,0,"(0.7, 0.8]"
2026-08-11 11:11:53,Mahuva,3,PANIC,0.22997306161577905,0.1881597776856374,0.5818671606985836,0.1160911579433396,0.1815243560568583,0.7023844859998021,0.5818671606985836,0.7023844859998021,DOWN,FLAT,1.1767235028539722,0,"(0.7, 0.8]"
2026-08-11 11:11:53,Kolkata Sell,3,PANIC,0.1737891303697318,0.14219110666614418,0.684019762964124,0.11092940855819025,0.17547015535568275,0.713600436086127,0.684019762964124,0.713600436086127,DOWN,DOWN,0.12511981931367394,1,"(0.7, 0.8]"
2026-08-11 11:11:53,Jabalpur,3,PANIC,0.16818507750289824,0.13760597250237128,0.6942089499947305,0.10971036463735738,0.1735418495172744,0.7167477858453682,0.6942089499947305,0.7167477858453682,DOWN,FLAT,1.2087968271224274,0,"(0.7, 0.8]"
2026-08-11 11:11:53,Anand,3,PANIC,0.23198858466218963,0.18980884199633696,0.5782025733414734,0.11615439599714081,0.1858470335954253,0.6979985704074338,0.5782025733414734,0.6979985704074338,DOWN,FLAT,1.1635389007056505,0,"(0.6, 0.7]"
2026-08-11 11:11:53,Mysuru,3,PANIC,0.23364180340555793,0.1911614755136383,0.5751967210808038,0.11691197784147637,0.1891848368707527,0.6939031852877711,0.5751967210808038,0.6939031852877711,DOWN,FLAT,1.1525912698756284,0,"(0.6, 0.7]"
2026-08-11 11:11:53,Nagpur,3,PANIC,0.1680522215458742,0.13749727217389707,0.6944505062802288,0.10941549093003167,0.17904353061277908,0.7115409784571892,0.6944505062802288,0.7115409784571892,DOWN,FLAT,1.192231838308005,0,"(0.7, 0.8]"
2026-08-11 11:11:53,Metapally,3,PANIC,0.17093729894917253,0.13985779004932297,0.6892049110015045,0.10999142923928007,0.18198581928680885,0.7080227514739111,0.6892049110015045,0.7080227514739111,DOWN,DOWN,0.13046766658445608,1,"(0.7, 0.8]"
2026-08-11 11:11:53,Davangere,3,PANIC,0.1660348182090507,0.13584666944376875,0.6981185123471806,0.10880592472354672,0.18002434817895913,0.7111697270974942,0.6981185123471806,0.7111697270974942,DOWN,FLAT,1.1899611795742113,0,"(0.7, 0.8]"
2026-08-11 11:11:53,Nasik,3,PANIC,0.16511710518478645,0.1350958133330071,0.6997870814822065,0.10935494425288803,0.1829209976593763,0.7077240580877356,0.6997870814822065,0.7077240580877356,DOWN,DOWN,0.13084382143795514,1,"(0.7, 0.8]"
2026-08-11 11:11:53,Hospet,3,PANIC,0.16539589644839833,0.13532391527596227,0.6992801882756394,0.10820115578507317,0.1809910242223042,0.7108078199926227,0.6992801882756394,0.7108078199926227,DOWN,FLAT,1.1877309494803208,0,"(0.7, 0.8]"
2026-08-11 11:11:53,Wankaner,3,PANIC,0.22672542742960203,0.18550262244240165,0.5877719501279963,0.11576037445418276,0.1957402695316181,0.6884993560141991,0.5877719501279963,0.6884993560141991,DOWN,FLAT,1.1342655415788137,0,"(0.6, 0.7]"
2026-08-11 11:11:53,Bhopal,3,PANIC,0.1614854609164412,0.1321244680225428,0.706390071061016,0.11437547011194195,0.19547807619131893,0.6901464536967391,0.706390071061016,0.6901464536967391,DOWN,FLAT,1.1366394016023342,0,"(0.6, 0.7]"
2026-08-11 11:11:53,Pune,3,PANIC,0.22760724166499968,0.18622410681681792,0.5861686515181824,0.11600136472193792,0.20036599361062002,0.6836326416674422,0.5861686515181824,0.6836326416674422,DOWN,DOWN,0.15369115343124412,1,"(0.6, 0.7]"
2026-08-11 11:11:53,Raipur Td,3,PANIC,0.23020414939620756,0.18834884950598801,0.5814470010978045,0.11442441054091539,0.19764216366158113,0.6879334257975035,0.5814470010978045,0.6879334257975035,DOWN,DOWN,0.14954091731894942,1,"(0.6, 0.7]"
2026-08-11 11:11:53,Namakkal,3,PANIC,0.22710556212234936,0.18581364173646764,0.587080796141183,0.1129197829593782,0.1950432614752896,0.6920369555653321,0.587080796141183,0.6920369555653321,DOWN,FLAT,1.1396213761480654,0,"(0.6, 0.7]"
2026-08-11 11:11:53,Siddipet,3,PANIC,0.16568097367215318,0.13555716027721623,0.6987618660506306,0.10701931392332084,0.18679734793888725,0.7061833381377919,0.6987618660506306,0.7061833381377919,DOWN,DOWN,0.13267461353747112,1,"(0.7, 0.8]"
2026-08-11 11:11:53,Gujrat Necc Selling rate,3,PANIC,0.2265192577647086,0.18533393817112523,0.5881468040641662,0.11335926614026938,0.19786344635392475,0.6887772875058058,0.5881468040641662,0.6887772875058058,DOWN,FLAT,1.130687525698919,0,"(0.6, 0.7]"
2026-08-11 11:11:53,Bilashpur,3,PANIC,0.1617572653828847,0.13234685349508749,0.7058958811220278,0.11318343297807815,0.19961441816133782,0.687202148860584,0.7058958811220278,0.687202148860584,DOWN,FLAT,1.1256743625145211,0,"(0.6, 0.7]"
2026-08-11 11:11:53,Navapur,3,PANIC,0.22895152189162635,0.18732397245678517,0.5837245056515885,0.11354838709677419,0.2023225806451613,0.6841290322580645,0.5837245056515885,0.6841290322580645,DOWN,DOWN,0.1536021311134235,1,"(0.6, 0.7]"
2026-08-11 11:11:53,Barwala,3,PANIC,0.22987627507534883,0.18808058869801267,0.5820431362266385,0.11209134816717385,0.1997264021887825,0.6881822496440436,0.5820431362266385,0.6881822496440436,DOWN,DOWN,0.14968541550225942,1,"(0.6, 0.7]"
2026-08-12 11:02:56,Bilashpur,3,CONFLICTED,0.08250000000000002,0.06750000000000002,0.85,0.07949869060980172,0.14165221235928305,0.7788490970309152,0.85,0.7788490970309152,DOWN,FLAT,1.3496868823022583,0,"(0.7, 0.8]"
2026-08-12 11:02:56,Hospet,3,CONFLICTED,0.08250000000000002,0.06750000000000002,0.85,0.07993780737185445,0.143888053269338,0.7761741393588075,0.85,0.7761741393588075,DOWN,FLAT,1.341764012991769,0,"(0.7, 0.8]"
2026-08-12 11:02:56,Pune,3,CONFLICTED,0.08249999999999996,0.06749999999999996,0.8500000000000001,0.08036884006852767,0.1461251637609594,0.7735059961705131,0.8500000000000001,0.7735059961705131,DOWN,FLAT,1.333872912527947,0,"(0.7, 0.8]"
2026-08-12 11:02:56,Nagpur,3,CONFLICTED,0.08250000000000002,0.06750000000000002,0.85,0.08079189410252557,0.1483632964428197,0.7708448094546547,0.85,0.7708448094546547,DOWN,FLAT,1.3260141252615973,0,"(0.7, 0.8]"
2026-08-12 11:02:56,Raipur Td,3,CONFLICTED,0.08249999999999996,0.06749999999999996,0.8500000000000001,0.08120707389097184,0.15060220976143868,0.7681907163475895,0.8500000000000001,0.7681907163475895,DOWN,UP,1.4569784433356414,0,"(0.7, 0.8]"
2026-08-12 11:02:56,Bhopal,3,CONFLICTED,0.08250000000000002,0.06750000000000002,0.85,0.08309838254933967,0.15135776821486868,0.7655438492357917,0.85,0.7655438492357917,DOWN,FLAT,1.3131563638543176,0,"(0.7, 0.8]"
2026-08-12 11:02:56,Mysuru,3,CAPITULATION,0.14086059140207757,0.11524957478351801,0.7438898338144044,0.11251569694432817,0.20694851402260359,0.6805357890330682,0.7438898338144044,0.6805357890330682,DOWN,FLAT,1.104719401624685,0,"(0.6, 0.7]"
2026-08-12 11:02:56,Metapally,3,CONFLICTED,0.08250000000000002,0.06750000000000002,0.85,0.08320950965824667,0.15453194650817234,0.7622585438335809,0.85,0.7622585438335809,DOWN,FLAT,1.302778139620117,0,"(0.7, 0.8]"
2026-08-12 11:02:56,Mahuva,3,CONFLICTED,0.08250000000000002,0.06750000000000002,0.85,0.0836078609564921,0.1567647392934227,0.7596273997500852,0.85,0.7596273997500852,DOWN,UP,1.4413835224375464,0,"(0.7, 0.8]"
2026-08-12 11:02:56,Wankaner,3,CONFLICTED,0.08250000000000002,0.06750000000000002,0.85,0.08549862098998404,0.15749745971839163,0.7570039192916244,0.85,0.7570039192916244,DOWN,UP,1.4341731558518473,0,"(0.7, 0.8]"
2026-08-12 11:02:56,Jabalpur,3,CONFLICTED,0.08250000000000002,0.06750000000000002,0.85,0.08739560457175832,0.15821618069025215,0.7543882147379896,0.85,0.7543882147379896,DOWN,FLAT,1.2853395686857405,0,"(0.7, 0.8]"
2026-08-12 11:02:56,Kolkata Sell,3,CONFLICTED,0.08250000000000002,0.06750000000000002,0.85,0.08778498255452706,0.16043462328930808,0.7517803941561648,0.85,0.7517803941561648,DOWN,UP,1.4230492674406252,0,"(0.7, 0.8]"
2026-08-12 11:02:56,Namakkal,3,CAPITULATION,0.1415150664705781,0.11578505438501843,0.7426998791444035,0.11667923912821872,0.20962710758629124,0.6736936532854899,0.7426998791444035,0.6736936532854899,DOWN,DOWN,0.16403340098470465,1,"(0.6, 0.7]"
2026-08-12 11:02:56,Surat,3,CAPITULATION,0.08250000000000007,0.06750000000000006,0.8499999999999999,0.0895083677049258,0.16081164367325654,0.7496799886218176,0.8499999999999999,0.7496799886218176,DOWN,FLAT,1.2742689306235904,0,"(0.7, 0.8]"
2026-08-12 11:02:56,Siddipet,3,CONFLICTED,0.08250000000000002,0.06750000000000002,0.85,0.08988958172993858,0.16302008890005812,0.7470903293700033,0.85,0.7470903293700033,DOWN,UP,1.4130204830668691,0,"(0.7, 0.8]"
2026-08-12 11:02:56,Anand,3,CONFLICTED,0.08249999999999996,0.06749999999999996,0.8500000000000001,0.0917932466397115,0.16369795650748553,0.744508796852803,0.8500000000000001,0.744508796852803,DOWN,UP,1.4059298764051706,0,"(0.7, 0.8]"
2026-08-12 11:02:56,Navapur,3,CONFLICTED,0.08250000000000007,0.06750000000000006,0.8499999999999999,0.09370199692780339,0.16436251920122888,0.7419354838709677,0.8499999999999999,0.7419354838709677,DOWN,FLAT,1.2575383257708217,0,"(0.7, 0.8]"
2026-08-12 11:02:56,Mumbai,3,CONFLICTED,0.08249999999999996,0.06749999999999996,0.8500000000000001,0.0940733772342427,0.16655614329997068,0.7393704794657865,0.8500000000000001,0.7393704794657865,DOWN,DOWN,0.10451849614911052,1,"(0.7, 0.8]"
2026-08-12 11:02:56,Barwala,3,CAPITULATION,0.08250000000000002,0.06750000000000002,0.85,0.0934887179253729,0.16552100878590612,0.7409902732887209,0.85,0.7409902732887209,DOWN,UP,1.3982264939865812,0,"(0.7, 0.8]"
2026-08-12 11:02:56,Gujrat Necc Selling rate,3,CONFLICTED,0.08250000000000002,0.06750000000000002,0.85,0.09538461538461537,0.16615384615384612,0.7384615384615384,0.85,0.7384615384615384,DOWN,UP,1.3912615384615383,0,"(0.7, 0.8]"
2026-08-12 11:02:56,Nasik,3,CONFLICTED,0.08250000000000002,0.06750000000000002,0.85,0.09728489827738715,0.16677411133266368,0.7359409903899491,0.85,0.7359409903899491,DOWN,FLAT,1.245338874314453,0,"(0.7, 0.8]"
2026-08-12 11:02:56,Davangere,3,CONFLICTED,0.08250000000000002,0.06750000000000002,0.85,0.09763948497854075,0.16893180734382449,0.7334287076776347,0.85,0.7334287076776347,DOWN,FLAT,1.238125479117362,0,"(0.7, 0.8]"
2026-08-12 11:02:56,Benglore,3,CONFLICTED,0.08250000000000002,0.06750000000000002,0.85,0.09798693507532327,0.171088299337866,0.7309247655868106,0.85,0.7309247655868106,DOWN,UP,1.3771497884132664,0,"(0.7, 0.8]"
2026-08-12 11:02:56,Vij/God,3,CONFLICTED,0.08250000000000002,0.06750000000000002,0.85,0.09988809706107546,0.17168266682372343,0.7284292361152012,0.85,0.7284292361152012,DOWN,FLAT,1.2266963884021171,0,"(0.7, 0.8]"
2026-08-13 11:17:21,Bilashpur,3,CAPITULATION,0.2116171668641867,0.17314131834342547,0.6152415147923879,0.11189765458422175,0.1940724946695096,0.6940298507462688,0.6152415147923879,0.6940298507462688,DOWN,UP,1.3080673428471412,0,"(0.6, 0.7]"
2026-08-13 11:17:21,Jabalpur,3,CAPITULATION,0.2189380796913132,0.17913115611107444,0.6019307641976124,0.11419922949917448,0.1950171457601287,0.6907836247406969,0.6019307641976124,0.6907836247406969,DOWN,FLAT,1.1382208758482708,0,"(0.6, 0.7]"
2026-08-13 11:17:21,Nagpur,3,CONFLICTED,0.17013178415316751,0.13919873248895523,0.6906694833578773,0.1147396293027361,0.1977052074139453,0.6875551632833187,0.6906694833578773,0.6875551632833187,DOWN,FLAT,1.129574219300781,0,"(0.6, 0.7]"
2026-08-13 11:17:21,Mysuru,3,CAPITULATION,0.21764655872439093,0.17807445713813802,0.604278984137471,0.11526746223817073,0.20038804973712762,0.6843444880247017,0.604278984137471,0.6843444880247017,DOWN,FLAT,1.1209932371438134,0,"(0.6, 0.7]"
2026-08-13 11:17:21,Namakkal,3,CAPITULATION,0.220577590537329,0.18047257407599646,0.5989498353866746,0.11832427246562201,0.20752257017047554,0.6741531573639026,0.5989498353866746,0.6741531573639026,DOWN,DOWN,0.16324241544059234,1,"(0.6, 0.7]"
2026-08-13 11:17:21,Hospet,3,CONFLICTED,0.17013178415316746,0.1391987324889552,0.6906694833578774,0.11558183773054338,0.2027127615581838,0.6817054007112728,0.6906694833578774,0.6817054007112728,DOWN,FLAT,1.1137483551542642,0,"(0.6, 0.7]"
2026-08-13 11:17:21,Barwala,3,CAPITULATION,0.21546873337851868,0.1762926000369698,0.6082386665845115,0.11608572484296095,0.20538243626062322,0.6785318388964158,0.6082386665845115,0.6785318388964158,DOWN,UP,1.283891847346894,0,"(0.6, 0.7]"
2026-08-13 11:17:21,Davangere,3,CONFLICTED,0.17013178415316746,0.1391987324889552,0.6906694833578774,0.11837117352137935,0.20625280234785798,0.6753760241307627,0.6906694833578774,0.6753760241307627,DOWN,FLAT,1.1001791224721336,0,"(0.6, 0.7]"
2026-08-13 11:17:21,Vij/God,3,CONFLICTED,0.17013178415316746,0.1391987324889552,0.6906694833578774,0.1188587616349656,0.20890327802509107,0.6722379603399433,0.6906694833578774,0.6722379603399433,DOWN,FLAT,1.0918653040588513,0,"(0.6, 0.7]"
2026-08-13 11:17:21,Mumbai,3,CONFLICTED,0.17013178415316746,0.1391987324889552,0.6906694833578774,0.11933461909353907,0.21154773384763742,0.6691176470588236,0.6906694833578774,0.6691176470588236,DOWN,FLAT,1.0836161529205324,0,"(0.6, 0.7]"
2026-08-13 11:17:21,Siddipet,3,CONFLICTED,0.1656227577463005,0.13550952906515495,0.6988677131885446,0.11979893884389835,0.21418598156939403,0.6660150795867077,0.6988677131885446,0.6660150795867077,DOWN,UP,1.2642056289980608,0,"(0.6, 0.7]"
2026-08-13 11:17:21,Gujrat Necc Selling rate,3,CAPITULATION,0.22025564084956573,0.1802091606950992,0.5995351984553351,0.11804919303685955,0.20790753400521533,0.6740432729579252,0.5995351984553351,0.6740432729579252,DOWN,UP,1.2753971024188964,0,"(0.6, 0.7]"
2026-08-13 11:17:21,Navapur,3,CAPITULATION,0.1492420027731388,0.12210709317802264,0.7286509040488386,0.12299060590960266,0.21342487496078108,0.6635845191296164,0.7286509040488386,0.6635845191296164,DOWN,FLAT,1.0741715305009583,0,"(0.6, 0.7]"
2026-08-13 11:17:21,Benglore,3,CONFLICTED,0.22122274720447446,0.18100042953093365,0.5977768232645919,0.1200520349377439,0.21009106114105183,0.6698569039212041,0.5977768232645919,0.6698569039212041,DOWN,FLAT,1.0870768945128642,0,"(0.6, 0.7]"
2026-08-13 11:17:21,Anand,3,CONFLICTED,0.22122274720447446,0.18100042953093365,0.5977768232645919,0.1206896551724138,0.21298174442190668,0.6663286004056795,0.5977768232645919,0.6663286004056795,DOWN,UP,1.2625417096963987,0,"(0.6, 0.7]"
2026-08-13 11:17:21,Raipur Td,3,CAPITULATION,0.2067302017083956,0.16914289230686913,0.6241269059847353,0.12398921832884097,0.215633423180593,0.660377358490566,0.6241269059847353,0.660377358490566,DOWN,UP,1.2499909184036735,0,"(0.6, 0.7]"
2026-08-13 11:17:21,Mahuva,3,CONFLICTED,0.22801266358578995,0.18655581566110085,0.5854315207531092,0.12445295404814004,0.21334792122538293,0.662199124726477,0.5854315207531092,0.662199124726477,DOWN,UP,1.2506076459547328,0,"(0.6, 0.7]"
2026-08-13 11:17:21,Nasik,3,CONFLICTED,0.15856573139748625,0.12973559841612511,0.7116986701863887,0.12707452001301658,0.21477383664171817,0.6581516433452652,0.7116986701863887,0.6581516433452652,DOWN,UP,1.2412902801543821,0,"(0.6, 0.7]"
2026-08-13 11:17:21,Pune,3,CONFLICTED,0.17081880562780985,0.13976084096820807,0.6894203534039821,0.12897261065526405,0.2149543510921068,0.6560730382526291,0.6894203534039821,0.6560730382526291,DOWN,DOWN,0.1811250623694406,1,"(0.6, 0.7]"
2026-08-13 11:17:21,Bhopal,3,CONFLICTED,0.1629050114142972,0.13328591842987952,0.7038090701558233,0.12906695348211886,0.21511158913686476,0.6558214573810165,0.7038090701558233,0.6558214573810165,DOWN,FLAT,1.0628098799497736,0,"(0.6, 0.7]"
2026-08-13 11:17:21,Wankaner,3,CONFLICTED,0.23790232618804558,0.1946473577902191,0.5674503160217353,0.1275708166057371,0.21438984457353039,0.6580393388207324,0.5674503160217353,0.6580393388207324,DOWN,UP,1.2401114569298697,0,"(0.6, 0.7]"
2026-08-13 11:17:21,Surat,3,CAPITULATION,0.21038482014903004,0.1721330346673882,0.6174821451835818,0.12858133303352257,0.21312796297337305,0.6582907039931043,0.6174821451835818,0.6582907039931043,DOWN,FLAT,1.0690474128228478,0,"(0.6, 0.7]"
2026-08-13 11:17:21,Kolkata Sell,3,CONFLICTED,0.1662522499619507,0.13602456815068695,0.6977231818873624,0.129042462133899,0.21566000521007778,0.6552975326560232,0.6977231818873624,0.6552975326560232,DOWN,UP,1.2344911269180634,0,"(0.6, 0.7]"
2026-08-13 11:17:21,Metapally,3,CONFLICTED,0.1629050114142972,0.13328591842987952,0.7038090701558233,0.1317213302550184,0.21716219312313848,0.6511164766218431,0.7038090701558233,0.6511164766218431,DOWN,FLAT,1.0541382068483691,0,"(0.6, 0.7]"
2026-08-14 10:46:30,Mahuva,3,PANIC,0.21343652460088736,0.5256966119980281,0.26086686340108456,0.49852631578947365,0.3465263157894737,0.1549473684210526,0.5256966119980281,0.49852631578947365,UP,UP,0.3955650304709141,1,"(0.4, 0.5]"
2026-08-14 10:46:30,Benglore,3,PANIC,0.21917451109024302,0.512945530910571,0.26787995799918596,0.5036060681422533,0.3419547376274559,0.15443919423029098,0.512945530910571,0.5036060681422533,UP,FLAT,0.7104941039151518,0,"(0.5, 0.6]"
2026-08-14 10:46:30,Bilashpur,3,PANIC,0.26787995799918596,0.21917451109024302,0.512945530910571,0.13367240479916537,0.21922274387063118,0.6471048513302033,0.512945530910571,0.6471048513302033,DOWN,UP,1.217326802251714,0,"(0.6, 0.7]"
2026-08-14 10:46:30,Pune,3,PANIC,0.19029086260152123,0.15569252394669916,0.6540166134517796,0.13325784003945132,0.2156672937480594,0.6510748662124893,0.6540166134517796,0.6510748662124893,DOWN,DOWN,0.18601878251322396,1,"(0.6, 0.7]"
2026-08-14 10:46:30,Davangere,3,PANIC,0.26676455925937925,0.2182619121213103,0.5149735286193104,0.13585165722654147,0.21986518209032369,0.6442831606831348,0.5149735286193104,0.6442831606831348,DOWN,FLAT,1.0421667980260116,0,"(0.6, 0.7]"
2026-08-14 10:46:30,Surat,3,PANIC,0.2719740547434264,0.22252422660825794,0.5055017186483157,0.13644524236983843,0.22262118491921004,0.6409335727109515,0.5055017186483157,0.6409335727109515,DOWN,FLAT,1.0337309709298017,0,"(0.6, 0.7]"
2026-08-14 10:46:30,Mumbai,3,PANIC,0.18619789034266715,0.15234372846218222,0.6614583811951507,0.13108807368814127,0.21560538435549548,0.6533065419563633,0.6614583811951507,0.6533065419563633,DOWN,UP,1.2283030552130474,0,"(0.6, 0.7]"
2026-08-14 10:46:30,Nagpur,3,PANIC,0.19128250593313337,0.1565038684907455,0.6522136255761212,0.1332650466233399,0.21633936140152585,0.6503955919751342,0.6522136255761212,0.6503955919751342,DOWN,FLAT,1.0548979952007744,0,"(0.6, 0.7]"
2026-08-14 10:46:30,Metapally,3,PANIC,0.1912825059331333,0.15650386849074543,0.6522136255761213,0.13370634767509165,0.21879220528651358,0.6475014470383947,0.6522136255761213,0.6475014470383947,DOWN,FLAT,1.0474211298465363,0,"(0.6, 0.7]"
2026-08-14 10:46:30,Mysuru,3,PANIC,0.25909131254611456,0.21198380117409374,0.5289248862797917,0.13745379704301075,0.22670950940860218,0.6358366935483871,0.5289248862797917,0.6358366935483871,DOWN,FLAT,1.0211600300231714,0,"(0.6, 0.7]"
2026-08-14 10:46:30,Raipur Td,3,PANIC,0.18214513587257658,0.14902783844119902,0.6688270256862244,0.13369912487845534,0.2222530907070427,0.6440477844145021,0.6688270256862244,0.6440477844145021,DOWN,UP,1.214671191174416,0,"(0.6, 0.7]"
2026-08-14 10:46:30,Namakkal,3,PANIC,0.27722232249421885,0.2268182638589063,0.4959594136468749,0.19304690823311035,0.316794926331258,0.49015816543563173,0.4959594136468749,0.49015816543563173,DOWN,DOWN,0.39756483039955076,1,"(0.4, 0.5]"
2026-08-14 10:46:30,Bhopal,3,PANIC,0.18401051852740152,0.15055406061332852,0.66543542085927,0.13565450976340532,0.2226125288425113,0.6417329613940834,0.66543542085927,0.6417329613940834,DOWN,FLAT,1.0345546200714053,0,"(0.6, 0.7]"
2026-08-14 10:46:30,Siddipet,3,PANIC,0.18029647357004475,0.14751529655730933,0.6721882298726459,0.13606977937403797,0.2250384812724474,0.6388917393535147,0.6721882298726459,0.6388917393535147,DOWN,UP,1.2052003987783926,0,"(0.6, 0.7]"
2026-08-14 10:46:30,Kolkata Sell,3,PANIC,0.17574963844602406,0.14379515872856513,0.6804552028254108,0.13822450227627914,0.22570836447645581,0.636067133247265,0.6804552028254108,0.636067133247265,DOWN,UP,1.1981826722689974,0,"(0.6, 0.7]"
2026-08-14 10:46:30,Anand,3,PANIC,0.2437656048600145,0.19944458579455732,0.5567898093454282,0.14132533585308737,0.2278871040631034,0.6307875600838092,0.5567898093454282,0.6307875600838092,DOWN,UP,1.187147657002566,0,"(0.6, 0.7]"
2026-08-14 10:46:30,Hospet,3,PANIC,0.1726047818720101,0.14122209425891735,0.6861731238690726,0.14167507568113016,0.22563067608476284,0.6326942482341069,0.6861731238690726,0.6326942482341069,DOWN,FLAT,1.0200216886387172,0,"(0.6, 0.7]"
2026-08-14 10:46:30,Vij/God,3,PANIC,0.17260478187201003,0.1412220942589173,0.6861731238690727,0.1420744032206872,0.22802064714431283,0.6299049496349999,0.6861731238690727,0.6299049496349999,DOWN,FLAT,1.0129175028606716,0,"(0.6, 0.7]"
2026-08-14 10:46:30,Gujrat Necc Selling rate,3,PANIC,0.2371027359864368,0.19399314762526648,0.5689041163882967,0.1427442877977637,0.23085804569761786,0.6263976665046183,0.5689041163882967,0.6263976665046183,DOWN,UP,1.1805568299691178,0,"(0.6, 0.7]"
2026-08-14 10:46:30,Barwala,3,PANIC,0.16955542546330363,0.1387271662881575,0.6917174082485389,0.1437597168469452,0.22966491349938806,0.6265753696536668,0.6917174082485389,0.6265753696536668,DOWN,FLAT,1.0066796955384485,0,"(0.6, 0.7]"
2026-08-14 10:46:30,Navapur,3,PANIC,0.16955542546330363,0.1387271662881575,0.6917174082485389,0.14414325611959913,0.23203548546081812,0.6238212584195827,0.6917174082485389,0.6238212584195827,DOWN,FLAT,0.9996997363323534,0,"(0.6, 0.7]"
2026-08-14 10:46:30,Wankaner,3,PANIC,0.23230841894441034,0.19007052459088117,0.5776210564647085,0.14414702357171394,0.23379944067119457,0.6220535357570915,0.5776210564647085,0.6220535357570915,DOWN,UP,1.1740970970672189,0,"(0.6, 0.7]"
2026-08-14 10:46:30,Nasik,3,PANIC,0.17077760584643858,0.139727132056177,0.6894952620973844,0.1458130001951981,0.23365215693929337,0.6205348428655084,0.6894952620973844,0.6205348428655084,DOWN,DOWN,0.21984856694741342,1,"(0.6, 0.7]"
2026-08-14 10:46:30,Jabalpur,3,PANIC,0.2573926076090205,0.21059395168010767,0.5320134407108719,0.14625405876296826,0.23435891343945514,0.6193870277975766,0.5320134407108719,0.6193870277975766,DOWN,FLAT,0.9912368133381695,0,"(0.6, 0.7]"
2026-08-16 10:44:37,Raipur Td,3,NORMAL,0.4224581297208964,0.2598938416255966,0.31764802865350694,0.29910714285714285,0.5982142857142857,0.10267857142857142,0.4224581297208964,0.5982142857142857,FLAT,UP,0.859654017857143,0,"(0.5, 0.6]"
2026-08-16 10:44:37,Davangere,3,NORMAL,0.27539482503012863,0.2253230386610143,0.4992821363088571,0.1936373276776246,0.31261930010604455,0.49374337221633086,0.4992821363088571,0.49374337221633086,DOWN,FLAT,0.75377015886439,0,"(0.4, 0.5]"
2026-08-16 10:44:37,Bhopal,3,NORMAL,0.27252572799030267,0.22297559562842945,0.5044986763812679,0.14612676056338028,0.23767605633802816,0.6161971830985916,0.5044986763812679,0.6161971830985916,DOWN,FLAT,0.982189793691728,0,"(0.6, 0.7]"
2026-08-16 10:44:37,Mumbai,3,NORMAL,0.32150583636655533,0.26305022975445436,0.4154439338789903,0.19372931545027,0.31743598676188817,0.4888346977878418,0.4154439338789903,0.4888346977878418,DOWN,FLAT,0.7423840415938782,0,"(0.4, 0.5]"
2026-08-16 10:44:37,Mahuva,3,NORMAL,0.32039083010709934,0.2621379519058085,0.4174712179870922,0.19445975744211685,0.3209757442116869,0.48456449834619625,0.4174712179870922,0.48456449834619625,DOWN,FLAT,0.7336912902708201,0,"(0.4, 0.5]"
2026-08-16 10:44:37,Mysuru,3,NORMAL,0.2651465361733547,0.21693807505092658,0.5179153887757187,0.14573484863102243,0.24230613386844693,0.6119590175005305,0.5179153887757187,0.6119590175005305,DOWN,FLAT,0.9698324799791016,0,"(0.6, 0.7]"
2026-08-16 10:44:37,Wankaner,3,NORMAL,0.25970397522493827,0.4228800550556927,0.31741596971936903,0.3547447968285431,0.5469524281466799,0.09830277502477701,0.4228800550556927,0.5469524281466799,FLAT,FLAT,0.3407594088166855,1,"(0.5, 0.6]"
2026-08-16 10:44:37,Hospet,3,NORMAL,0.3146780969257083,0.2574638974846704,0.4278580055896213,0.19562289562289562,0.32760942760942763,0.47676767676767673,0.4278580055896213,0.47676767676767673,DOWN,DOWN,0.41936831842555755,1,"(0.4, 0.5]"
2026-08-16 10:44:37,Metapally,3,NORMAL,0.2653112959562673,0.410419342319406,0.3242693617243267,0.34097089625643695,0.5645431927327431,0.09448591101081988,0.410419342319406,0.5645431927327431,FLAT,FLAT,0.3148113704688554,1,"(0.5, 0.6]"
2026-08-16 10:44:37,Nasik,3,NORMAL,0.2630354905342571,0.4154766877016508,0.3214878217640921,0.32655737704918036,0.5829508196721311,0.09049180327868853,0.4154766877016508,0.5829508196721311,FLAT,DOWN,1.2736765385649018,0,"(0.5, 0.6]"
2026-08-16 10:44:37,Namakkal,3,NORMAL,0.309352807010256,0.2531068420993004,0.4375403508904436,0.19325104455713968,0.323637291487258,0.4831116639556023,0.4375403508904436,0.4831116639556023,DOWN,FLAT,0.7282093595390686,0,"(0.4, 0.5]"
2026-08-16 10:44:37,Jabalpur,3,NORMAL,0.2678749774642531,0.21917043610711615,0.5129545864286308,0.14499468327510254,0.24456934528330548,0.610435971441592,0.5129545864286308,0.610435971441592,DOWN,FLAT,0.9643310074935811,0,"(0.6, 0.7]"
2026-08-16 10:44:37,Siddipet,3,NORMAL,0.32869583355331394,0.26893295472543866,0.4023712117212474,0.19319933314460067,0.328206096064924,0.4785945707904753,0.4023712117212474,0.4785945707904753,DOWN,FLAT,0.7176857948819677,0,"(0.4, 0.5]"
2026-08-16 10:44:37,Vij/God,3,NORMAL,0.340078383894237,0.2782459504589212,0.3816756656468419,0.33333333333333337,0.570281124497992,0.0963855421686747,0.3816756656468419,0.570281124497992,FLAT,FLAT,0.3050595958129708,1,"(0.5, 0.6]"
2026-08-16 10:44:37,Kolkata Sell,3,NORMAL,0.3973366656060219,0.27119850047729016,0.331464833916688,0.33199999999999996,0.572,0.096,0.3973366656060219,0.572,FLAT,FLAT,0.302624,1,"(0.5, 0.6]"
2026-08-16 10:44:37,Nagpur,3,NORMAL,0.28836215599683723,0.23593267308832136,0.4757051709148414,0.1922720533728688,0.3335804299481097,0.4741475166790215,0.4757051709148414,0.4741475166790215,DOWN,FLAT,0.7058994534292484,0,"(0.4, 0.5]"
2026-08-16 10:44:37,Barwala,3,NORMAL,0.3931796147975404,0.27306917334110686,0.3337512118613528,0.32936507936507936,0.5753968253968255,0.09523809523809523,0.3931796147975404,0.5753968253968255,FLAT,DOWN,1.2581569664902998,0,"(0.5, 0.6]"
2026-08-16 10:44:37,Surat,3,NORMAL,0.33452182045123047,0.2736996712782795,0.3917785082704901,0.32806324110671936,0.5731225296442688,0.09881422924901186,0.3917785082704901,0.5731225296442688,FLAT,FLAT,0.2996141167648299,1,"(0.5, 0.6]"
2026-08-16 10:44:37,Benglore,3,NORMAL,0.32591593048066614,0.26665848857509045,0.4074255809442434,0.1917849867744976,0.33735672372381503,0.47085828950168745,0.4074255809442434,0.47085828950168745,DOWN,FLAT,0.6975851215385855,0,"(0.4, 0.5]"
2026-08-16 10:44:37,Pune,3,NORMAL,0.2836625851473013,0.23208756966597377,0.4842498451867249,0.19232042370076136,0.3406156901688183,0.4670638861304204,0.4842498451867249,0.4670638861304204,DOWN,DOWN,0.4370270952280303,1,"(0.4, 0.5]"
2026-08-16 10:44:37,Anand,3,NORMAL,0.33525537290988616,0.2742998505626341,0.3904447765274798,0.3254901960784314,0.5764705882352942,0.09803921568627451,0.3904447765274798,0.5764705882352942,FLAT,FLAT,0.2949327181853133,1,"(0.5, 0.6]"
2026-08-16 10:44:37,Bilashpur,3,NORMAL,0.28736855231322606,0.23511972461991223,0.4775117230668618,0.18742400555845057,0.3342018412367552,0.4783741532047942,0.4775117230668618,0.4783741532047942,DOWN,UP,1.0008124478831142,0,"(0.4, 0.5]"
2026-08-16 10:44:37,Gujrat Necc Selling rate,3,NORMAL,0.3314856730154952,0.2712155506490415,0.3972987763354633,0.32684824902723736,0.5758754863813229,0.09727626459143969,0.3972987763354633,0.5758754863813229,FLAT,FLAT,0.29617405259731416,1,"(0.5, 0.6]"
2026-08-16 10:44:37,Navapur,3,NORMAL,0.30076694740488014,0.2460820478767201,0.4531510047183998,0.18948630821507095,0.3361126181433997,0.4744010736415294,0.4531510047183998,0.4744010736415294,DOWN,FLAT,0.7017078954616239,0,"(0.4, 0.5]"
2026-08-17 11:04:25,Mumbai,3,CONFLICTED,0.26110609020506076,0.4197642439887539,0.3191296658061854,0.3390514631685167,0.5600403632694249,0.10090817356205854,0.4197642439887539,0.5600403632694249,FLAT,FLAT,0.3187028361204422,1,"(0.5, 0.6]"
2026-08-17 11:04:25,Nagpur,3,CONFLICTED,0.3175702252120567,0.25983018426441,0.4225995905235333,0.19090909090909092,0.3409090909090909,0.46818181818181814,0.4225995905235333,0.46818181818181814,DOWN,DOWN,0.43549586776859506,1,"(0.4, 0.5]"
2026-08-17 11:04:25,Navapur,3,CONFLICTED,0.24207053058824057,0.1980577068449241,0.5598717625668354,0.14150635800456474,0.25268992500815135,0.6058037169872841,0.5598717625668354,0.6058037169872841,DOWN,FLAT,0.9454945410556479,0,"(0.6, 0.7]"
2026-08-17 11:04:25,Mysuru,3,CONFLICTED,0.3128949439538799,0.25600495414408353,0.4311001019020366,0.18636867880624475,0.3350198869017019,0.4786114342920534,0.4311001019020366,0.4786114342920534,DOWN,FLAT,0.7060007402913071,0,"(0.4, 0.5]"
2026-08-17 11:04:25,Kolkata Sell,3,CONFLICTED,0.5185025105485381,0.21667387025315785,0.26482361919830405,0.18321060382916052,0.7014236622484045,0.11536573392243496,0.5185025105485381,0.7014236622484045,FLAT,FLAT,0.1360232073840625,1,"(0.7, 0.8]"
2026-08-17 11:04:25,Bilashpur,3,CONFLICTED,0.25346819645245866,0.4367373412167585,0.30979446233078284,0.3288369021790397,0.5732949721724365,0.09786812564852372,0.4367373412167585,0.5732949721724365,FLAT,FLAT,0.2997890590259843,1,"(0.5, 0.6]"
2026-08-17 11:04:25,Gujrat Necc Selling rate,3,CONFLICTED,0.25222035537891546,0.4395103213801878,0.3082693232408967,0.316781898177247,0.5889377749842866,0.09428032683846638,0.4395103213801878,0.5889377749842866,FLAT,FLAT,0.27821170387641675,1,"(0.5, 0.6]"
2026-08-17 11:04:25,Siddipet,3,CONFLICTED,0.2582104065865184,0.4261990964744036,0.31559049693907804,0.3057815845824411,0.6032119914346895,0.09100642398286937,0.4261990964744036,0.6032119914346895,FLAT,DOWN,1.2836364053207636,0,"(0.6, 0.7]"
2026-08-17 11:04:25,Nasik,3,CONFLICTED,0.26461228806699566,0.411972693184454,0.3234150187485503,0.30642629904559915,0.5987274655355249,0.09484623541887593,0.411972693184454,0.5987274655355249,FLAT,DOWN,1.2716749922687571,0,"(0.5, 0.6]"
2026-08-17 11:04:25,Jabalpur,3,CONFLICTED,0.32055702082865895,0.26227392613253914,0.4171690530388019,0.1896408553041312,0.34541727216109613,0.46494187253477265,0.4171690530388019,0.46494187253477265,DOWN,FLAT,0.6806131464216436,0,"(0.4, 0.5]"
2026-08-17 11:04:25,Davangere,3,CONFLICTED,0.31627999866686424,0.258774544363798,0.4249454569693379,0.19003059204606804,0.3483894187511247,0.4615799892028073,0.4249454569693379,0.4615799892028073,DOWN,FLAT,0.6737640619413399,0,"(0.4, 0.5]"
2026-08-17 11:04:25,Surat,3,CONFLICTED,0.2546063093765124,0.434208201385528,0.31118548923795963,0.31041355256601894,0.5898106626806179,0.09977578475336323,0.434208201385528,0.5898106626806179,FLAT,FLAT,0.27456707329031993,1,"(0.5, 0.6]"
2026-08-17 11:04:25,Metapally,3,CONFLICTED,0.2590556798167616,0.4243207115183076,0.31662360866493083,0.3003098434893144,0.6031619925319774,0.0965281639787082,0.4243207115183076,0.6031619925319774,FLAT,DOWN,1.2702517498154058,0,"(0.6, 0.7]"
2026-08-17 11:04:25,Pune,3,CONFLICTED,0.24350170996375456,0.19922867178852643,0.557269618247719,0.14014506243304473,0.2586010080609754,0.6012539295059799,0.557269618247719,0.6012539295059799,DOWN,DOWN,0.2455135486289367,1,"(0.6, 0.7]"
2026-08-17 11:04:25,Vij/God,3,CONFLICTED,0.31643379273248123,0.2589003758720301,0.4246658313954888,0.19179044560417505,0.35389903653151344,0.45431051786431154,0.4246658313954888,0.45431051786431154,DOWN,FLAT,0.6606280766620936,0,"(0.4, 0.5]"
2026-08-17 11:04:25,Anand,3,CONFLICTED,0.24981040764676157,0.4448657607849743,0.30532383156826415,0.30206378986866794,0.5972482801751094,0.10068792995622264,0.4448657607849743,0.5972482801751094,FLAT,FLAT,0.2635895402105991,1,"(0.5, 0.6]"
2026-08-17 11:04:25,Hospet,3,CONFLICTED,0.32031375473147916,0.2620748902348466,0.4176113550336743,0.19287460188134212,0.35819568920820677,0.4489297089104511,0.4176113550336743,0.4489297089104511,DOWN,DOWN,0.4691832295397486,1,"(0.4, 0.5]"
2026-08-17 11:04:25,Raipur Td,3,CONFLICTED,0.5721943157470828,0.19251255791381275,0.23529312633910449,0.17841860465116277,0.6965581395348837,0.1250232558139535,0.5721943157470828,0.6965581395348837,FLAT,FLAT,0.1395409756625203,1,"(0.6, 0.7]"
2026-08-17 11:04:25,Namakkal,3,CONFLICTED,0.23659948993504848,0.19358140085594874,0.5698191092090028,0.13825635456612484,0.258407710320019,0.6033359351138562,0.5698191092090028,0.6033359351138562,DOWN,FLAT,0.933088194290422,0,"(0.6, 0.7]"
2026-08-17 11:04:25,Benglore,3,CONFLICTED,0.31738655575236846,0.25967990925193785,0.4229335349956937,0.1879641972957532,0.35355170443725004,0.45848409826699676,0.4229335349956937,0.45848409826699676,DOWN,FLAT,0.6634336066647225,0,"(0.4, 0.5]"
2026-08-17 11:04:25,Wankaner,3,CONFLICTED,0.3200980113640538,0.26189837293422585,0.4180036157017204,0.18827415359207267,0.3563760764421376,0.45534976996578974,0.4180036157017204,0.45534976996578974,DOWN,FLAT,0.6570423248947261,0,"(0.4, 0.5]"
2026-08-17 11:04:25,Bhopal,3,CONFLICTED,0.32279265751181974,0.2641030834187616,0.4131042590694187,0.18856982508652137,0.3591806192124216,0.45224955570105696,0.4131042590694187,0.45224955570105696,DOWN,FLAT,0.65073771835794,0,"(0.4, 0.5]"
2026-08-17 11:04:25,Barwala,3,CONFLICTED,0.5612862914709938,0.19742116883805277,0.2412925396909534,0.17305116528261452,0.7044378962407358,0.1225109384766497,0.5612862914709938,0.7044378962407358,FLAT,DOWN,1.2961665085588745,0,"(0.7, 0.8]"
2026-08-17 11:04:25,Mahuva,3,CONFLICTED,0.2561343441851735,0.4308125684773922,0.3130530873374343,0.2966360856269113,0.6009538371923693,0.10241007718071937,0.4308125684773922,0.6009538371923693,FLAT,FLAT,0.25771863125571126,1,"(0.6, 0.7]"
2026-08-18 11:19:16,Hospet,3,PANIC,0.26059423918496055,0.2132134684240586,0.5261922923909809,0.13801115241635686,0.26452137546468396,0.5974674721189591,0.5261922923909809,0.5974674721189591,DOWN,DOWN,0.2510510722713202,1,"(0.5, 0.6]"
2026-08-18 11:19:16,Nagpur,3,PANIC,0.25468889100586967,0.20838181991389337,0.536929289080237,0.1364744110479285,0.26157595450852966,0.6019496344435419,0.536929289080237,0.6019496344435419,DOWN,DOWN,0.24549133836755727,1,"(0.6, 0.7]"
2026-08-18 11:19:16,Bhopal,3,PANIC,0.24943126182035805,0.20408012330756564,0.5464886148720763,0.13499236252545824,0.25873536150712834,0.6062722759674134,0.5464886148720763,0.6062722759674134,DOWN,FLAT,0.9352622748268798,0,"(0.6, 0.7]"
2026-08-18 11:19:16,Siddipet,3,PANIC,0.25325427799339023,0.20720804563095563,0.5395376763756542,0.13541320942582147,0.26115404674979853,0.6034327438243801,0.5395376763756542,0.6034327438243801,DOWN,DOWN,0.2438037620914571,1,"(0.6, 0.7]"
2026-08-18 11:19:16,Namakkal,3,PANIC,0.18221424149319926,0.14908437940352667,0.6687013791032741,0.1290322580645161,0.2488479262672811,0.6221198156682027,0.6687013791032741,0.6221198156682027,DOWN,FLAT,0.9679118265412303,0,"(0.6, 0.7]"
2026-08-18 11:19:16,Navapur,3,PANIC,0.2521451369057632,0.20630056655926077,0.5415542965349761,0.13359892527910316,0.2592455335773073,0.6071555411435895,0.5415542965349761,0.6071555411435895,DOWN,FLAT,0.9352037035022647,0,"(0.6, 0.7]"
2026-08-18 11:19:16,Gujrat Necc Selling rate,3,PANIC,0.25598166076790607,0.20943954062828676,0.5345787986038072,0.13400417229107864,0.26162719352067737,0.6043686341882439,0.5345787986038072,0.6043686341882439,DOWN,FLAT,0.9284129655301319,0,"(0.6, 0.7]"
2026-08-18 11:19:16,Bilashpur,3,PANIC,0.2579063455851527,0.21101428275148854,0.5310793716633588,0.1344,0.26399999999999996,0.6015999999999999,0.5310793716633588,0.6015999999999999,DOWN,FLAT,0.9216819199999998,0,"(0.6, 0.7]"
2026-08-18 11:19:16,Surat,3,PANIC,0.259854228950896,0.21260800550527853,0.5275377655438255,0.13478655767484105,0.2663639115955192,0.5988495307296398,0.5275377655438255,0.5988495307296398,DOWN,FLAT,0.9150100867943702,0,"(0.5, 0.6]"
2026-08-18 11:19:16,Jabalpur,3,PANIC,0.18915391603702997,0.15476229493938815,0.6560837890235819,0.12796897721764422,0.25441451423031647,0.6176165085520394,0.6560837890235819,0.6176165085520394,DOWN,FLAT,0.9537239273565563,0,"(0.6, 0.7]"
2026-08-18 11:19:16,Mysuru,3,PANIC,0.24828835364190643,0.20314501661610526,0.5485666297419883,0.13478495591146303,0.26956991182292606,0.5956451322656109,0.5485666297419883,0.5956451322656109,DOWN,FLAT,0.9064882216461403,0,"(0.5, 0.6]"
2026-08-18 11:19:16,Nasik,3,PANIC,0.19558653009096158,0.16002534280169584,0.6443881271073426,0.12797496500041175,0.25747344148892365,0.6145515935106646,0.6443881271073426,0.6145515935106646,DOWN,UP,1.2043938958246805,0,"(0.6, 0.7]"
2026-08-18 11:19:16,Kolkata Sell,3,PANIC,0.2566782209495409,0.21000945350416983,0.5333123255462893,0.13637984311861184,0.27115521749465177,0.5924649393867364,0.5333123255462893,0.5924649393867364,DOWN,FLAT,0.9008288829968548,0,"(0.5, 0.6]"
2026-08-18 11:19:16,Wankaner,3,PANIC,0.2607993308060361,0.2133812706594841,0.5258193985344798,0.13674267581728286,0.2734853516345657,0.5897719725481515,0.5258193985344798,0.5897719725481515,DOWN,FLAT,0.8943530732825586,0,"(0.5, 0.6]"
2026-08-18 11:19:16,Raipur Td,3,PANIC,0.25886826095035215,0.21180130441392447,0.5293304346357234,0.13709677419354838,0.2758064516129032,0.5870967741935484,0.5293304346357234,0.5870967741935484,DOWN,FLAT,0.8879344432882414,0,"(0.5, 0.6]"
2026-08-18 11:19:16,Anand,3,PANIC,0.2569603338976981,0.21024027318902574,0.5327993929132762,0.13744227715704985,0.27811849024720675,0.5844392325957435,0.5327993929132762,0.5844392325957435,DOWN,FLAT,0.881572510270189,0,"(0.5, 0.6]"
2026-08-18 11:19:16,Mumbai,3,PANIC,0.2648692264096342,0.21671118524424615,0.5184195883461197,0.1377793215236772,0.280421442630543,0.5817992358457797,0.5184195883461197,0.5817992358457797,DOWN,DOWN,0.2725112060656935,1,"(0.5, 0.6]"
2026-08-18 11:19:16,Mahuva,3,PANIC,0.26299304980869265,0.2151761316616576,0.5218308185296497,0.13635524765406512,0.2775230334606267,0.5861217188853083,0.5218308185296497,0.5861217188853083,DOWN,FLAT,0.8841043900918046,0,"(0.5, 0.6]"
2026-08-18 11:19:16,Benglore,3,PANIC,0.2592523737288654,0.21211557850543533,0.5286320477656993,0.1366810071232104,0.27979406164045423,0.5835249312363355,0.5286320477656993,0.5835249312363355,DOWN,FLAT,0.8778796367309392,0,"(0.5, 0.6]"
2026-08-18 11:19:16,Metapally,3,PANIC,0.2673136176414389,0.2187111417066318,0.5139752406519293,0.13699878067581392,0.28205631315608753,0.5809449061680986,0.5139752406519293,0.5809449061680986,DOWN,DOWN,0.27393160136432837,1,"(0.5, 0.6]"
2026-08-18 11:19:16,Barwala,3,PANIC,0.1821525010509217,0.14903386449620865,0.6688136344528697,0.12743457599892913,0.26236530352720705,0.6102001204738638,0.6688136344528697,0.6102001204738638,DOWN,FLAT,0.9326887036268541,0,"(0.6, 0.7]"
2026-08-18 11:19:16,Vij/God,3,PANIC,0.2636287617675451,0.2156962596279914,0.5206749786044635,0.1352426412092283,0.28003182179793157,0.58472553699284,0.5206749786044635,0.58472553699284,DOWN,FLAT,0.8785487032364184,0,"(0.5, 0.6]"
2026-08-18 11:19:16,Pune,3,PANIC,0.18423085703941983,0.15073433757770713,0.6650348053828731,0.12743628185907047,0.2653673163418291,0.6071964017991005,0.6650348053828731,0.6071964017991005,DOWN,DOWN,0.24095448527610255,1,"(0.6, 0.7]"
2026-08-18 11:19:16,Davangere,3,PANIC,0.2627530552134524,0.21497977244737013,0.5222671723391775,0.13539454337526546,0.28193922561672924,0.5826662310080052,0.5222671723391775,0.5826662310080052,DOWN,DOWN,0.2719888840582213,1,"(0.5, 0.6]"
2026-08-19 10:41:53,Mumbai,3,PANIC,0.25517313652471746,0.20877802079295066,0.5360488426823319,0.1340568572154132,0.27915369090738984,0.5867894518771969,0.5360488426823319,0.5867894518771969,DOWN,DOWN,0.2666409811936396,1,"(0.5, 0.6]"
2026-08-19 10:41:53,Hospet,3,PANIC,0.18789808035736955,0.153734793019666,0.6583671266229645,0.12596521332189378,0.2623040324467671,0.6117307542313393,0.6583671266229645,0.6117307542313393,DOWN,DOWN,0.23542364761482953,1,"(0.6, 0.7]"
2026-08-19 10:41:53,Kolkata Sell,3,PANIC,0.24703604037247964,0.20212039666839243,0.550843562959128,0.13260704265974463,0.2761346653032329,0.5912582920370225,0.550843562959128,0.5912582920370225,DOWN,FLAT,0.891152018441163,0,"(0.5, 0.6]"
2026-08-19 10:41:53,Raipur Td,3,PANIC,0.2546038261634829,0.20831222140648603,0.537083952430031,0.13290248605826863,0.27831344139260955,0.5887840725491218,0.537083952430031,0.5887840725491218,DOWN,DOWN,0.2642199814495517,1,"(0.5, 0.6]"
2026-08-19 10:41:53,Davangere,3,PANIC,0.26106493394975683,0.2135985823225283,0.5253364837277149,0.1316429449109154,0.27567581404874053,0.5926812410403439,0.5253364837277149,0.5926812410403439,DOWN,DOWN,0.25923559079668845,1,"(0.5, 0.6]"
2026-08-19 10:41:53,Navapur,3,PANIC,0.2561923896871449,0.2096119551985731,0.534195655114282,0.13042056544924036,0.2731160076466445,0.596463426904115,0.534195655114282,0.596463426904115,DOWN,FLAT,0.9011384818658531,0,"(0.5, 0.6]"
2026-08-19 10:41:53,Metapally,3,PANIC,0.2598796494829465,0.21262880412241075,0.5274915463946428,0.13070383797974747,0.2752469058632329,0.5940492561570196,0.5274915463946428,0.5940492561570196,DOWN,DOWN,0.25764035887658854,1,"(0.5, 0.6]"
2026-08-19 10:41:53,Bhopal,3,PANIC,0.2544336344483574,0.20817297363956513,0.5373933919120775,0.1295142600852779,0.2727417947678205,0.5977439451469015,0.5373933919120775,0.5977439451469015,DOWN,FLAT,0.9029762646027499,0,"(0.5, 0.6]"
2026-08-19 10:41:53,Pune,3,PANIC,0.18775544402382635,0.15361809056494882,0.6586264654112248,0.12339990405736359,0.2613174438861817,0.6152826520564547,0.6586264654112248,0.6152826520564547,DOWN,DOWN,0.23152178060928919,1,"(0.6, 0.7]"
2026-08-19 10:41:53,Bilashpur,3,PANIC,0.25435649544816596,0.20810985991213576,0.5375336446396983,0.12963957148783523,0.27453085726835696,0.5958295712438078,0.5375336446396983,0.5958295712438078,DOWN,FLAT,0.8981247735199145,0,"(0.5, 0.6]"
2026-08-19 10:41:53,Vij/God,3,PANIC,0.25713202107241523,0.21038074451379427,0.5324872344137905,0.12990793639241657,0.2766274880826753,0.5934645755249082,0.5324872344137905,0.5934645755249082,DOWN,FLAT,0.8923440653382755,0,"(0.5, 0.6]"
2026-08-19 10:41:53,Mysuru,3,PANIC,0.2507023244036857,0.20512008360301554,0.5441775919932988,0.1301700229108887,0.2787169902327264,0.5911129868563849,0.5441775919932988,0.5911129868563849,DOWN,FLAT,0.8866079782738348,0,"(0.5, 0.6]"
2026-08-19 10:41:53,Gujrat Necc Selling rate,3,PANIC,0.2613937653590445,0.21386762620285457,0.5247386084381009,0.13042592215202772,0.2807993382802479,0.5887747395677244,0.5247386084381009,0.5887747395677244,DOWN,FLAT,0.8809162069403778,0,"(0.5, 0.6]"
2026-08-19 10:41:53,Siddipet,3,PANIC,0.26381756730367106,0.2158507368848218,0.5203316958115072,0.13067572398998928,0.2828745084018591,0.5864497676081516,0.5203316958115072,0.5864497676081516,DOWN,DOWN,0.26811792705525317,1,"(0.5, 0.6]"
2026-08-19 10:41:53,Barwala,3,PANIC,0.19321927516845336,0.1580884978650982,0.6486922269664485,0.12089852371376722,0.2617097454509784,0.6173917308352542,0.6486922269664485,0.6173917308352542,DOWN,UP,1.2224839457764007,0,"(0.6, 0.7]"
2026-08-19 10:41:53,Wankaner,3,PANIC,0.19580996445834264,0.16020815273864397,0.6439818828030134,0.12265047904629563,0.2624149784246325,0.6149345425290719,0.6439818828030134,0.6149345425290719,DOWN,FLAT,0.9372192956580601,0,"(0.6, 0.7]"
2026-08-19 10:41:53,Surat,3,PANIC,0.26151210517735796,0.21396444969056558,0.5245234451320765,0.13034252803879964,0.2803879963625341,0.5892694755986663,0.5245234451320765,0.5892694755986663,DOWN,FLAT,0.8820691252670007,0,"(0.5, 0.6]"
2026-08-19 10:41:53,Anand,3,PANIC,0.26552806265818624,0.21725023308397057,0.5172217042578432,0.13058698071216618,0.28243230712166173,0.5869807121661722,0.5172217042578432,0.5869807121661722,DOWN,FLAT,0.8765027098493676,0,"(0.5, 0.6]"
2026-08-19 10:41:53,Namakkal,3,PANIC,0.26338850859958773,0.21549968885420814,0.5211118025462042,0.13082561194855485,0.2844696445858111,0.5847047434656341,0.5211118025462042,0.5847047434656341,DOWN,DOWN,0.27050846953243635,1,"(0.5, 0.6]"
2026-08-19 10:41:53,Nasik,3,PANIC,0.20404081558699977,0.16694248548027255,0.6290166989327277,0.12219733641596223,0.2657081617416853,0.6120945018423525,0.6290166989327277,0.6120945018423525,DOWN,UP,1.2157980225970146,0,"(0.6, 0.7]"
2026-08-19 10:41:53,Nagpur,3,PANIC,0.27356678197101886,0.22382736706719725,0.5026058509617839,0.1308477796247922,0.28124752631995564,0.587904694055252,0.5026058509617839,0.587904694055252,DOWN,DOWN,0.26604385367552774,1,"(0.5, 0.6]"
2026-08-19 10:41:53,Jabalpur,3,PANIC,0.20080661061485663,0.1642963177757918,0.6348970716093516,0.12379528877197178,0.2660887241420543,0.6101159870859739,0.6348970716093516,0.6101159870859739,DOWN,FLAT,0.9261925520514658,0,"(0.6, 0.7]"
2026-08-19 10:41:53,Benglore,3,PANIC,0.268175531291635,0.21941634378406502,0.5124081249243,0.12938956714761377,0.27960044395116534,0.5910099889012209,0.5124081249243,0.5910099889012209,DOWN,DOWN,0.262190897522915,1,"(0.5, 0.6]"
2026-08-19 10:41:53,Mahuva,3,PANIC,0.2675375905481971,0.21889439226670668,0.5135680171850963,0.1283017631251229,0.2772497869830242,0.594448449891853,0.5135680171850963,0.594448449891853,DOWN,FLAT,0.8921981724159259,0,"(0.5, 0.6]"
2026-08-20 10:50:15,Siddipet,3,PANIC,0.18031436329983605,0.14752993360895678,0.6721557030912072,0.12364980102330869,0.26861853325753265,0.6077316657191586,0.6721557030912072,0.6077316657191586,DOWN,FLAT,0.91954590070525,0,"(0.6, 0.7]"
2026-08-20 10:50:15,Mahuva,3,PANIC,0.25040356291995364,0.20487564238905295,0.5447207946909934,0.12820040523116596,0.2799778964818567,0.5918216982869774,0.5447207946909934,0.5918216982869774,DOWN,FLAT,0.8851200960194092,0,"(0.5, 0.6]"
2026-08-20 10:50:15,Nasik,3,PANIC,0.18409639403837,0.15062432239502999,0.6652792835666,0.12364050644805151,0.27144065208710155,0.604918841464847,0.6652792835666,0.604918841464847,DOWN,UP,1.2076127943032713,0,"(0.6, 0.7]"
2026-08-20 10:50:15,Bilashpur,3,PANIC,0.18643826856164025,0.15254040155043294,0.6610213298879268,0.1253649081015437,0.2720988346294869,0.6025362572689693,0.6610213298879268,0.6025362572689693,DOWN,FLAT,0.9086064080547571,0,"(0.6, 0.7]"
2026-08-20 10:50:15,Navapur,3,PANIC,0.25746704542818044,0.21065485535032946,0.5318780992214901,0.12923558480817263,0.28196854867237664,0.5887958665194507,0.5318780992214901,0.5887958665194507,DOWN,UP,1.1844175016351624,0,"(0.5, 0.6]"
2026-08-20 10:50:15,Pune,3,PANIC,0.19175684375834642,0.1568919630750107,0.6513511931666429,0.1267674135834636,0.2734757686294945,0.5997568177870418,0.6513511931666429,0.5997568177870418,DOWN,FLAT,0.9036156763971835,0,"(0.5, 0.6]"
2026-08-20 10:50:15,Raipur Td,3,PANIC,0.19419988498409,0.1588908149869827,0.6469093000289273,0.12706088238003133,0.2755365202173713,0.5974025974025975,0.6469093000289273,0.5974025974025975,DOWN,DOWN,0.25414951038286504,1,"(0.5, 0.6]"
2026-08-20 10:50:15,Mysuru,3,PANIC,0.26221584982648777,0.21454024076712636,0.5232439094063859,0.13045279291336076,0.2828920115986362,0.586655195488003,0.5232439094063859,0.586655195488003,DOWN,FLAT,0.8754261166010138,0,"(0.5, 0.6]"
2026-08-20 10:50:15,Wankaner,3,PANIC,0.2657271334822725,0.21741310921276838,0.5168597573049591,0.13067221564982254,0.2848360655737705,0.5844917187764069,0.5168597573049591,0.5844917187764069,DOWN,FLAT,0.8701652503650364,0,"(0.5, 0.6]"
2026-08-20 10:50:15,Barwala,3,PANIC,0.24694119243003076,0.20204279380638882,0.5510160137635804,0.13088647751504773,0.2867737428700484,0.5823397796149038,0.5510160137635804,0.5823397796149038,DOWN,FLAT,0.8649425827778316,0,"(0.5, 0.6]"
2026-08-20 10:50:15,Bhopal,3,PANIC,0.2610624633487009,0.2135965609216644,0.5253409757296347,0.13109564999373197,0.2887050269524884,0.5801993230537796,0.5253409757296347,0.5801993230537796,DOWN,FLAT,0.8597578626020035,0,"(0.5, 0.6]"
2026-08-20 10:50:15,Davangere,3,PANIC,0.2513662821527618,0.20566332176135055,0.5429703960858877,0.13129980364248386,0.2906299024445991,0.578070293912917,0.5429703960858877,0.578070293912917,DOWN,DOWN,0.27973005551024427,1,"(0.5, 0.6]"
2026-08-20 10:50:15,Namakkal,3,PANIC,0.25624420296989064,0.20965434788445597,0.5341014491456534,0.13022080340516096,0.2882415536046821,0.581537642990157,0.5341014491456534,0.581537642990157,DOWN,DOWN,0.2751513950981597,1,"(0.5, 0.6]"
2026-08-20 10:50:15,Nagpur,3,PANIC,0.1822066963535354,0.14907820610743805,0.6687150975390266,0.12443375650131423,0.2754320228175158,0.60013422068117,0.6687150975390266,0.60013422068117,DOWN,FLAT,0.9006435961479404,0,"(0.6, 0.7]"
2026-08-20 10:50:15,Hospet,3,PANIC,0.18660299912042805,0.15267518109853204,0.6607218197810399,0.12471778902296612,0.2774620474892954,0.5978201634877384,0.6607218197810399,0.5978201634877384,DOWN,DOWN,0.2542883355927586,1,"(0.5, 0.6]"
2026-08-20 10:50:15,Gujrat Necc Selling rate,3,PANIC,0.25433389475808077,0.2080913684384297,0.5375747368034896,0.12870700477027366,0.28633693196083354,0.5849560632688928,0.5375747368034896,0.5849560632688928,DOWN,FLAT,0.8680540637150521,0,"(0.5, 0.6]"
2026-08-20 10:50:15,Benglore,3,PANIC,0.25964725904057573,0.2124386664877438,0.5279140744716805,0.12890433809794932,0.288224306533617,0.5828713553684336,0.5279140744716805,0.5828713553684336,DOWN,DOWN,0.27368588542942246,1,"(0.5, 0.6]"
2026-08-20 10:50:15,Metapally,3,PANIC,0.18654177571654573,0.15262508922262832,0.660833135060826,0.12322569391448442,0.2755271133593528,0.6012471927261627,0.660833135060826,0.6012471927261627,DOWN,FLAT,0.9015437218792295,0,"(0.6, 0.7]"
2026-08-20 10:50:15,Kolkata Sell,3,PANIC,0.25430472903649753,0.20806750557531614,0.5376277653881864,0.12756223984921072,0.2866567187622713,0.5857810413885179,0.5376277653881864,0.5857810413885179,DOWN,FLAT,0.8682701903725736,0,"(0.5, 0.6]"
2026-08-20 10:50:15,Surat,3,PANIC,0.2507385812867119,0.20514974832549152,0.5441116703877966,0.1277536911178814,0.28852238106397937,0.5837239278181392,0.5441116703877966,0.5837239278181392,DOWN,FLAT,0.8632550317485486,0,"(0.5, 0.6]"
2026-08-20 10:50:15,Anand,3,PANIC,0.24896568576242614,0.203699197441985,0.5473351167955889,0.12794063368106146,0.29038211239971246,0.581677253919226,0.5473351167955889,0.581677253919226,DOWN,FLAT,0.8582747798760175,0,"(0.5, 0.6]"
2026-08-20 10:50:15,Vij/God,3,PANIC,0.24544222967326002,0.20081636973266728,0.5537414005940727,0.12812312805549653,0.29223589882321116,0.5796409731212923,0.5537414005940727,0.5796409731212923,DOWN,FLAT,0.8533292165783115,0,"(0.5, 0.6]"
2026-08-20 10:50:15,Mumbai,3,PANIC,0.24989275884718265,0.2044577117840585,0.5456495293687589,0.12830123399838542,0.29408372736708566,0.5776150386345289,0.5456495293687589,0.5776150386345289,DOWN,DOWN,0.28135550093533734,1,"(0.5, 0.6]"
2026-08-20 10:50:15,Jabalpur,3,PANIC,0.18065613241533354,0.1478095628852729,0.6715343046993936,0.12216097968987925,0.2800094365925322,0.5978295837175885,0.6715343046993936,0.5978295837175885,DOWN,FLAT,0.8907099275225392,0,"(0.5, 0.6]"
2026-08-21 10:39:26,Nagpur,3,CONFLICTED,0.23118034507438587,0.18914755506086117,0.579672099864753,0.126987876668966,0.2925001653611014,0.5805119579699326,0.579672099864753,0.5805119579699326,DOWN,FLAT,0.853676070181046,0,"(0.5, 0.6]"
2026-08-21 10:39:26,Nasik,3,CONFLICTED,0.23364220649717407,0.19116180531586968,0.5751959881869563,0.12716078394510502,0.2943272077830521,0.5785120082718428,0.5751959881869563,0.5785120082718428,DOWN,FLAT,0.8488200983635181,0,"(0.5, 0.6]"
2026-08-21 10:39:26,Benglore,3,CONFLICTED,0.23364220649717407,0.19116180531586968,0.5751959881869563,0.12732951198301898,0.29614841551106663,0.5765220725059144,0.5751959881869563,0.5765220725059144,DOWN,DOWN,0.2832502437062352,1,"(0.5, 0.6]"
2026-08-21 10:39:26,Navapur,3,CONFLICTED,0.22672686007314066,0.1855037946052969,0.5877693453215624,0.12635518843572535,0.29388229220443984,0.5797625193598349,0.5877693453215624,0.5797625193598349,DOWN,UP,1.1857466372989756,0,"(0.5, 0.6]"
2026-08-21 10:39:26,Hospet,3,CONFLICTED,0.15499163226447227,0.12681133548911366,0.7181970322464141,0.11344678011344678,0.2609275942609276,0.6256256256256256,0.7181970322464141,0.6256256256256256,DOWN,DOWN,0.22110955355310824,1,"(0.6, 0.7]"
2026-08-21 10:39:26,Anand,3,CONFLICTED,0.24650329462417653,0.20168451378341715,0.5518121915924064,0.12780928472610334,0.29396135487003766,0.578229360403859,0.5518121915924064,0.578229360403859,DOWN,FLAT,0.8491749749122068,0,"(0.5, 0.6]"
2026-08-21 10:39:26,Barwala,3,CONFLICTED,0.2341429048987721,0.1915714676444499,0.574285627456778,0.12797141607116816,0.29575616158669976,0.5762724223421322,0.574285627456778,0.5762724223421322,DOWN,UP,1.1799954630574907,0,"(0.5, 0.6]"
2026-08-21 10:39:26,Raipur Td,3,CONFLICTED,0.148812135298582,0.12175538342611254,0.7294324812753055,0.11316904724533039,0.2586721079893266,0.628158844765343,0.7294324812753055,0.628158844765343,DOWN,FLAT,0.9569578109843347,0,"(0.6, 0.7]"
2026-08-21 10:39:26,Siddipet,3,CONFLICTED,0.148812135298582,0.12175538342611254,0.7294324812753055,0.1135889003576658,0.2608800019203533,0.6255310977219808,0.7294324812753055,0.6255310977219808,DOWN,UP,1.245072167188362,0,"(0.6, 0.7]"
2026-08-21 10:39:26,Namakkal,3,CONFLICTED,0.23839205942895444,0.19504804862369,0.5665598919473556,0.1303410126605124,0.2961007787613814,0.5735582085781062,0.5665598919473556,0.5735582085781062,DOWN,DOWN,0.28651705223557833,1,"(0.5, 0.6]"
2026-08-21 10:39:26,Pune,3,CONFLICTED,0.1425807578129112,0.11665698366510917,0.7407622585219796,0.11512746254782079,0.26153956165754944,0.6233329757946297,0.7407622585219796,0.6233329757946297,DOWN,FLAT,0.9471221503426126,0,"(0.6, 0.7]"
2026-08-21 10:39:26,Bhopal,3,CONFLICTED,0.23081761253082858,0.18885077388885974,0.5803316135803117,0.12904944113495326,0.2945693765036977,0.576381182361349,0.5803316135803117,0.576381182361349,DOWN,UP,1.1775412609413813,0,"(0.5, 0.6]"
2026-08-21 10:39:26,Mahuva,3,CONFLICTED,0.22277581893522502,0.18227112458336592,0.5949530564814091,0.1306110551698553,0.29492818909322166,0.5744607557369229,0.5949530564814091,0.5744607557369229,DOWN,FLAT,0.8441906661497833,0,"(0.5, 0.6]"
2026-08-21 10:39:26,Mysuru,3,CONFLICTED,0.2203282119931005,0.18026853708526402,0.5994032509216355,0.13076605355432327,0.2966842720426044,0.5725496744030724,0.5994032509216355,0.5725496744030724,DOWN,FLAT,0.8395659036134776,0,"(0.5, 0.6]"
2026-08-21 10:39:26,Bilashpur,3,CONFLICTED,0.13314849802795772,0.10893968020469268,0.7579118217673496,0.11597647058823528,0.26437647058823527,0.6196470588235293,0.7579118217673496,0.6196470588235293,DOWN,FLAT,0.9385549962629759,0,"(0.6, 0.7]"
2026-08-21 10:39:26,Mumbai,3,CONFLICTED,0.1376430926780823,0.11261707582752188,0.7497398314943958,0.11638052020958084,0.26654893338323354,0.6170705464071856,0.7497398314943958,0.6170705464071856,DOWN,DOWN,0.2312277258008835,1,"(0.6, 0.7]"
2026-08-21 10:39:26,Davangere,3,CONFLICTED,0.1428368064741258,0.11686647802428474,0.7402967155015895,0.11538063893579625,0.26425888272392045,0.6203604783402832,0.7402967155015895,0.6203604783402832,DOWN,DOWN,0.22727161534574594,1,"(0.6, 0.7]"
2026-08-21 10:39:26,Wankaner,3,CONFLICTED,0.22551805898204902,0.18451477553076737,0.5899671654871836,0.1303439450523622,0.29852968060379725,0.5711263743438406,0.5899671654871836,0.5711263743438406,DOWN,FLAT,0.8352354884767648,0,"(0.5, 0.6]"
2026-08-21 10:39:26,Gujrat Necc Selling rate,3,CONFLICTED,0.2227758189352251,0.18227112458336597,0.594953056481409,0.13049239963622192,0.3002728335715214,0.5692347667922568,0.594953056481409,0.5692347667922568,DOWN,FLAT,0.8306745935258821,0,"(0.5, 0.6]"
2026-08-21 10:39:26,Kolkata Sell,3,CONFLICTED,0.21468889452372997,0.17565455006486996,0.6096565554114001,0.12306887425370835,0.2845140641349172,0.5924170616113744,0.6096565554114001,0.5924170616113744,DOWN,UP,1.200914426881481,0,"(0.5, 0.6]"
2026-08-21 10:39:26,Surat,3,CONFLICTED,0.21195854438867226,0.17342062722709548,0.6146208283842323,0.1246684350132626,0.2851458885941644,0.5901856763925729,0.6146208283842323,0.5901856763925729,DOWN,FLAT,0.8748777519014417,0,"(0.5, 0.6]"
2026-08-21 10:39:26,Metapally,3,CONFLICTED,0.13133744322140578,0.1074579080902411,0.7612046486883531,0.1145803046230234,0.2632909127507772,0.6221287826261994,0.7612046486883531,0.6221287826261994,DOWN,UP,1.2403343638705524,0,"(0.6, 0.7]"
2026-08-21 10:39:26,Vij/God,3,CONFLICTED,0.2037524050346873,0.1667065132101987,0.629541081755114,0.12597301373606906,0.28642285228411496,0.587604133979816,0.629541081755114,0.587604133979816,DOWN,FLAT,0.8703401642022554,0,"(0.5, 0.6]"
2026-08-21 10:39:26,Jabalpur,3,CONFLICTED,0.22297602554995424,0.1824349299954171,0.5945890444546287,0.13218434957788078,0.3019368827200014,0.5658787677021179,0.5945890444546287,0.5658787677021179,DOWN,UP,1.1644886640003054,0,"(0.5, 0.6]"
2026-08-22 10:40:41,Mumbai,3,PANIC,0.22930867522343026,0.1876161888191702,0.5830751359573996,0.13372176970705896,0.30226691694199787,0.5640113133509431,0.5830751359573996,0.5640113133509431,DOWN,UP,1.1599120229449462,0,"(0.5, 0.6]"
2026-08-22 10:40:41,Mysuru,3,PANIC,0.25866560567022395,0.4251875429550579,0.3161468513747182,0.28500329795526774,0.6297895304910955,0.08520717155363675,0.4251875429550579,0.6297895304910955,FLAT,UP,0.9151153987352092,0,"(0.6, 0.7]"
2026-08-22 10:40:41,Nagpur,3,PANIC,0.23687124664700132,0.19380374725663743,0.5693250060963613,0.13633144475920678,0.3018767705382436,0.5617917847025495,0.5693250060963613,0.5617917847025495,DOWN,UP,1.1526629672615942,0,"(0.5, 0.6]"
2026-08-22 10:40:41,Namakkal,3,PANIC,0.24132605273106617,0.19744858859814504,0.5612253586707888,0.13786565774351314,0.30219038111456925,0.5599439611419176,0.5612253586707888,0.5599439611419176,DOWN,FLAT,0.8194824434133829,0,"(0.5, 0.6]"
2026-08-22 10:40:41,Siddipet,3,PANIC,0.24426774914208188,0.1998554311162488,0.5558768197416694,0.13800500834724538,0.303889816360601,0.5581051752921535,0.5558768197416694,0.5581051752921535,DOWN,UP,1.1468657728099978,0,"(0.5, 0.6]"
2026-08-22 10:40:41,Navapur,3,PANIC,0.2595894080157417,0.4231346488539073,0.317275943130351,0.2918546033430618,0.6235075616874503,0.08463783496948793,0.4231346488539073,0.6235075616874503,FLAT,UP,0.8973951453961642,0,"(0.6, 0.7]"
2026-08-22 10:40:41,Pune,3,PANIC,0.23522028044402676,0.192452956726931,0.5723267628290423,0.14060208317796505,0.3034777636910532,0.5559201531309816,0.5723267628290423,0.5559201531309816,DOWN,UP,1.13971074915015,0,"(0.5, 0.6]"
2026-08-22 10:40:41,Raipur Td,3,PANIC,0.23976498308462493,0.1961713497965113,0.5640636671188638,0.14213038925488322,0.30376887115259354,0.5541007395925234,0.5640636671188638,0.5541007395925234,DOWN,UP,1.1352434257382806,0,"(0.5, 0.6]"
2026-08-22 10:40:41,Metapally,3,PANIC,0.2247283820179888,0.1838686761965363,0.5914029417854749,0.14365765011855242,0.30405211384314973,0.5522902360382976,0.5914029417854749,0.5522902360382976,DOWN,UP,1.1307944129562058,0,"(0.5, 0.6]"
2026-08-22 10:40:41,Nasik,3,PANIC,0.6031549550745954,0.17858027021643208,0.21826477470897257,0.12674094707520892,0.7707306620955646,0.10252839082922648,0.6031549550745954,0.7707306620955646,FLAT,DOWN,1.415544310427366,0,"(0.7, 0.8]"
2026-08-22 10:40:41,Vij/God,3,PANIC,0.25784835586591254,0.4270036536313056,0.31514799050278197,0.29945292254534983,0.6141664267204145,0.08638065073423552,0.4270036536313056,0.6141664267204145,FLAT,UP,0.8754282242620439,0,"(0.6, 0.7]"
2026-08-22 10:40:41,Benglore,3,PANIC,0.2092231581193114,0.1711825839158002,0.6195942579648884,0.13649825528545875,0.2833963776402858,0.5801053670742553,0.6195942579648884,0.5801053670742553,DOWN,UP,1.1624710068930486,0,"(0.5, 0.6]"
2026-08-22 10:40:41,Kolkata Sell,3,PANIC,0.25314098326595746,0.4374644816312057,0.30939453510283693,0.30468438727303776,0.6090841823666686,0.08623143036029371,0.4374644816312057,0.6090841823666686,FLAT,UP,0.8618832020931263,0,"(0.6, 0.7]"
2026-08-22 10:40:41,Jabalpur,3,PANIC,0.5516919495442778,0.201738622705075,0.24656942775064722,0.10099211396591198,0.7902569320783517,0.10875095395573646,0.5516919495442778,0.7902569320783517,FLAT,UP,1.444547967835651,0,"(0.7, 0.8]"
2026-08-22 10:40:41,Mahuva,3,PANIC,0.24447361102706328,0.4567253088287483,0.2988010801441885,0.30788761002031145,0.6057887610020312,0.08632362897765741,0.4567253088287483,0.6057887610020312,FLAT,UP,0.8534513522396449,0,"(0.6, 0.7]"
2026-08-22 10:40:41,Gujrat Necc Selling rate,3,PANIC,0.21335062198507151,0.5258875066998411,0.26076187131508743,0.6010483401281305,0.2319937876140555,0.166957872257814,0.5258875066998411,0.6010483401281305,UP,UP,0.2408584755148919,1,"(0.6, 0.7]"
2026-08-22 10:40:41,Anand,3,PANIC,0.2876063485984124,0.23531428521688283,0.4770793661847048,0.1948421582409191,0.3896843164818382,0.4154735252772427,0.4770793661847048,0.4154735252772427,DOWN,FLAT,0.58306695038252,0,"(0.4, 0.5]"
2026-08-22 10:40:41,Davangere,3,PANIC,0.2032067954866652,0.16626010539818062,0.6305330991151542,0.14057477238166732,0.28243922157417567,0.576986006044157,0.6305330991151542,0.576986006044157,DOWN,UP,1.1512964869210371,0,"(0.5, 0.6]"
2026-08-22 10:40:41,Bilashpur,3,PANIC,0.1984891187961989,0.16240018810598092,0.6391106930978202,0.14215287416838177,0.28301344948068735,0.574833676350931,0.6391106930978202,0.574833676350931,DOWN,UP,1.1464320593516528,0,"(0.5, 0.6]"
2026-08-22 10:40:41,Barwala,3,PANIC,0.22450727088467087,0.5010949535896203,0.2743977755257089,0.6074784094144443,0.22833823668975986,0.16418335389579577,0.5010949535896203,0.6074784094144443,UP,UP,0.2331677231068755,1,"(0.6, 0.7]"
2026-08-22 10:40:41,Bhopal,3,PANIC,0.2692234450414436,0.2202737277611811,0.5105028271973754,0.15432494714085476,0.30176038771292135,0.5439146651462238,0.5105028271973754,0.5439146651462238,DOWN,UP,1.1020687895820993,0,"(0.5, 0.6]"
2026-08-22 10:40:41,Hospet,3,PANIC,0.2487270971413487,0.20350398857019436,0.547768914288457,0.15583259127337487,0.3020118361846823,0.5421555725419428,0.547768914288457,0.5421555725419428,DOWN,FLAT,0.8054039381675353,0,"(0.5, 0.6]"
2026-08-22 10:40:41,Surat,3,PANIC,0.25667733674776766,0.4296059183382941,0.31371674491393825,0.32079488999290273,0.5940383250532292,0.085166784953868,0.4296059183382941,0.5940383250532292,FLAT,FLAT,0.2749676242305246,1,"(0.5, 0.6]"
2026-08-22 10:40:41,Wankaner,3,PANIC,0.6002174440282986,0.17990215018726566,0.2198804057844358,0.1247039439810524,0.7702605292966739,0.1050355267222737,0.6002174440282986,0.7702605292966739,FLAT,UP,1.3704769305485422,0,"(0.7, 0.8]"
2026-07-28 11:06:02,Anand,7,PANIC,0.2365,0.19349999999999998,0.5700000000000001,0.3333333333333333,0.3333333333333333,0.3333333333333333,0.5700000000000001,0.3333333333333333,UP,DOWN,0.6666666666666667,0,"(-0.001, 0.4]"
2026-07-28 11:06:02,Gujrat Necc Selling rate,7,PANIC,0.20160227741356615,0.16494731788382683,0.633450404702607,0.3157894736842105,0.3157894736842105,0.3684210526315789,0.633450404702607,0.3684210526315789,DOWN,DOWN,0.5983379501385041,1,"(-0.001, 0.4]"
2026-07-28 11:06:02,Surat,7,PANIC,0.2024833245851032,0.16566817466053899,0.6318485007543578,0.28260869565217395,0.28260869565217395,0.4347826086956522,0.6318485007543578,0.4347826086956522,DOWN,DOWN,0.47920604914933834,1,"(0.4, 0.5]"
2026-07-28 11:06:02,Pune,7,PANIC,0.20340537136707798,0.16642257657306378,0.6301720520598583,0.2545454545454546,0.2545454545454546,0.49090909090909096,0.6301720520598583,0.49090909090909096,DOWN,DOWN,0.38876033057851234,1,"(0.4, 0.5]"
2026-07-28 11:06:02,Raipur,7,PANIC,0.20437088922467725,0.16721254572928138,0.6284165650460414,0.23076923076923078,0.23076923076923078,0.5384615384615384,0.6284165650460414,0.5384615384615384,DOWN,DOWN,0.319526627218935,1,"(0.5, 0.6]"
2026-07-28 11:06:02,Vij/God,7,PANIC,0.20538254597057362,0.16804026488501478,0.6265771891444116,0.21052631578947367,0.21052631578947367,0.5789473684210525,0.6265771891444116,0.5789473684210525,DOWN,DOWN,0.26592797783933525,1,"(0.5, 0.6]"
2026-07-28 11:06:02,Hospet,7,PANIC,0.2064432256832258,0.1689080937408211,0.6246486805759531,0.19318181818181818,0.19318181818181818,0.6136363636363636,0.6246486805759531,0.6136363636363636,DOWN,DOWN,0.22391528925619833,1,"(0.6, 0.7]"
2026-07-28 11:06:02,Nasik,7,PANIC,0.20872440888394164,0.17077451635958862,0.6205010747564698,0.1782178217821782,0.1782178217821782,0.6435643564356436,0.6205010747564698,0.6435643564356436,DOWN,DOWN,0.19056955200470538,1,"(0.6, 0.7]"
2026-07-28 11:06:02,Metapally,7,PANIC,0.20995197810221547,0.17177889117453993,0.6182691307232446,0.16521739130434784,0.16521739130434784,0.6695652173913045,0.6182691307232446,0.6695652173913045,DOWN,DOWN,0.16378071833648386,1,"(0.6, 0.7]"
2026-07-28 11:06:02,Namakkal,7,PANIC,0.21124276257954602,0.1728349875650831,0.6159222498553709,0.15384615384615385,0.15384615384615385,0.6923076923076924,0.6159222498553709,0.6923076923076924,DOWN,DOWN,0.14201183431952658,1,"(0.6, 0.7]"
2026-07-28 11:06:02,Wankaner,7,PANIC,0.21260112757067798,0.17394637710328198,0.6134524953260401,0.14383561643835616,0.14383561643835616,0.7123287671232876,0.6134524953260401,0.7123287671232876,DOWN,DOWN,0.1241321073372115,1,"(0.7, 0.8]"
2026-07-28 11:06:02,Jabalpur,7,PANIC,0.20755605110444586,0.16981858726727386,0.6226253616282803,0.13496932515337423,0.13496932515337423,0.7300613496932515,0.6226253616282803,0.7300613496932515,DOWN,DOWN,0.10930031239414355,1,"(0.7, 0.8]"
2026-07-28 11:06:02,Barwala,7,PANIC,0.2155401239737512,0.17635101052397822,0.6081088655022706,0.12707182320441987,0.12707182320441987,0.7458563535911601,0.6081088655022706,0.7458563535911601,DOWN,DOWN,0.09688348951497212,1,"(0.7, 0.8]"
2026-07-28 11:06:02,Mahuva,7,PANIC,0.21403184155588004,0.17511696127299275,0.6108511971711272,0.12,0.12,0.76,0.6108511971711272,0.76,DOWN,DOWN,0.0864,1,"(0.7, 0.8]"
2026-07-28 11:06:02,Nagpur,7,PANIC,0.23122617001139592,0.18918504819114212,0.579588781797462,0.17105263157894737,0.17105263157894737,0.6578947368421053,0.579588781797462,0.6578947368421053,DOWN,DOWN,0.17555401662049858,1,"(0.6, 0.7]"
2026-07-28 11:06:02,Mysuru,7,PANIC,0.2288327214598457,0.18722677210351013,0.5839405064366442,0.15384615384615385,0.15384615384615385,0.6923076923076924,0.5839405064366442,0.6923076923076924,DOWN,DOWN,0.14201183431952658,1,"(0.6, 0.7]"
2026-07-28 11:06:02,Bhopal,7,PANIC,0.2265835486083451,0.18538653977046415,0.5880299116211908,0.14018691588785046,0.14018691588785046,0.719626168224299,0.5880299116211908,0.719626168224299,DOWN,DOWN,0.11791422831688358,1,"(0.7, 0.8]"
2026-07-28 11:06:02,Mumbai,7,PANIC,0.22446694105231266,0.18365476995189217,0.5918782889957952,0.12903225806451615,0.12903225806451615,0.7419354838709679,0.5918782889957952,0.7419354838709679,DOWN,DOWN,0.09989594172736727,1,"(0.7, 0.8]"
2026-07-28 11:06:02,Benglore,7,PANIC,0.23377701375245588,0.19127210216110024,0.5749508840864439,0.11971830985915491,0.11971830985915491,0.76056338028169,0.5749508840864439,0.76056338028169,DOWN,DOWN,0.08599484229319584,1,"(0.7, 0.8]"
2026-07-28 11:06:02,Bilashpur,7,PANIC,0.22059054753932916,0.18048317525945112,0.5989262772012197,0.11180124223602486,0.11180124223602486,0.7763975155279504,0.5989262772012197,0.7763975155279504,DOWN,DOWN,0.07499710659310979,1,"(0.7, 0.8]"
2026-07-28 11:06:02,Siddipet,7,PANIC,0.21881286291972962,0.17902870602523333,0.6021584310550371,0.09225092250922509,0.09225092250922509,0.8154981549815499,0.6021584310550371,0.8154981549815499,DOWN,DOWN,0.0510613962228183,1,"(0.8, 0.9]"
2026-07-28 11:06:02,Davangere,7,PANIC,0.21713169990530182,0.17765320901342874,0.6052150910812695,0.08813559322033898,0.08813559322033898,0.823728813559322,0.6052150910812695,0.823728813559322,DOWN,DOWN,0.04660729675380638,1,"(0.8, 0.9]"
2026-07-28 11:06:02,Navapur,7,PANIC,0.22247241308617938,0.18202288343414677,0.5955047034796739,0.09895833333333333,0.09895833333333333,0.8020833333333334,0.5955047034796739,0.8020833333333334,DOWN,DOWN,0.058756510416666644,1,"(0.8, 0.9]"
2026-07-29 10:53:12,Wankaner,7,CONFLICTED,0.08250000000000002,0.06750000000000002,0.85,0.14634146341463414,0.14634146341463414,0.7073170731707317,0.85,0.7073170731707317,DOWN,DOWN,0.12849494348602025,1,"(0.7, 0.8]"
2026-07-29 10:53:12,Namakkal,7,CONFLICTED,0.08250000000000002,0.06750000000000002,0.85,0.1287128712871287,0.1287128712871287,0.7425742574257426,0.85,0.7425742574257426,DOWN,DOWN,0.09940201940986178,1,"(0.7, 0.8]"
2026-07-29 10:53:12,Barwala,7,CONFLICTED,0.08250000000000002,0.06750000000000002,0.85,0.11570247933884299,0.11570247933884299,0.7685950413223142,0.85,0.7685950413223142,DOWN,FLAT,1.3861075063178747,0,"(0.7, 0.8]"
2026-07-29 10:53:12,Surat,7,CONFLICTED,0.08250000000000002,0.06750000000000002,0.85,0.11560693641618497,0.1445086705202312,0.7398843930635838,0.85,0.7398843930635838,DOWN,DOWN,0.10190784857496075,1,"(0.7, 0.8]"
2026-07-29 10:53:12,Anand,7,CONFLICTED,0.08250000000000002,0.06750000000000002,0.85,0.10561056105610561,0.13201320132013203,0.7623762376237624,0.85,0.7623762376237624,DOWN,DOWN,0.08504612837521376,1,"(0.7, 0.8]"
2026-07-29 10:53:12,Nasik,7,CAPITULATION,0.14954382505504804,0.12235403868140295,0.728102136263549,0.12631578947368421,0.15789473684210525,0.7157894736842104,0.728102136263549,0.7157894736842104,DOWN,DOWN,0.12166204986149591,1,"(0.7, 0.8]"
2026-07-29 10:53:12,Navapur,7,CONFLICTED,0.08250000000000002,0.06750000000000002,0.85,0.09537166900420757,0.11921458625525946,0.7854137447405329,0.85,0.7854137447405329,DOWN,DOWN,0.06935513377094199,1,"(0.7, 0.8]"
2026-07-29 10:53:12,Vij/God,7,CAPITULATION,0.15040350899790247,0.12305741645282929,0.7265390745492682,0.1090146750524109,0.13626834381551364,0.7547169811320755,0.7265390745492682,0.7547169811320755,DOWN,DOWN,0.09061702024796836,1,"(0.7, 0.8]"
2026-07-29 10:53:12,Davangere,7,CONFLICTED,0.08250000000000002,0.06750000000000002,0.85,0.08695652173913045,0.10869565217391305,0.8043478260869565,0.85,0.8043478260869565,DOWN,DOWN,0.05765595463137996,1,"(0.8, 0.9]"
2026-07-29 10:53:12,Metapally,7,CONFLICTED,0.08250000000000002,0.06750000000000002,0.85,0.08163265306122448,0.1020408163265306,0.8163265306122448,0.85,0.8163265306122448,DOWN,DOWN,0.05081216159933365,1,"(0.8, 0.9]"
2026-07-29 10:53:12,Siddipet,7,CONFLICTED,0.08250000000000002,0.06750000000000002,0.85,0.07707129094412331,0.09633911368015412,0.8265895953757225,0.85,0.8265895953757225,DOWN,DOWN,0.045292377144427,1,"(0.8, 0.9]"
2026-07-29 10:53:12,Hospet,7,CONFLICTED,0.08250000000000002,0.06750000000000002,0.85,0.0731070496083551,0.09138381201044386,0.835509138381201,0.85,0.835509138381201,DOWN,DOWN,0.04075288535609352,1,"(0.8, 0.9]"
2026-07-29 10:53:12,Raipur,7,CONFLICTED,0.08250000000000002,0.06750000000000002,0.85,0.06962025316455696,0.0870253164556962,0.8433544303797469,0.85,0.8433544303797469,DOWN,DOWN,0.03695821983656464,1,"(0.8, 0.9]"
2026-07-29 10:53:12,Bilashpur,7,CONFLICTED,0.08250000000000007,0.06750000000000006,0.8499999999999999,0.06652205350686911,0.0831525668835864,0.8503253796095444,0.8499999999999999,0.8503253796095444,DOWN,DOWN,0.03374202497112707,1,"(0.8, 0.9]"
2026-07-29 10:53:12,Benglore,7,CONFLICTED,0.08250000000000002,0.06750000000000002,0.85,0.06374501992031872,0.0796812749003984,0.8565737051792829,0.85,0.8565737051792829,DOWN,DOWN,0.030983635180393956,1,"(0.8, 0.9]"
2026-07-29 10:53:12,Jabalpur,7,CONFLICTED,0.08250000000000002,0.06750000000000002,0.85,0.06123698714023271,0.07654623392529088,0.8622167789344766,0.85,0.8622167789344766,DOWN,DOWN,0.028593510529349275,1,"(0.8, 0.9]"
2026-07-29 10:53:12,Mysuru,7,CONFLICTED,0.08250000000000007,0.06750000000000006,0.8499999999999999,0.05895691609977324,0.07369614512471655,0.8673469387755103,0.8499999999999999,0.8673469387755103,DOWN,DOWN,0.0265038744144672,1,"(0.8, 0.9]"
2026-07-29 10:53:12,Pune,7,CONFLICTED,0.08250000000000002,0.06750000000000002,0.85,0.05687203791469195,0.07109004739336493,0.8720379146919431,0.85,0.8720379146919431,DOWN,DOWN,0.024662518811347452,1,"(0.8, 0.9]"
2026-07-29 10:53:12,Bhopal,7,CONFLICTED,0.08250000000000002,0.06750000000000002,0.85,0.0549558390578999,0.06869479882237488,0.8763493621197253,0.85,0.8763493621197253,DOWN,DOWN,0.023028599880003192,1,"(0.8, 0.9]"
2026-07-29 10:53:12,Mumbai,7,CONFLICTED,0.08250000000000002,0.06750000000000002,0.85,0.05318661164603392,0.06648326455754242,0.8803301237964236,0.85,0.8803301237964236,DOWN,DOWN,0.021569719395193504,1,"(0.8, 0.9]"
2026-07-29 10:53:12,Mahuva,7,CONFLICTED,0.08249999999999996,0.06749999999999996,0.8500000000000001,0.05154639175257732,0.06443298969072166,0.884020618556701,0.8500000000000001,0.884020618556701,DOWN,DOWN,0.020259857583165064,1,"(0.8, 0.9]"
2026-07-29 10:53:12,Nagpur,7,CONFLICTED,0.08250000000000002,0.06750000000000002,0.85,0.050020169423154494,0.06252521177894312,0.8874546187979023,0.85,0.8874546187979023,DOWN,DOWN,0.019077882287048247,1,"(0.8, 0.9]"
2026-07-29 10:53:12,Gujrat Necc Selling rate,7,CONFLICTED,0.08250000000000007,0.06750000000000006,0.8499999999999999,0.048595292331055424,0.060744115413819286,0.8906605922551253,0.8499999999999999,0.8906605922551253,DOWN,DOWN,0.0180064560801481,1,"(0.8, 0.9]"
2026-07-30 10:55:48,Pune,7,PANIC,0.12428728521554422,0.10168959699453618,0.7740231177899196,0.07466666666666666,0.09333333333333332,0.8319999999999999,0.7740231177899196,0.8319999999999999,DOWN,DOWN,0.04251022222222227,1,"(0.8, 0.9]"
2026-07-30 10:55:48,Nagpur,7,PANIC,0.11365132085556867,0.09298744433637436,0.793361234808057,0.06841505131128849,0.08551881413911061,0.8460661345496009,0.793361234808057,0.8460661345496009,DOWN,DOWN,0.03568972175018756,1,"(0.8, 0.9]"
2026-07-30 10:55:48,Benglore,7,PANIC,0.1898167882013579,0.1553046448920201,0.654878566906622,0.047058823529411764,0.058823529411764705,0.8941176470588236,0.654878566906622,0.8941176470588236,DOWN,DOWN,0.016885813148788918,1,"(0.8, 0.9]"
2026-07-30 10:55:48,Mysuru,7,PANIC,0.21793658039961222,0.5156964880008618,0.26636693159952607,0.13333333333333333,0.7333333333333334,0.13333333333333333,0.5156964880008618,0.7333333333333334,FLAT,DOWN,1.3066666666666669,0,"(0.7, 0.8]"
2026-07-30 10:55:48,Metapally,7,PANIC,0.11633549990688477,0.09518359083290572,0.7884809092602095,0.06153846153846154,0.07692307692307693,0.8615384615384616,0.7884809092602095,0.8615384615384616,DOWN,DOWN,0.0288757396449704,1,"(0.8, 0.9]"
2026-07-30 10:55:48,Bhopal,7,PANIC,0.1175328693898723,0.09616325677353188,0.7863038738365958,0.05767599660729431,0.07209499575911789,0.8702290076335878,0.7863038738365958,0.8702290076335878,DOWN,DOWN,0.025364719457915266,1,"(0.8, 0.9]"
2026-07-30 10:55:48,Mumbai,7,PANIC,0.11877816552454996,0.09718213542917724,0.7840396990462728,0.05446293494704992,0.0680786686838124,0.8774583963691377,0.7840396990462728,0.8774583963691377,DOWN,DOWN,0.022617361033230258,1,"(0.8, 0.9]"
2026-07-30 10:55:48,Jabalpur,7,PANIC,0.12142197242115815,0.09934525016276576,0.7792327774160761,0.0517358747447243,0.06466984343090537,0.8835942818243703,0.7792327774160761,0.8835942818243703,DOWN,DOWN,0.020409080608963747,1,"(0.8, 0.9]"
2026-07-30 10:55:48,Hospet,7,PANIC,0.12282556852650782,0.10049364697623367,0.7766807844972585,0.04938271604938272,0.0617283950617284,0.888888888888889,0.7766807844972585,0.888888888888889,DOWN,DOWN,0.01859472641365644,1,"(0.8, 0.9]"
2026-07-30 10:55:48,Wankaner,7,PANIC,0.1258100874356724,0.10293552608373197,0.7712543864805956,0.047323943661971825,0.05915492957746477,0.8935211267605633,0.7712543864805956,0.8935211267605633,DOWN,DOWN,0.017076611783376335,1,"(0.8, 0.9]"
2026-07-30 10:55:48,Anand,7,PANIC,0.12007371128770204,0.09824212741721075,0.7816841612950872,0.04550155118924509,0.056876938986556366,0.8976215098241986,0.7816841612950872,0.8976215098241986,DOWN,DOWN,0.0157867325997846,1,"(0.8, 0.9]"
2026-07-30 10:55:48,Namakkal,7,PANIC,0.12905179421103527,0.10558783162721068,0.7653603741617541,0.043872198378636144,0.05484024797329518,0.9012875536480687,0.7653603741617541,0.9012875536480687,DOWN,DOWN,0.01467636965312983,1,"(0.9, 1.0]"
2026-07-30 10:55:48,Bilashpur,7,PANIC,0.13946527397918784,0.11410795143751731,0.7464267745832949,0.04240282685512368,0.053003533568904596,0.9045936395759717,0.7464267745832949,0.9045936395759717,DOWN,DOWN,0.013709747905455184,1,"(0.9, 1.0]"
2026-07-30 10:55:48,Siddipet,7,PANIC,0.1373935193888728,0.11241287949998681,0.7501936011111404,0.04106776180698152,0.051334702258726904,0.9075975359342916,0.7501936011111404,0.9075975359342916,DOWN,DOWN,0.012860028081241643,1,"(0.9, 1.0]"
2026-07-30 10:55:48,Barwala,7,PANIC,0.1354097459934336,0.11078979217644568,0.7538004618301207,0.03984674329501916,0.04980842911877395,0.9103448275862069,0.7538004618301207,0.9103448275862069,DOWN,UP,1.7531028610854218,0,"(0.9, 1.0]"
2026-07-30 10:55:48,Davangere,7,PANIC,0.13847431260422544,0.11329716485800263,0.748228522537772,0.050335570469798654,0.050335570469798654,0.8993288590604027,0.748228522537772,0.8993288590604027,DOWN,DOWN,0.015202017927120393,1,"(0.8, 0.9]"
2026-07-30 10:55:48,Navapur,7,PANIC,0.1416299684906572,0.11587906512871952,0.7424909663806233,0.048882681564245814,0.048882681564245814,0.9022346368715084,0.7424909663806233,0.9022346368715084,DOWN,DOWN,0.01433709934146874,1,"(0.9, 1.0]"
2026-07-30 10:55:48,Gujrat Necc Selling rate,7,PANIC,0.12739713410515235,0.10423401881330648,0.7683688470815412,0.04754098360655737,0.04754098360655737,0.9049180327868851,0.7683688470815412,0.9049180327868851,DOWN,DOWN,0.01356087073367377,1,"(0.9, 1.0]"
2026-07-30 10:55:48,Nasik,7,PANIC,0.13445868152995605,0.11001164852450948,0.7555296699455345,0.0462962962962963,0.0462962962962963,0.9074074074074074,0.7555296699455345,0.9074074074074074,DOWN,DOWN,0.012860082304526742,1,"(0.9, 1.0]"
2026-07-30 10:55:48,Surat,7,PANIC,0.13257858926327887,0.10847339121540997,0.7589480195213112,0.04513686662783926,0.04513686662783926,0.9097262667443216,0.7589480195213112,0.9097262667443216,DOWN,DOWN,0.012224020373876085,1,"(0.9, 1.0]"
2026-07-30 10:55:48,Vij/God,7,PANIC,0.13077766454337986,0.10699990735367443,0.7622224281029457,0.04405286343612335,0.04405286343612335,0.9118942731277533,0.7622224281029457,0.9118942731277533,DOWN,DOWN,0.011643928661530405,1,"(0.9, 1.0]"
2026-07-30 10:55:48,Mahuva,7,PANIC,0.13642234744437123,0.11161828427266737,0.7519593682829614,0.04303599374021909,0.04303599374021909,0.9139280125195618,0.7519593682829614,0.9139280125195618,DOWN,DOWN,0.011112580543249064,1,"(0.9, 1.0]"
2026-07-31 11:25:15,Siddipet,7,PANIC,0.10523671004191668,0.08610276276156818,0.8086605271965152,0.04250386398763524,0.04250386398763524,0.9149922720247295,0.8086605271965152,0.9149922720247295,DOWN,FLAT,1.755816286797465,0,"(0.9, 1.0]"
2026-07-31 11:25:15,Hospet,7,PANIC,0.1055584175618902,0.08636597800518289,0.8080756044329269,0.042778057372924,0.051333668847508805,0.9058882737795672,0.8080756044329269,0.9058882737795672,DOWN,DOWN,0.01332212476213658,1,"(0.9, 1.0]"
2026-07-31 11:25:15,Benglore,7,PANIC,0.10220776557192028,0.08362453546793477,0.814167698960145,0.04181600955794504,0.050179211469534045,0.9080047789725209,0.814167698960145,0.9080047789725209,DOWN,UP,1.7451071914401006,0,"(0.9, 1.0]"
2026-07-31 11:25:15,Anand,7,PANIC,0.10220776557192023,0.08362453546793472,0.8141676989601451,0.05044371788883699,0.05044371788883699,0.899112564222326,0.8141676989601451,0.899112564222326,DOWN,FLAT,1.7126051047136694,0,"(0.8, 0.9]"
2026-07-31 11:25:15,Jabalpur,7,PANIC,0.1029191968548065,0.08420661560847804,0.8128741875367155,0.05067336224606255,0.05911892262040631,0.8902077151335313,0.8128741875367155,0.8902077151335313,DOWN,DOWN,0.018117182469318087,1,"(0.8, 0.9]"
2026-07-31 11:25:15,Surat,7,PANIC,0.10366014169170343,0.0848128432023028,0.8115270151059938,0.04954367666232073,0.05780095610604085,0.8926553672316384,0.8115270151059938,0.8926553672316384,DOWN,DOWN,0.017318396608167454,1,"(0.8, 0.9]"
2026-07-31 11:25:15,Bhopal,7,PANIC,0.10443210981238905,0.08544445348286377,0.8101234367047472,0.04847731510254817,0.05655686761963953,0.8949658172778123,0.8101234367047472,0.8949658172778123,DOWN,DOWN,0.016580908894615082,1,"(0.8, 0.9]"
2026-07-31 11:25:15,Pune,7,PANIC,0.10523671004191668,0.08610276276156818,0.8086605271965152,0.04746835443037975,0.05537974683544304,0.8971518987341773,0.8086605271965152,0.8971518987341773,DOWN,DOWN,0.01589789296587083,1,"(0.8, 0.9]"
2026-07-31 11:25:15,Metapally,7,PANIC,0.10523671004191668,0.08610276276156818,0.8086605271965152,0.04651162790697674,0.05426356589147287,0.8992248062015503,0.8086605271965152,0.8992248062015503,DOWN,FLAT,1.7051859864190853,0,"(0.8, 0.9]"
2026-07-31 11:25:15,Wankaner,7,PANIC,0.10602435907286357,0.08674720287779747,0.807228438049339,0.046649389115142534,0.06219918548685672,0.8911514253980006,0.807228438049339,0.8911514253980006,DOWN,DOWN,0.01789291637293141,1,"(0.8, 0.9]"
2026-07-31 11:25:15,Mumbai,7,PANIC,0.1047180242704276,0.08567838349398621,0.8096035922355862,0.04572846508330379,0.06097128677773838,0.8933002481389578,0.8096035922355862,0.8933002481389578,DOWN,DOWN,0.017193427377416127,1,"(0.8, 0.9]"
2026-07-31 11:25:15,Bilashpur,7,PANIC,0.1076920130878063,0.0881116470718415,0.8041963398403522,0.04485219164118247,0.05980292218824329,0.8953448861705743,0.8041963398403522,0.8953448861705743,DOWN,DOWN,0.016540801447920493,1,"(0.8, 0.9]"
2026-07-31 11:25:15,Vij/God,7,PANIC,0.11258207590126156,0.09211260755557762,0.7953053165431608,0.04271356783919598,0.05695142378559464,0.9003350083752095,0.7953053165431608,0.9003350083752095,DOWN,DOWN,0.015001024104329547,1,"(0.9, 1.0]"
2026-07-31 11:25:15,Barwala,7,PANIC,0.11155397767993024,0.09127143628357928,0.7971745860364905,0.04188272836059034,0.05584363781412046,0.9022736338252891,0.7971745860364905,0.9022736338252891,DOWN,UP,1.735204928394353,0,"(0.9, 1.0]"
2026-07-31 11:25:15,Nagpur,7,PANIC,0.11466190282923751,0.0938142841330125,0.79152381303775,0.04925723221266615,0.056293979671618456,0.8944487881157154,0.79152381303775,0.8944487881157154,DOWN,DOWN,0.016736345402762254,1,"(0.8, 0.9]"
2026-07-31 11:25:15,Mysuru,7,PANIC,0.11354412848808876,0.09289974149025444,0.7935561300216568,0.048311882111546356,0.05521357955605297,0.8964745383324007,0.7935561300216568,0.8964745383324007,DOWN,DOWN,0.016100098534042127,1,"(0.8, 0.9]"
2026-07-31 11:25:15,Gujrat Necc Selling rate,7,PANIC,0.10684233220561998,0.08741645362277999,0.8057412141716,0.04895104895104895,0.05594405594405595,0.8951048951048952,0.8057412141716,0.8951048951048952,DOWN,DOWN,0.01652892561983469,1,"(0.8, 0.9]"
2026-07-31 11:25:15,Navapur,7,PANIC,0.11143836700169513,0.09117684572865965,0.7973847872696452,0.04694669961171904,0.05365337098482176,0.8993999294034593,0.7973847872696452,0.8993999294034593,DOWN,DOWN,0.015203051026496876,1,"(0.8, 0.9]"
2026-07-31 11:25:15,Mahuva,7,PANIC,0.11044635502034973,0.09036519956210431,0.799188445417546,0.04610707650734673,0.052693801722681975,0.9011991217699713,0.799188445417546,0.9011991217699713,DOWN,DOWN,0.014664112783068606,1,"(0.9, 1.0]"
2026-07-31 11:25:15,Nasik,7,PANIC,0.10949243231900396,0.08958471735191233,0.8009228503290837,0.047158758055067376,0.05389572349150558,0.8989455184534272,0.8009228503290837,0.8989455184534272,DOWN,DOWN,0.015340705712615834,1,"(0.8, 0.9]"
2026-07-31 11:25:15,Namakkal,7,PANIC,0.10857486416371878,0.08883397977031536,0.8025911560659659,0.04635761589403973,0.052980132450331126,0.9006622516556292,0.8025911560659659,0.9006622516556292,DOWN,DOWN,0.014823911231963501,1,"(0.9, 1.0]"
2026-07-31 11:25:15,Davangere,7,PANIC,0.11247030755467528,0.0920211607265525,0.7955085317187722,0.04444444444444444,0.050793650793650794,0.9047619047619048,0.7955085317187722,0.9047619047619048,DOWN,DOWN,0.013625598387503147,1,"(0.9, 1.0]"
2026-08-01 11:13:08,Nasik,7,PANIC,0.12002568075525347,0.09820282970884374,0.7817714895359028,0.04370336531140551,0.04994670321303487,0.9063499314755596,0.7817714895359028,0.9063499314755596,DOWN,FLAT,1.725981449161075,0,"(0.9, 1.0]"
2026-08-01 11:13:08,Bilashpur,7,PANIC,0.1202828156169563,0.09841321277750971,0.781303971605534,0.04397247980855519,0.05653604546814239,0.8994914747233025,0.781303971605534,0.8994914747233025,DOWN,DOWN,0.0152318670709862,1,"(0.8, 0.9]"
2026-08-01 11:13:08,Navapur,7,PANIC,0.1202828156169563,0.09841321277750971,0.781303971605534,0.04324712643678161,0.055603448275862076,0.9011494252873563,0.781303971605534,0.9011494252873563,DOWN,FLAT,1.705825447549214,0,"(0.9, 1.0]"
2026-08-01 11:13:08,Metapally,7,PANIC,0.1202828156169563,0.09841321277750971,0.781303971605534,0.043478260869565216,0.062111801242236024,0.8944099378881988,0.781303971605534,0.8944099378881988,DOWN,FLAT,1.6814937695304966,0,"(0.8, 0.9]"
2026-08-01 11:13:08,Mumbai,7,PANIC,0.12218781660046338,0.09997184994583368,0.777840333453703,0.043689320388349516,0.06865464632454923,0.8876560332871012,0.777840333453703,0.8876560332871012,DOWN,DOWN,0.01924338403473371,1,"(0.8, 0.9]"
2026-08-01 11:13:08,Bhopal,7,PANIC,0.12422864704110152,0.10164162030635579,0.7741297326525427,0.0429677074993328,0.06752068321323726,0.8895116092874299,0.7741297326525427,0.8895116092874299,DOWN,DOWN,0.018612951031584106,1,"(0.8, 0.9]"
2026-08-01 11:13:08,Siddipet,7,PANIC,0.12422864704110147,0.10164162030635573,0.7741297326525428,0.04227704960164482,0.06643536365972758,0.8912875867386276,0.7741297326525428,0.8912875867386276,DOWN,FLAT,1.6677238414225317,0,"(0.8, 0.9]"
2026-08-01 11:13:08,Barwala,7,PANIC,0.12002568075525347,0.09820282970884374,0.7817714895359028,0.04244567963617989,0.07276402223345124,0.8847902981303689,0.7817714895359028,0.8847902981303689,DOWN,UP,1.705058751044635,0,"(0.8, 0.9]"
2026-08-01 11:13:08,Wankaner,7,PANIC,0.1200256807552534,0.09820282970884368,0.7817714895359029,0.04868355688027819,0.07302533532041729,0.8782911077993045,0.7817714895359029,0.8782911077993045,DOWN,FLAT,1.6330473877076694,0,"(0.8, 0.9]"
2026-08-01 11:13:08,Nagpur,7,PANIC,0.12002568075525347,0.09820282970884374,0.7817714895359028,0.04884004884004884,0.07936507936507936,0.8717948717948718,0.7817714895359028,0.8717948717948718,DOWN,FLAT,1.609980305951002,0,"(0.8, 0.9]"
2026-08-01 11:13:08,Vij/God,7,PANIC,0.11839501165597476,0.09686864590034297,0.7847363424436823,0.0489795918367347,0.08571428571428572,0.8653061224489796,0.7847363424436823,0.8653061224489796,DOWN,DOWN,0.027888379841732598,1,"(0.8, 0.9]"
2026-08-01 11:13:08,Pune,7,PANIC,0.1162179942440845,0.09508744983606914,0.7886945559198464,0.04818160759786888,0.08431781329627054,0.8675005791058605,0.7886945559198464,0.8675005791058605,DOWN,UP,1.6656250005030453,0,"(0.8, 0.9]"
2026-08-01 11:13:08,Anand,7,PANIC,0.11255834969621815,0.09209319520599667,0.7953484550977852,0.05433420662945666,0.0845198769791548,0.8611459163913886,0.7953484550977852,0.8611459163913886,DOWN,UP,1.6429996916732752,0,"(0.8, 0.9]"
2026-08-01 11:13:08,Namakkal,7,PANIC,0.10893489565231776,0.08912855098825999,0.8019365533594223,0.05465725347301298,0.07652015486221816,0.8688225916647687,0.8019365533594223,0.8688225916647687,DOWN,UP,1.6543809382984105,0,"(0.8, 0.9]"
2026-08-01 11:13:08,Hospet,7,PANIC,0.10534875340636075,0.08619443460520425,0.808456811988435,0.0603921568627451,0.07686274509803921,0.8627450980392157,0.808456811988435,0.8627450980392157,DOWN,UP,1.6330998846597464,0,"(0.8, 0.9]"
2026-08-01 11:13:08,Benglore,7,PANIC,0.101800987034551,0.08329171666463263,0.8149072963008164,0.06615214994487321,0.07717750826901874,0.856670341786108,0.8149072963008164,0.856670341786108,DOWN,UP,1.6119122493311242,0,"(0.8, 0.9]"
2026-08-01 11:13:08,Mahuva,7,PANIC,0.101800987034551,0.08329171666463263,0.8149072963008164,0.07193229901269393,0.07746555278290115,0.8506021482044049,0.8149072963008164,0.8506021482044049,DOWN,FLAT,1.5797680764733584,0,"(0.8, 0.9]"
2026-08-01 11:13:08,Davangere,7,PANIC,0.10253984833263306,0.0838962395448816,0.8135639121224854,0.07217595558402733,0.08327994875080078,0.844544095665172,0.8135639121224854,0.844544095665172,DOWN,DOWN,0.0363114566209627,1,"(0.8, 0.9]"
2026-08-01 11:13:08,Jabalpur,7,PANIC,0.10331267673147532,0.0845285536893889,0.8121587695791358,0.07108955839867932,0.08202641353693768,0.846884028064383,0.8121587695791358,0.846884028064383,DOWN,DOWN,0.0352265586928406,1,"(0.8, 0.9]"
2026-08-01 11:13:08,Mysuru,7,PANIC,0.18757731961548085,0.15347235241266613,0.658950327971853,0.0676077265973254,0.07800891530460624,0.8543833580980684,0.658950327971853,0.8543833580980684,DOWN,DOWN,0.03186040196145531,1,"(0.8, 0.9]"
2026-08-01 11:13:08,Surat,7,PANIC,0.10391344670252868,0.08502009275661437,0.811066460540857,0.06953248811410459,0.08022979397781299,0.8502377179080824,0.811066460540857,0.8502377179080824,DOWN,FLAT,1.5737161757429785,0,"(0.8, 0.9]"
2026-08-01 11:13:08,Gujrat Necc Selling rate,7,PANIC,0.1162179942440845,0.09508744983606914,0.7886945559198464,0.07195571955719557,0.0885608856088561,0.8394833948339483,0.7886945559198464,0.8394833948339483,DOWN,FLAT,1.540631255021037,0,"(0.8, 0.9]"
2026-08-02 11:00:41,Metapally,7,PANIC,0.1296175589665741,0.10605073006356062,0.7643317109698653,0.07214934409687185,0.09434914228052473,0.8335015136226034,0.7643317109698653,0.8335015136226034,DOWN,FLAT,1.520133777152801,0,"(0.8, 0.9]"
2026-08-02 11:00:41,Mahuva,7,PANIC,0.1316699636837823,0.10772997028673098,0.7606000660294867,0.07232267037552156,0.10013908205841446,0.827538247566064,0.7606000660294867,0.827538247566064,DOWN,DOWN,0.04500146045833245,1,"(0.8, 0.9]"
2026-08-02 11:00:41,Nagpur,7,PANIC,0.13132892334076499,0.10745093727880771,0.7612201393804273,0.07120207552608822,0.09858748918996829,0.8302104352839436,0.7612201393804273,0.8302104352839436,DOWN,FLAT,1.5068636170584233,0,"(0.8, 0.9]"
2026-08-02 11:00:41,Vij/God,7,PANIC,0.21268107778704362,0.17401179091667204,0.6133071312962843,0.06272878535773711,0.09168053244592346,0.8455906821963395,0.6133071312962843,0.8455906821963395,DOWN,DOWN,0.03618245796661691,1,"(0.8, 0.9]"
2026-08-02 11:00:41,Bhopal,7,PANIC,0.13392377984048487,0.10957400168766943,0.7565022184718457,0.07086466165413532,0.10357142857142856,0.825563909774436,0.7565022184718457,0.825563909774436,DOWN,DOWN,0.04617679066086269,1,"(0.8, 0.9]"
2026-08-02 11:00:41,Mumbai,7,PANIC,0.13282247299911903,0.10867293245382466,0.7585045945470563,0.06979071883530483,0.10200181983621474,0.8282074613284804,0.7585045945470563,0.8282074613284804,DOWN,DOWN,0.044787792028653725,1,"(0.8, 0.9]"
2026-08-02 11:00:41,Navapur,7,PANIC,0.13243558499737457,0.10835638772512464,0.7592080272775008,0.06875881523272215,0.10049365303244007,0.8307475317348378,0.7592080272775008,0.8307475317348378,DOWN,FLAT,1.5039809043906573,0,"(0.8, 0.9]"
2026-08-02 11:00:41,Davangere,7,PANIC,0.13439223914755694,0.10995728657527384,0.7556504742771692,0.06887865890732216,0.10596716754972639,0.8251541735429514,0.7556504742771692,0.8251541735429514,DOWN,DOWN,0.04654437328083137,1,"(0.8, 0.9]"
2026-08-02 11:00:41,Mysuru,7,PANIC,0.12986214824603917,0.10625084856494114,0.7638870031890197,0.06787940037055751,0.10442984672393463,0.8276907529055078,0.7638870031890197,0.8276907529055078,DOWN,DOWN,0.04520368251572171,1,"(0.8, 0.9]"
2026-08-02 11:00:41,Jabalpur,7,PANIC,0.13323992566432596,0.10901448463444852,0.7577455897012255,0.06691723179998366,0.10294958738459024,0.8301331808154261,0.7577455897012255,0.8301331808154261,DOWN,DOWN,0.04393126971431485,1,"(0.8, 0.9]"
2026-08-02 11:00:41,Bilashpur,7,PANIC,0.130127264977141,0.10646776225402445,0.7634049727688346,0.06598984771573604,0.10152284263959391,0.8324873096446701,0.7634049727688346,0.8324873096446701,DOWN,DOWN,0.04272204900925041,1,"(0.8, 0.9]"
2026-08-02 11:00:41,Pune,7,PANIC,0.12400407312680914,0.10145787801284382,0.774538048860347,0.06509513904937986,0.1001463677682767,0.8347584931823434,0.774538048860347,0.8347584931823434,DOWN,UP,1.5808981359463337,0,"(0.8, 0.9]"
2026-08-02 11:00:41,Siddipet,7,PANIC,0.12824246610390624,0.10492565408501418,0.7668318798110796,0.07019143117593436,0.10027347310847766,0.8295350957155879,0.7668318798110796,0.8295350957155879,DOWN,FLAT,1.5025631352266768,0,"(0.8, 0.9]"
2026-08-02 11:00:41,Barwala,7,PANIC,0.19814434034168935,0.16211809664320037,0.6397375630151103,0.06163780452010567,0.0924567067801585,0.8459054886997359,0.6397375630151103,0.8459054886997359,DOWN,FLAT,1.5429901438267128,0,"(0.8, 0.9]"
2026-08-02 11:00:41,Gujrat Necc Selling rate,7,PANIC,0.11924576177491314,0.09756471417947439,0.7831895240456125,0.06948148148148148,0.10918518518518518,0.8213333333333334,0.7831895240456125,0.8213333333333334,DOWN,DOWN,0.048670858710562405,1,"(0.8, 0.9]"
2026-08-02 11:00:41,Hospet,7,PANIC,0.11956989595334348,0.09782991487091738,0.7826001891757391,0.06855826011810458,0.10773440875702148,0.823707331124874,0.7826001891757391,0.823707331124874,DOWN,UP,1.5576841849733003,0,"(0.8, 0.9]"
2026-08-02 11:00:41,Wankaner,7,PANIC,0.12169840300656778,0.09957142064173728,0.778730176351695,0.07352418839241316,0.10783547630887264,0.8186403352987142,0.778730176351695,0.8186403352987142,DOWN,DOWN,0.04992562421008732,1,"(0.8, 0.9]"
2026-08-02 11:00:41,Surat,7,PANIC,0.11663663639037165,0.0954299752284859,0.7879333883811425,0.07256392536281962,0.10642709053213546,0.8210089841050449,0.7879333883811425,0.8210089841050449,DOWN,DOWN,0.04863003263430431,1,"(0.8, 0.9]"
2026-08-02 11:00:41,Anand,7,PANIC,0.13041546697882345,0.10670356389176462,0.762880969129412,0.07163516513082666,0.10506490885854576,0.8232999260106275,0.762880969129412,0.8232999260106275,DOWN,DOWN,0.04739314810462504,1,"(0.8, 0.9]"
2026-08-02 11:00:41,Benglore,7,PANIC,0.12615595956355502,0.10321851237018138,0.7706255280662636,0.07073618024626671,0.1037463976945245,0.8255174220592087,0.7706255280662636,0.8255174220592087,DOWN,DOWN,0.04621109223528706,1,"(0.8, 0.9]"
2026-08-02 11:00:41,Nasik,7,PANIC,0.1261077186330928,0.10317904251798503,0.7707132388489222,0.06986537357238562,0.10246921457283224,0.827665411854782,0.7707132388489222,0.827665411854782,DOWN,FLAT,1.4954727151946638,0,"(0.8, 0.9]"
2026-08-02 11:00:41,Namakkal,7,PANIC,0.12189066084358685,0.09972872250838923,0.7783806166480239,0.06990804887265399,0.10719234160473612,0.8228996095226099,0.7783806166480239,0.8228996095226099,DOWN,UP,1.5537250030030436,0,"(0.8, 0.9]"
2026-08-03 10:50:19,Davangere,7,PANIC,0.14504860490492452,0.11867613128584734,0.7362752638092281,0.07460366801367732,0.10724277276966115,0.8181535592166614,0.7362752638092281,0.8181535592166614,DOWN,FLAT,1.4719564205119888,0,"(0.8, 0.9]"
2026-08-03 10:50:19,Kolkata Sell,7,PANIC,0.2208795879610995,0.1807196628772632,0.5984007491616373,0.07954545454545454,0.11931818181818182,0.8011363636363636,0.5984007491616373,0.8011363636363636,DOWN,DOWN,0.06011105371900827,1,"(0.8, 0.9]"
2026-08-03 10:50:19,Gujrat Necc Selling rate,7,PANIC,0.14424746402945038,0.11802065238773213,0.7377318835828175,0.07420063461069075,0.11130095191603612,0.8144984134732731,0.7377318835828175,0.8144984134732731,DOWN,DOWN,0.05230447467797776,1,"(0.8, 0.9]"
2026-08-03 10:50:19,Barwala,7,PANIC,0.2249054862750593,0.18401357967959395,0.5910809340453468,0.07655502392344497,0.11483253588516745,0.8086124401913876,0.5910809340453468,0.8086124401913876,DOWN,DOWN,0.0556763810352327,1,"(0.8, 0.9]"
2026-08-03 10:50:19,Benglore,7,PANIC,0.14558271560002425,0.11911313094547438,0.7353041534545014,0.07288215806909606,0.1093232371036441,0.8177946048272597,0.7353041534545014,0.8177946048272597,DOWN,DOWN,0.05046218516568273,1,"(0.8, 0.9]"
2026-08-03 10:50:19,Mahuva,7,PANIC,0.1467219414112906,0.12004522479105594,0.7332328337976535,0.0720138488170802,0.1080207732256203,0.8199653779572994,0.7332328337976535,0.8199653779572994,DOWN,DOWN,0.04926694700376823,1,"(0.8, 0.9]"
2026-08-03 10:50:19,Nasik,7,PANIC,0.14477040720909629,0.11844851498926058,0.7367810778016431,0.07117117117117117,0.10675675675675675,0.8220720720720721,0.7367810778016431,0.8220720720720721,DOWN,UP,1.5499224900576254,0,"(0.8, 0.9]"
2026-08-03 10:50:19,Anand,7,PANIC,0.14586375210790967,0.11934306990647153,0.7347931779856188,0.0756395995550612,0.1067853170189099,0.817575083426029,0.7347931779856188,0.817575083426029,DOWN,DOWN,0.050403303138699375,1,"(0.8, 0.9]"
2026-08-03 10:50:19,Bilashpur,7,PANIC,0.14704822706356926,0.12031218577928393,0.7326395871571468,0.07476787750447957,0.10555465059455939,0.8196774719009611,0.7326395871571468,0.8196774719009611,DOWN,DOWN,0.04924823390869307,1,"(0.8, 0.9]"
2026-08-03 10:50:19,Navapur,7,PANIC,0.1430849826481055,0.11706953125754087,0.7398454860943536,0.07392088238413405,0.10435889277760102,0.821720224838265,0.7398454860943536,0.821720224838265,DOWN,FLAT,1.4828614177072625,0,"(0.8, 0.9]"
2026-08-03 10:50:19,Metapally,7,PANIC,0.22081082113154418,0.18066339910762705,0.5985257797608288,0.075687185443283,0.11130468447541617,0.8130081300813008,0.5985257797608288,0.8130081300813008,DOWN,FLAT,1.4564901334539586,0,"(0.8, 0.9]"
2026-08-03 10:50:19,Siddipet,7,PANIC,0.212367953790262,0.1737555985556689,0.6138764476540691,0.06606493669299236,0.10104049141281184,0.8328945718941959,0.6138764476540691,0.8328945718941959,DOWN,FLAT,1.5062061418303838,0,"(0.8, 0.9]"
2026-08-03 10:50:19,Mysuru,7,PANIC,0.14046085983553555,0.11492252168361998,0.7446166184808445,0.0725077081192189,0.11515930113052415,0.8123329907502569,0.7446166184808445,0.8123329907502569,DOWN,FLAT,1.4480853179737811,0,"(0.8, 0.9]"
2026-08-03 10:50:19,Namakkal,7,PANIC,0.1385561685773656,0.11336413792693549,0.7480796934956989,0.0725167580743449,0.11943936624009749,0.8080438756855576,0.7480796934956989,0.8080438756855576,DOWN,UP,1.5274258312936961,0,"(0.8, 0.9]"
2026-08-03 10:50:19,Hospet,7,PANIC,0.13668729998946424,0.11183506362774347,0.7514776363827923,0.07678410117434507,0.11944193516009234,0.8037739636655626,0.7514776363827923,0.8037739636655626,DOWN,UP,1.5126465563858988,0,"(0.8, 0.9]"
2026-08-03 10:50:19,Wankaner,7,PANIC,0.13728273141019623,0.11232223479016056,0.7503950337996432,0.0810435472671362,0.11943259597262176,0.7995238567602421,0.7503950337996432,0.7995238567602421,DOWN,DOWN,0.061022885542687984,1,"(0.7, 0.8]"
2026-08-03 10:50:19,Jabalpur,7,PANIC,0.1379228451855869,0.11284596424275291,0.7492311905716602,0.08014545454545453,0.1181090909090909,0.8017454545454545,0.7492311905716602,0.8017454545454545,DOWN,DOWN,0.05967791603305785,1,"(0.8, 0.9]"
2026-08-03 10:50:19,Nagpur,7,PANIC,0.1360178845180973,0.11128736006026141,0.7526947554216413,0.07927176180542386,0.1168215437132562,0.80390669448132,0.7526947554216413,0.80390669448132,DOWN,FLAT,1.432554171300654,0,"(0.8, 0.9]"
2026-08-03 10:50:19,Pune,7,PANIC,0.13414891369398665,0.1097582021132618,0.7560928841927516,0.07925571803524559,0.12096925384326958,0.7997750281214848,0.7560928841927516,0.7997750281214848,DOWN,UP,1.5020436887529105,0,"(0.7, 0.8]"
2026-08-03 10:50:19,Bhopal,7,PANIC,0.1346081715971737,0.11013395857950575,0.7552578698233205,0.08340283569641369,0.12093411175979983,0.7956630525437866,0.7552578698233205,0.7956630525437866,DOWN,DOWN,0.06333468048505807,1,"(0.7, 0.8]"
2026-08-03 10:50:19,Mumbai,7,PANIC,0.13510148695583946,0.1105375802365959,0.7543609328075647,0.08250600661861372,0.1196337095969899,0.7978602837843964,0.7543609328075647,0.7978602837843964,DOWN,DOWN,0.06197993047181238,1,"(0.7, 0.8]"
2026-08-03 10:50:19,Surat,7,PANIC,0.1424015046987817,0.11651032202627594,0.7410881732749424,0.08163265306122448,0.11836734693877551,0.8,0.7410881732749424,0.8,DOWN,DOWN,0.06067471886713867,1,"(0.7, 0.8]"
2026-08-04 10:58:02,Bhopal,7,PANIC,0.15196843897748036,0.12433781370884757,0.7236937473136721,0.08078175895765473,0.11713355048859936,0.8020846905537461,0.7236937473136721,0.8020846905537461,DOWN,DOWN,0.05941643094356432,1,"(0.8, 0.9]"
2026-08-04 10:58:02,Hospet,7,PANIC,0.15056261815194852,0.12318759666977606,0.7262497851782754,0.07995236880156502,0.11593093476226929,0.8041166964361657,0.7262497851782754,0.8041166964361657,DOWN,UP,1.5065312867961178,0,"(0.8, 0.9]"
2026-08-04 10:58:02,Gujrat Necc Selling rate,7,PANIC,0.15246333531891038,0.1247427288972903,0.7227939357837994,0.08391520148060906,0.11588289728274584,0.800201901236645,0.7227939357837994,0.800201901236645,DOWN,FLAT,1.4290278950994244,0,"(0.8, 0.9]"
2026-08-04 10:58:02,Siddipet,7,PANIC,0.15439911794659442,0.1263265510472136,0.719274331006192,0.0838741887169246,0.1198202695956066,0.7963055416874688,0.719274331006192,0.7963055416874688,DOWN,UP,1.4877459148272099,0,"(0.7, 0.8]"
2026-08-04 10:58:02,Surat,7,PANIC,0.23391366991780926,0.19138391175093486,0.5747024183312559,0.08955223880597014,0.12211668928086837,0.7883310719131614,0.5747024183312559,0.7883310719131614,DOWN,DOWN,0.06773582439351289,1,"(0.7, 0.8]"
2026-08-04 10:58:02,Pune,7,PANIC,0.15465427981522725,0.1265353198488223,0.7188104003359505,0.08740170380078638,0.11918414154652687,0.7934141546526867,0.7188104003359505,0.7934141546526867,DOWN,UP,1.4765465306251278,0,"(0.7, 0.8]"
2026-08-04 10:58:02,Benglore,7,PANIC,0.15661935664934212,0.12814310998582537,0.7152375333648325,0.09132161089052752,0.1191151446398185,0.789563244469654,0.7152375333648325,0.789563244469654,DOWN,DOWN,0.06681168237634441,1,"(0.7, 0.8]"
2026-08-04 10:58:02,Bilashpur,7,PANIC,0.2333897654545424,0.1909552626446256,0.575654971900832,0.08991399530883502,0.11727912431587177,0.7928068803752931,0.575654971900832,0.7928068803752931,DOWN,DOWN,0.064767908372513,1,"(0.7, 0.8]"
2026-08-04 10:58:02,Anand,7,PANIC,0.15415779393315276,0.126129104127125,0.7197131019397223,0.08997510570197968,0.11735883352432135,0.7926660607736989,0.7197131019397223,0.7926660607736989,DOWN,UP,1.4702378879508058,0,"(0.7, 0.8]"
2026-08-04 10:58:02,Wankaner,7,PANIC,0.1563700225793241,0.12793910938308337,0.7156908680375925,0.0938306357025569,0.11728829462819612,0.7888810696692471,0.7156908680375925,0.7888810696692471,DOWN,DOWN,0.0671319349971378,1,"(0.7, 0.8]"
2026-08-04 10:58:02,Barwala,7,PANIC,0.2310261899190323,0.18902142811557185,0.5799523819653959,0.09033005211349159,0.1129125651418645,0.7967573827446438,0.5799523819653959,0.7967573827446438,DOWN,UP,1.4750709884128537,0,"(0.7, 0.8]"
2026-08-04 10:58:02,Nasik,7,PANIC,0.2190227261098314,0.1792004122716802,0.6017768616184884,0.08536064874093044,0.10243277848911651,0.812206572769953,0.6017768616184884,0.812206572769953,DOWN,UP,1.5067371338313251,0,"(0.8, 0.9]"
2026-08-04 10:58:02,Vij/God,7,PANIC,0.1509833596654747,0.12353183972629747,0.7254848006082278,0.09895990352728372,0.11418450406994274,0.7868555924027737,0.7254848006082278,0.7868555924027737,DOWN,DOWN,0.06826170196580061,1,"(0.7, 0.8]"
2026-08-04 10:58:02,Namakkal,7,PANIC,0.22630842999531844,0.18516144272344237,0.5885301272812392,0.09870641169853768,0.11389201349831271,0.7874015748031495,0.5885301272812392,0.7874015748031495,DOWN,UP,1.4453027630545057,0,"(0.7, 0.8]"
2026-08-04 10:58:02,Mumbai,7,PANIC,0.1512724009195256,0.12376832802506639,0.724959271055408,0.10093088030491829,0.11214542256102031,0.7869236971340615,0.724959271055408,0.7869236971340615,DOWN,DOWN,0.06816514924353269,1,"(0.7, 0.8]"
2026-08-04 10:58:02,Kolkata Sell,7,PANIC,0.22964738208981952,0.18789331261894324,0.5824593052912372,0.10413223140495868,0.11570247933884298,0.7801652892561983,0.5824593052912372,0.7801652892561983,DOWN,DOWN,0.0725578853903422,1,"(0.7, 0.8]"
2026-08-04 10:58:02,Metapally,7,PANIC,0.15036484261669705,0.12302578032275212,0.7266093770605508,0.09952403106323589,0.11058225673692874,0.7898937121998354,0.7266093770605508,0.7898937121998354,DOWN,UP,1.4470174827104725,0,"(0.7, 0.8]"
2026-08-04 10:58:02,Navapur,7,PANIC,0.14844022388851102,0.1214510922724181,0.7301086838390709,0.1031599829956072,0.11052855320957913,0.7863114637948136,0.7301086838390709,0.7863114637948136,DOWN,UP,1.4348242952701848,0,"(0.7, 0.8]"
2026-08-04 10:58:02,Mahuva,7,PANIC,0.14655089213221245,0.11990527538090108,0.7335438324868865,0.1067859021567596,0.1104681746449237,0.7827459231983166,0.7335438324868865,0.7827459231983166,DOWN,FLAT,1.415361277502552,0,"(0.7, 0.8]"
2026-08-04 10:58:02,Nagpur,7,PANIC,0.14469673806930208,0.11838824023851989,0.736915021692178,0.10672128870990143,0.11408137758644635,0.7791973337036524,0.736915021692178,0.7791973337036524,DOWN,FLAT,1.4033897238539117,0,"(0.7, 0.8]"
2026-08-04 10:58:02,Jabalpur,7,PANIC,0.1457281323787029,0.11923210830984783,0.7350397593114493,0.10665062725554218,0.11768345076473621,0.7756659219797215,0.7350397593114493,0.7756659219797215,DOWN,DOWN,0.07554952943910509,1,"(0.7, 0.8]"
2026-08-04 10:58:02,Mysuru,7,PANIC,0.14387558527192837,0.11771638794975957,0.7384080267783121,0.10564663023679417,0.11657559198542805,0.7777777777777778,0.7384080267783121,0.7777777777777778,DOWN,FLAT,1.3965381667612249,0,"(0.7, 0.8]"
2026-08-04 10:58:02,Davangere,7,PANIC,0.14962983380067862,0.1224244094732825,0.7279457567260389,0.10557077015563424,0.1201322556943424,0.7742969741500234,0.7279457567260389,0.7742969741500234,DOWN,UP,1.4139712102360782,0,"(0.7, 0.8]"
2026-08-05 11:06:04,Namakkal,7,PANIC,0.21597742421815588,0.17670880163303662,0.6073137741488075,0.09687836383207753,0.10656620021528528,0.7965554359526373,0.6073137741488075,0.7965554359526373,DOWN,UP,1.4614856072886457,0,"(0.7, 0.8]"
2026-08-05 11:06:04,Anand,7,PANIC,0.15303125033020507,0.12520738663380415,0.7217613630359908,0.11189132432077699,0.11911011943824648,0.7689985562409765,0.7217613630359908,0.7689985562409765,DOWN,FLAT,1.379845429635064,0,"(0.7, 0.8]"
2026-08-05 11:06:04,Metapally,7,PANIC,0.22178702969843608,0.18146211520781133,0.5967508550937526,0.10906223462331675,0.11961664442557322,0.7713211209511099,0.5967508550937526,0.7713211209511099,DOWN,FLAT,1.3819056954187958,0,"(0.7, 0.8]"
2026-08-05 11:06:04,Davangere,7,PANIC,0.22327437704750344,0.18267903576613917,0.5940465871863574,0.11108456760630674,0.1254180602006689,0.7634973721930244,0.5940465871863574,0.7634973721930244,DOWN,DOWN,0.08400296394438357,1,"(0.7, 0.8]"
2026-08-05 11:06:04,Bilashpur,7,PANIC,0.15345708890035192,0.12555580000937885,0.7209871110902693,0.11050096339113681,0.12475915221579963,0.7647398843930636,0.7209871110902693,0.7647398843930636,DOWN,DOWN,0.0831226309673635,1,"(0.7, 0.8]"
2026-08-05 11:06:04,Hospet,7,PANIC,0.2192191139624845,0.17936109324203278,0.6014197927954827,0.0993964541682384,0.11222180309317238,0.7883817427385892,0.6014197927954827,0.7883817427385892,DOWN,DOWN,0.06725567499705812,1,"(0.7, 0.8]"
2026-08-05 11:06:04,Vij/God,7,PANIC,0.15367890663265904,0.12573728724490285,0.7205838061224381,0.10904522613065327,0.12311557788944724,0.7678391959798995,0.7205838061224381,0.7678391959798995,DOWN,DOWN,0.0809469457841974,1,"(0.7, 0.8]"
2026-08-05 11:06:04,Surat,7,PANIC,0.15089056765786538,0.12345591899279894,0.7256535133493357,0.1080572521438707,0.1220001233882411,0.7699426244678882,0.7256535133493357,0.7699426244678882,DOWN,FLAT,1.3753717980436475,0,"(0.7, 0.8]"
2026-08-05 11:06:04,Bhopal,7,PANIC,0.15223395757813254,0.12455505620029027,0.7232109862215772,0.10798093375702762,0.1253972133952579,0.7666218528477146,0.7232109862215772,0.7666218528477146,DOWN,DOWN,0.08184970275056923,1,"(0.7, 0.8]"
2026-08-05 11:06:04,Jabalpur,7,PANIC,0.15597421666817268,0.12761526818305038,0.716410515148777,0.10701527932038543,0.12427580824302825,0.7687089124365863,0.716410515148777,0.7687089124365863,DOWN,DOWN,0.08039231370874472,1,"(0.7, 0.8]"
2026-08-05 11:06:04,Mahuva,7,PANIC,0.15501381062521344,0.12682948142062916,0.7181567079541574,0.10607043832222286,0.12317857353548463,0.7707509881422925,0.7181567079541574,0.7707509881422925,DOWN,DOWN,0.0789790083018406,1,"(0.7, 0.8]"
2026-08-05 11:06:04,Kolkata Sell,7,PANIC,0.22681905688961246,0.18557922836422838,0.5876017147461592,0.10522281835103471,0.12219424066571773,0.7725829409832475,0.5876017147461592,0.7725829409832475,DOWN,DOWN,0.07772179268543526,1,"(0.7, 0.8]"
2026-08-05 11:06:04,Navapur,7,PANIC,0.15388547896422555,0.12590630097073,0.7202082200650445,0.1047327538910225,0.12162513355086484,0.7736421125581128,0.7202082200650445,0.7736421125581128,DOWN,FLAT,1.381033474070513,0,"(0.7, 0.8]"
2026-08-05 11:06:04,Siddipet,7,PANIC,0.23080876803550682,0.18884353748359647,0.5803476944808967,0.1022680412371134,0.1220618556701031,0.7756701030927835,0.5803476944808967,0.7756701030927835,DOWN,DOWN,0.07568175151450739,1,"(0.7, 0.8]"
2026-08-05 11:06:04,Benglore,7,PANIC,0.22451358793823245,0.18369293558582653,0.591793476475941,0.1002548020384163,0.11965895727165816,0.7800862406899255,0.591793476475941,0.7800862406899255,DOWN,DOWN,0.07273135292099193,1,"(0.7, 0.8]"
2026-08-05 11:06:04,Gujrat Necc Selling rate,7,PANIC,0.1534293807973256,0.1255331297432664,0.721037489459408,0.10384964796729501,0.12394957983193276,0.7722007722007722,0.721037489459408,0.7722007722007722,DOWN,FLAT,1.374543120647047,0,"(0.7, 0.8]"
2026-08-05 11:06:04,Mumbai,7,PANIC,0.15533593330880618,0.1270930363435687,0.7175710303476251,0.10377809660449545,0.12721186035389764,0.7690100430416068,0.7175710303476251,0.7690100430416068,DOWN,DOWN,0.08030911096519189,1,"(0.7, 0.8]"
2026-08-05 11:06:04,Pune,7,PANIC,0.21999270663850634,0.17999403270423245,0.6000132606572612,0.09267959340565474,0.11360724352951226,0.7937131630648331,0.6000132606572612,0.7937131630648331,DOWN,DOWN,0.06405037190892754,1,"(0.7, 0.8]"
2026-08-05 11:06:04,Barwala,7,PANIC,0.22327686579258094,0.18268107201211167,0.5940420621953074,0.09694628403237675,0.11883738042678439,0.7842163355408389,0.5940420621953074,0.7842163355408389,DOWN,UP,1.4446235978387347,0,"(0.7, 0.8]"
2026-08-05 11:06:04,Nagpur,7,PANIC,0.22629597780731173,0.18515125456961867,0.5885527676230696,0.10165184243964422,0.1207115628970775,0.7776365946632782,0.5885527676230696,0.7776365946632782,DOWN,DOWN,0.0743498625213726,1,"(0.7, 0.8]"
2026-08-05 11:06:04,Nasik,7,PANIC,0.22250431500362872,0.18204898500296893,0.5954466999934024,0.0998266897746967,0.11854419410745234,0.781629116117851,0.5954466999934024,0.781629116117851,DOWN,DOWN,0.07170393687542986,1,"(0.7, 0.8]"
2026-08-05 11:06:04,Wankaner,7,PANIC,0.15548434081449763,0.12721446066640715,0.7173011985190952,0.10426849136526557,0.12381883349625288,0.7719126751384816,0.7173011985190952,0.7719126751384816,DOWN,DOWN,0.07822684958244508,1,"(0.7, 0.8]"
2026-08-05 11:06:04,Mysuru,7,PANIC,0.15373321394966025,0.12578172050426747,0.7204850655460723,0.10339118825100134,0.1227770360480641,0.7738317757009346,0.7204850655460723,0.7738317757009346,DOWN,FLAT,1.379025483377035,0,"(0.7, 0.8]"
2026-08-06 10:56:49,Kolkata Sell,7,NORMAL,0.4412300133977884,0.2514464939709952,0.3073234926312164,0.7591240875912408,0.21350364963503649,0.02737226277372263,0.4412300133977884,0.7591240875912408,UP,DOWN,1.5678579039906229,0,"(0.7, 0.8]"
2026-08-06 10:56:49,Barwala,7,NORMAL,0.445905267680714,0.2493426295436787,0.3047521027756073,0.7408063801506425,0.22463447053610988,0.034559149313247675,0.445905267680714,0.7408063801506425,UP,DOWN,1.5313307743996964,0,"(0.7, 0.8]"
2026-08-06 10:56:49,Anand,7,NORMAL,0.24725182701126855,0.4505514955305144,0.30219667745821716,0.20125786163522016,0.7547169811320754,0.04402515723270441,0.4505514955305144,0.7547169811320754,FLAT,FLAT,0.10260670068430841,1,"(0.7, 0.8]"
2026-08-06 10:56:49,Jabalpur,7,NORMAL,0.29965824244493783,0.24517492563676732,0.4551668319182949,0.17435524881946968,0.21249545949872864,0.6131492916818017,0.4551668319182949,0.6131492916818017,DOWN,DOWN,0.22520754362476678,1,"(0.6, 0.7]"
2026-08-06 10:56:49,Hospet,7,NORMAL,0.2481502039263035,0.4485551023859923,0.3032946936877043,0.18658892128279883,0.7725947521865889,0.04081632653061224,0.4485551023859923,0.7725947521865889,FLAT,DOWN,1.5517513961019642,0,"(0.7, 0.8]"
2026-08-06 10:56:49,Benglore,7,NORMAL,0.4468444364796576,0.24892000358415411,0.3042355599361884,0.6807830603276069,0.26488214143028366,0.054334798242109475,0.4468444364796576,0.6807830603276069,UP,DOWN,1.4279107978935066,0,"(0.6, 0.7]"
2026-08-06 10:56:49,Nasik,7,NORMAL,0.24681670248480536,0.4515184389226548,0.3016648585925399,0.2001389854065323,0.7435719249478805,0.05628908964558721,0.4515184389226548,0.7435719249478805,FLAT,DOWN,1.4835451033722071,0,"(0.7, 0.8]"
2026-08-06 10:56:49,Pune,7,NORMAL,0.24763516569139762,0.20261059011114352,0.5497542441974589,0.09459135575617161,0.11528321482783416,0.7901254294159943,0.5497542441974589,0.7901254294159943,DOWN,DOWN,0.06628507958265198,1,"(0.7, 0.8]"
2026-08-06 10:56:49,Gujrat Necc Selling rate,7,NORMAL,0.2511536020148243,0.4418808844115016,0.30696551357367413,0.20554428668018931,0.7302231237322515,0.06423258958755916,0.4418808844115016,0.7302231237322515,FLAT,DOWN,1.4511349106101603,0,"(0.7, 0.8]"
2026-08-06 10:56:49,Vij/God,7,NORMAL,0.2517007543469331,0.4406649903401486,0.30763425531291827,0.21122112211221122,0.7161716171617162,0.07260726072607261,0.4406649903401486,0.7161716171617162,FLAT,DOWN,1.417573440512368,0,"(0.7, 0.8]"
2026-08-06 10:56:49,Namakkal,7,NORMAL,0.24854113037793515,0.4476863769379219,0.30377249268414297,0.21649484536082475,0.7023195876288659,0.08118556701030928,0.4476863769379219,0.7023195876288659,FLAT,UP,1.1137242268041236,0,"(0.7, 0.8]"
2026-08-06 10:56:49,Bilashpur,7,NORMAL,0.30422440748452584,0.24891087885097565,0.4468647136644985,0.19236883942766295,0.22734499205087438,0.5802861685214626,0.4468647136644985,0.5802861685214626,DOWN,DOWN,0.2648512161277522,1,"(0.5, 0.6]"
2026-08-06 10:56:49,Mysuru,7,NORMAL,0.2505881547009904,0.20502667202808303,0.5443851732709266,0.09431407942238268,0.1114620938628159,0.7942238267148015,0.5443851732709266,0.7942238267148015,DOWN,FLAT,1.4291862431414462,0,"(0.7, 0.8]"
2026-08-06 10:56:49,Nagpur,7,NORMAL,0.25397306620744614,0.4356154084278975,0.31041152536465644,0.23389830508474577,0.6810477657935285,0.08505392912172574,0.4356154084278975,0.6810477657935285,FLAT,DOWN,1.3556607890294659,0,"(0.6, 0.7]"
2026-08-06 10:56:49,Raipur Td,7,NORMAL,0.5415345391531504,0.2063094573810823,0.2521560034657673,0.46213895394223264,0.4059328649492584,0.13192818110850899,0.5415345391531504,0.46213895394223264,UP,DOWN,1.1319025863503156,0,"(0.4, 0.5]"
2026-08-06 10:56:49,Davangere,7,NORMAL,0.254752750346254,0.4338827770083245,0.31136447264542155,0.23585467540202504,0.6640857653365099,0.10005955926146516,0.4338827770083245,0.6640857653365099,FLAT,DOWN,1.306530128508241,0,"(0.6, 0.7]"
2026-08-06 10:56:49,Bhopal,7,NORMAL,0.3082567571780128,0.2522100740547378,0.4395331687672495,0.18280522933746954,0.22158209616662972,0.5956126744959007,0.4395331687672495,0.5956126744959007,DOWN,DOWN,0.24604548624308073,1,"(0.5, 0.6]"
2026-08-06 10:56:49,Mahuva,7,NORMAL,0.25430322712109754,0.4348817175086721,0.31081505537023035,0.24528301886792453,0.6432246998284734,0.11149228130360206,0.4348817175086721,0.6432246998284734,FLAT,FLAT,0.19988290294772706,1,"(0.6, 0.7]"
2026-08-06 10:56:49,Navapur,7,NORMAL,0.25410413914980357,0.4353241352226588,0.3105717256275377,0.2223053892215569,0.6766467065868264,0.10104790419161679,0.4353241352226588,0.6766467065868264,FLAT,DOWN,1.3153853221700311,0,"(0.6, 0.7]"
2026-08-06 10:56:49,Metapally,7,NORMAL,0.2562011917595451,0.4306640183121221,0.3131347899283329,0.2255859375,0.6650390625,0.10937500000000003,0.4306640183121221,0.6650390625,FLAT,FLAT,0.1750507354736328,1,"(0.6, 0.7]"
2026-08-06 10:56:49,Siddipet,7,NORMAL,0.25606059423988203,0.4309764572447065,0.3129629485154114,0.20745718621287668,0.6919575113808801,0.10058530240624322,0.4309764572447065,0.6919575113808801,FLAT,DOWN,1.330790479915454,0,"(0.6, 0.7]"
2026-08-06 10:56:49,Wankaner,7,NORMAL,0.2581606912943401,0.4263095749014664,0.31552973380419347,0.2103697407564811,0.6812579685507862,0.1083722906927327,0.4263095749014664,0.6812579685507862,FLAT,FLAT,0.1575964638283108,1,"(0.6, 0.7]"
2026-08-06 10:56:49,Mumbai,7,NORMAL,0.31269064095443555,0.2558377971445382,0.4314715619010263,0.18657669159219406,0.22615356556629582,0.5872697428415101,0.4314715619010263,0.5872697428415101,DOWN,DOWN,0.2563025622379508,1,"(0.5, 0.6]"
2026-08-06 10:56:49,Surat,7,NORMAL,0.3106621373512415,0.25417811237828847,0.43515975027047,0.17506631299734748,0.21220159151193635,0.6127320954907162,0.43515975027047,0.6127320954907162,DOWN,FLAT,1.0267151672072552,0,"(0.6, 0.7]"
2026-08-07 11:21:14,Gujrat Necc Selling rate,7,NORMAL,0.2691590968025543,0.22022107920208986,0.5106198239953559,0.09364358683314417,0.1163450624290579,0.790011350737798,0.5106198239953559,0.790011350737798,DOWN,DOWN,0.06640052772556207,1,"(0.7, 0.8]"
2026-08-07 11:21:14,Jabalpur,7,NORMAL,0.26579239474296007,0.2174665047896946,0.5167411004673453,0.09214110596567693,0.114478343775538,0.7933805502587851,0.5167411004673453,0.7933805502587851,DOWN,DOWN,0.0642868716135308,1,"(0.7, 0.8]"
2026-08-07 11:21:14,Metapally,7,NORMAL,0.26253134331362327,0.2147983718020554,0.5226702848843213,0.09073055773762764,0.11272584446190101,0.7965435978004713,0.5226702848843213,0.7965435978004713,DOWN,DOWN,0.06233365771300605,1,"(0.7, 0.8]"
2026-08-07 11:21:14,Davangere,7,NORMAL,0.25937248900888543,0.21221385464363354,0.528413656347481,0.08940272177419355,0.11107610887096774,0.7995211693548387,0.528413656347481,0.7995211693548387,DOWN,DOWN,0.06052251015940019,1,"(0.7, 0.8]"
2026-08-07 11:21:14,Pune,7,NORMAL,0.27263502919277993,0.22306502388500174,0.5042999469222184,0.08814958717824185,0.10951918406993687,0.8023312287518213,0.5042999469222184,0.8023312287518213,DOWN,DOWN,0.05883774452580398,1,"(0.8, 0.9]"
2026-08-07 11:21:14,Raipur Td,7,NORMAL,0.25456214182526316,0.20827811603885166,0.5371597421358852,0.08696416022487702,0.10804638088545326,0.8049894588896698,0.5371597421358852,0.8049894588896698,DOWN,DOWN,0.05726589673020632,1,"(0.8, 0.9]"
2026-08-07 11:21:14,Hospet,7,NORMAL,0.5097801580857526,0.22059892886141133,0.2696209130528361,0.4164479440069991,0.41251093613298334,0.1710411198600175,0.5097801580857526,0.4164479440069991,UP,DOWN,1.0307669874599008,0,"(0.4, 0.5]"
2026-08-07 11:21:14,Kolkata Sell,7,NORMAL,0.5029879618485671,0.22365541716814483,0.2733566209832881,0.40811099252934896,0.4113127001067236,0.18057630736392744,0.5029879618485671,0.4113127001067236,FLAT,DOWN,1.0071879075457104,0,"(0.4, 0.5]"
2026-08-07 11:21:14,Wankaner,7,NORMAL,0.2513465467923802,0.2056471746483111,0.5430062785593087,0.08823529411764706,0.10962566844919787,0.8021390374331551,0.5430062785593087,0.8021390374331551,DOWN,DOWN,0.05895221481883955,1,"(0.8, 0.9]"
2026-08-07 11:21:14,Navapur,7,NORMAL,0.25763826159716957,0.2107949413067751,0.5315667970960554,0.08708530805687204,0.10819689788884101,0.8047177940542869,0.5315667970960554,0.8047177940542869,DOWN,DOWN,0.0574255595511525,1,"(0.8, 0.9]"
2026-08-07 11:21:14,Bilashpur,7,NORMAL,0.22464196437956546,0.1837979708560081,0.5915600647644265,0.08599124452782989,0.10683760683760682,0.8071711486345632,0.5915600647644265,0.8071711486345632,DOWN,DOWN,0.055991734289145806,1,"(0.8, 0.9]"
2026-08-07 11:21:14,Mahuva,7,NORMAL,0.2563124995382085,0.20971022689489788,0.5339772735668936,0.08494851605087825,0.10554209569957602,0.8095093882495458,0.5339772735668936,0.8095093882495458,DOWN,FLAT,1.4625766426089064,0,"(0.8, 0.9]"
2026-08-07 11:21:14,Nasik,7,NORMAL,0.281240082329206,0.23010552190571398,0.4886543957650801,0.17071641323091397,0.2172754350211632,0.6120081517479229,0.4886543957650801,0.6120081517479229,DOWN,DOWN,0.2268903827201267,1,"(0.6, 0.7]"
2026-08-07 11:21:14,Namakkal,7,NORMAL,0.5582007767806233,0.1988096504487195,0.24298957277065722,0.3819173811379579,0.4255650818394388,0.19251753702260327,0.5582007767806233,0.4255650818394388,FLAT,UP,0.600194764681618,0,"(0.4, 0.5]"
2026-08-07 11:21:14,Bhopal,7,NORMAL,0.30069346708255307,0.24602192761299793,0.4532846053044491,0.16079105760963028,0.20464316423043852,0.6345657781599312,0.4532846053044491,0.6345657781599312,DOWN,DOWN,0.2012747593653263,1,"(0.6, 0.7]"
2026-08-07 11:21:14,Mysuru,7,NORMAL,0.29742771885509817,0.24334995179053484,0.459222329354367,0.15267680105750164,0.19431592861863844,0.6530072703238599,0.459222329354367,0.6530072703238599,DOWN,FLAT,1.0988555235546174,0,"(0.6, 0.7]"
2026-08-07 11:21:14,Nagpur,7,NORMAL,0.2450663409366996,0.4554081312517787,0.29952552781152175,0.20342465753424657,0.6794520547945205,0.11712328767123288,0.4554081312517787,0.6794520547945205,FLAT,DOWN,1.282507975229874,0,"(0.6, 0.7]"
2026-08-07 11:21:14,Surat,7,NORMAL,0.2774413853109989,0.22699749707263545,0.4955611176163657,0.15669917864476388,0.20418377823408623,0.6391170431211499,0.4955611176163657,0.6391170431211499,DOWN,DOWN,0.1964821564475121,1,"(0.6, 0.7]"
2026-08-07 11:21:14,Anand,7,NORMAL,0.243088626753708,0.4598030516584267,0.2971083215878653,0.20851346857332892,0.6651147322913202,0.12637179913535085,0.4598030516584267,0.6651147322913202,FLAT,FLAT,0.1715958407215002,1,"(0.6, 0.7]"
2026-08-07 11:21:14,Mumbai,7,NORMAL,0.2936331296140098,0.240245287866008,0.4661215825199823,0.15166156021682772,0.19761960876738158,0.6507188310157908,0.4661215825199823,0.6507188310157908,DOWN,DOWN,0.18405207362375114,1,"(0.6, 0.7]"
2026-08-07 11:21:14,Vij/God,7,NORMAL,0.29055883849726993,0.23772995877049355,0.4717112027322365,0.14524647887323947,0.18926056338028172,0.6654929577464789,0.4717112027322365,0.6654929577464789,DOWN,DOWN,0.168811061793295,1,"(0.6, 0.7]"
2026-08-07 11:21:14,Siddipet,7,NORMAL,0.28650755805336164,0.23441527477093224,0.4790771671757061,0.13957086857850215,0.18186507117804826,0.6785640602434495,0.4790771671757061,0.6785640602434495,DOWN,DOWN,0.15587599483753084,1,"(0.6, 0.7]"
2026-08-07 11:21:14,Benglore,7,NORMAL,0.5422491664267628,0.20598787510795674,0.25176295846528046,0.4320462663718319,0.38765096104779717,0.18030277258037078,0.5422491664267628,0.4320462663718319,UP,DOWN,1.008840788526548,0,"(0.4, 0.5]"
2026-08-07 11:21:14,Barwala,7,NORMAL,0.5590811753527994,0.19841347109124025,0.24250535355596034,0.4245754245754246,0.3866133866133867,0.1888111888111888,0.5590811753527994,0.4245754245754246,UP,DOWN,0.9877614892599909,0,"(0.4, 0.5]"
2026-08-08 10:47:50,Wankaner,7,PANIC,0.20081397107356172,0.16430233996927776,0.6348836889571605,0.07907348242811502,0.10303514376996806,0.8178913738019169,0.6348836889571605,0.8178913738019169,DOWN,FLAT,1.4797448682746581,0,"(0.8, 0.9]"
2026-08-08 10:47:50,Mumbai,7,PANIC,0.20233806656513523,0.1655493271896561,0.6321126062452087,0.0804082976621666,0.10721106354955548,0.8123806387882779,0.6321126062452087,0.8123806387882779,DOWN,DOWN,0.05316073118184905,1,"(0.8, 0.9]"
2026-08-08 10:47:50,Navapur,7,PANIC,0.20127632104806062,0.1646806263120496,0.6340430526398898,0.07923669910274232,0.10564893213698975,0.8151143687602679,0.6340430526398898,0.8151143687602679,DOWN,DOWN,0.05162284798529901,1,"(0.8, 0.9]"
2026-08-08 10:47:50,Kolkata Sell,7,PANIC,0.19878781583773514,0.16264457659451056,0.6385676075677543,0.0781373322809787,0.1041831097079716,0.8176795580110497,0.6385676075677543,0.8176795580110497,DOWN,DOWN,0.050200306611457496,1,"(0.8, 0.9]"
2026-08-08 10:47:50,Bilashpur,7,PANIC,0.15190146431139281,0.12428301625477593,0.7238155194338313,0.08791544743852905,0.11722059658470543,0.7948639559767655,0.7238155194338313,0.7948639559767655,DOWN,DOWN,0.06355059071949341,1,"(0.7, 0.8]"
2026-08-08 10:47:50,Raipur Td,7,PANIC,0.1501103453456644,0.12281755528281632,0.7270720993715193,0.0872284185416801,0.11630455805557346,0.7964670234027464,0.7270720993715193,0.7964670234027464,DOWN,DOWN,0.06256121978832295,1,"(0.7, 0.8]"
2026-08-08 10:47:50,Bhopal,7,PANIC,0.1956353834667794,0.16006531374554675,0.6442993027876739,0.07661945669839794,0.10215927559786393,0.8212212677037382,0.6442993027876739,0.8212212677037382,DOWN,DOWN,0.04826889385689645,1,"(0.8, 0.9]"
2026-08-08 10:47:50,Gujrat Necc Selling rate,7,PANIC,0.19350234450973322,0.15832010005341807,0.6481775554368487,0.07564998602180596,0.10086664802907462,0.8234833659491193,0.6481775554368487,0.8234833659491193,DOWN,FLAT,1.4922885590064627,0,"(0.8, 0.9]"
2026-08-08 10:47:50,Nagpur,7,PANIC,0.19497497861409238,0.1595249825024392,0.6455000388834684,0.07674418604651163,0.10465116279069768,0.8186046511627907,0.6455000388834684,0.8186046511627907,DOWN,DOWN,0.04974580854515955,1,"(0.8, 0.9]"
2026-08-08 10:47:50,Metapally,7,PANIC,0.20338531027646525,0.16640616295347155,0.6302085267700632,0.07578508865627004,0.1033433027130955,0.8208716086306345,0.6302085267700632,0.8208716086306345,DOWN,DOWN,0.04851019847286579,1,"(0.8, 0.9]"
2026-08-08 10:47:50,Namakkal,7,PANIC,0.19712065560163086,0.16128053640133433,0.6415988079970348,0.07487623762376237,0.10210396039603961,0.8230198019801981,0.6415988079970348,0.8230198019801981,DOWN,DOWN,0.04735366018037446,1,"(0.8, 0.9]"
2026-08-08 10:47:50,Pune,7,PANIC,0.206087245374919,0.1686168371249337,0.6252959175001473,0.07401315789473684,0.10092703349282296,0.8250598086124402,0.6252959175001473,0.8250598086124402,DOWN,DOWN,0.0462682841939287,1,"(0.8, 0.9]"
2026-08-08 10:47:50,Barwala,7,PANIC,0.15178922192299094,0.12419118157335621,0.7240195965036529,0.08478368970661361,0.11561412232720039,0.799602187966186,0.7240195965036529,0.799602187966186,DOWN,FLAT,1.4286903136676672,0,"(0.7, 0.8]"
2026-08-08 10:47:50,Hospet,7,PANIC,0.20730197943884043,0.16961071044996034,0.6230873101111992,0.07280575539568346,0.10148681055155874,0.8257074340527577,0.6230873101111992,0.8257074340527577,DOWN,DOWN,0.04597814927913787,1,"(0.8, 0.9]"
2026-08-08 10:47:50,Surat,7,PANIC,0.21372405229852637,0.17486513369879428,0.6114108140026794,0.07202897877676125,0.10040403102215205,0.8275669902010867,0.6114108140026794,0.8275669902010867,DOWN,DOWN,0.04500228609743252,1,"(0.8, 0.9]"
2026-08-08 10:47:50,Siddipet,7,PANIC,0.2107523947600427,0.17243377753094402,0.6168138277090133,0.0712871287128713,0.09936993699369938,0.8293429342934294,0.6168138277090133,0.8293429342934294,DOWN,DOWN,0.044080073173834014,1,"(0.8, 0.9]"
2026-08-08 10:47:50,Anand,7,PANIC,0.20792202296602083,0.1701180187903807,0.6219599582435985,0.07057745187901007,0.09838069049801405,0.8310418576229758,0.6219599582435985,0.8310418576229758,DOWN,FLAT,1.5085291251020183,0,"(0.8, 0.9]"
2026-08-08 10:47:50,Vij/God,7,PANIC,0.20939079831087823,0.17131974407253672,0.619289457616585,0.07139766334919949,0.10168758113370835,0.8269147555170921,0.619289457616585,0.8269147555170921,DOWN,DOWN,0.04539649234625812,1,"(0.8, 0.9]"
2026-08-08 10:47:50,Nasik,7,PANIC,0.21684635980487688,0.1774197489312629,0.6057338912638602,0.07069052419354838,0.1006804435483871,0.8286290322580645,0.6057338912638602,0.8286290322580645,DOWN,DOWN,0.04450171050866611,1,"(0.8, 0.9]"
2026-08-08 10:47:50,Mahuva,7,PANIC,0.20534131347230222,0.1680065292046109,0.6266521573230869,0.07001223990208079,0.09971440228478172,0.8302733578131376,0.6266521573230869,0.8302733578131376,DOWN,FLAT,1.5047697198838568,0,"(0.8, 0.9]"
2026-08-08 10:47:50,Davangere,7,PANIC,0.20682542254646225,0.16922080026528727,0.6239537771882505,0.07076101468624833,0.10292511227090667,0.826313873042845,0.6239537771882505,0.826313873042845,DOWN,DOWN,0.04576757063278317,1,"(0.8, 0.9]"
2026-08-08 10:47:50,Mysuru,7,PANIC,0.2041044081038775,0.16699451572135432,0.6289010761747682,0.07008573900731535,0.1019428931015496,0.8279713678911351,0.6289010761747682,0.8279713678911351,DOWN,FLAT,1.4969551641105339,0,"(0.8, 0.9]"
2026-08-08 10:47:50,Jabalpur,7,PANIC,0.15380237355590878,0.12583830563665263,0.7203593208074386,0.08203730957400263,0.1218129748220039,0.7961497156039935,0.7203593208074386,0.7961497156039935,DOWN,DOWN,0.06312345944545963,1,"(0.7, 0.8]"
2026-08-08 10:47:50,Benglore,7,PANIC,0.20657042894346148,0.1690121691355594,0.6244174019209792,0.07058411760130669,0.1048067200746675,0.8246091623240259,0.6244174019209792,0.8246091623240259,DOWN,DOWN,0.04672851217104469,1,"(0.8, 0.9]"
2026-08-09 11:10:16,Mumbai,7,PANIC,0.1965060528251359,0.16077767958420208,0.642716267590662,0.06991525423728813,0.10381355932203389,0.8262711864406779,0.642716267590662,0.8262711864406779,DOWN,DOWN,0.04584709853490379,1,"(0.8, 0.9]"
2026-08-09 11:10:16,Anand,7,PANIC,0.1567446595919016,0.1282456305751922,0.7150097098329062,0.08096109661591183,0.12021496164180848,0.7988239417422798,0.7150097098329062,0.7988239417422798,DOWN,UP,1.4972038328366422,0,"(0.7, 0.8]"
2026-08-09 11:10:16,Benglore,7,PANIC,0.15354975960721773,0.1256316214968145,0.7208186188959678,0.08349931351884439,0.12033724595362869,0.7961634405275269,0.7208186188959678,0.7961634405275269,DOWN,FLAT,1.4146549202471936,0,"(0.7, 0.8]"
2026-08-09 11:10:16,Siddipet,7,PANIC,0.15178551543739272,0.12418814899423039,0.7240263355683769,0.08357979642788554,0.1229114653351258,0.7935087382369888,0.7240263355683769,0.7935087382369888,DOWN,FLAT,1.4059259976699612,0,"(0.7, 0.8]"
2026-08-09 11:10:16,Mahuva,7,PANIC,0.15005514976287032,0.12277239526053026,0.7271724549765994,0.08365599191287264,0.12548398786930895,0.7908600202178183,0.7271724549765994,0.7908600202178183,DOWN,UP,1.480892143947694,0,"(0.7, 0.8]"
2026-08-09 11:10:16,Vij/God,7,PANIC,0.1992492591208693,0.16302212109889305,0.6377286197802376,0.07201646090534979,0.10493827160493828,0.8230452674897119,0.6377286197802376,0.8230452674897119,DOWN,DOWN,0.047511388846551206,1,"(0.8, 0.9]"
2026-08-09 11:10:16,Gujrat Necc Selling rate,7,PANIC,0.1492039146283899,0.1220759301505008,0.7287201552211093,0.08595284872298625,0.12524557956777999,0.7888015717092338,0.7287201552211093,0.7888015717092338,DOWN,UP,1.4733765694898509,0,"(0.7, 0.8]"
2026-08-09 11:10:16,Nasik,7,PANIC,0.1503911212164764,0.12304728099529888,0.7265615977882247,0.0884819602619186,0.1253494437043847,0.7861685960336966,0.7265615977882247,0.7861685960336966,DOWN,DOWN,0.06926540965099089,1,"(0.7, 0.8]"
2026-08-09 11:10:16,Davangere,7,PANIC,0.15166097240874946,0.1240862501526132,0.7242527774386374,0.0878243512974052,0.12441783100465738,0.7877578176979375,0.7242527774386374,0.7877578176979375,DOWN,DOWN,0.06823965730105544,1,"(0.7, 0.8]"
2026-08-09 11:10:16,Hospet,7,PANIC,0.15302175501331314,0.1251996177381653,0.7217786272485216,0.08717976730212487,0.12350467034467691,0.7893155623531982,0.7217786272485216,0.7893155623531982,DOWN,DOWN,0.06724164769034907,1,"(0.7, 0.8]"
2026-08-09 11:10:16,Namakkal,7,PANIC,0.1989327560385636,0.16276316403155205,0.6383040799298844,0.07243460764587525,0.10261569416498993,0.8249496981891348,0.6383040799298844,0.8249496981891348,DOWN,DOWN,0.04641936123784965,1,"(0.8, 0.9]"
2026-08-09 11:10:16,Mysuru,7,PANIC,0.20286460310028837,0.16598012980932683,0.6311552670903848,0.071812557054468,0.10173445582716299,0.826452987118369,0.6311552670903848,0.826452987118369,DOWN,FLAT,1.4950625711156993,0,"(0.8, 0.9]"
2026-08-09 11:10:16,Bilashpur,7,PANIC,0.15365488072720376,0.12571762968589398,0.7206274895869023,0.08587297066362859,0.12403873540301907,0.7900882939333522,0.7206274895869023,0.7900882939333522,DOWN,FLAT,1.3989218163754538,0,"(0.7, 0.8]"
2026-08-09 11:10:16,Bhopal,7,PANIC,0.20148529275052204,0.16485160315951802,0.63366310408996,0.07211538461538461,0.10616987179487179,0.8217147435897435,0.63366310408996,0.8217147435897435,DOWN,DOWN,0.04825830302843527,1,"(0.8, 0.9]"
2026-08-09 11:10:16,Pune,7,PANIC,0.1936780152967926,0.15846383069737574,0.6478581540058317,0.07150066746980106,0.10526487155276268,0.8232344609774362,0.6478581540058317,0.8232344609774362,DOWN,DOWN,0.047439094417584204,1,"(0.8, 0.9]"
2026-08-09 11:10:16,Jabalpur,7,PANIC,0.14819229245845889,0.12124823928419362,0.7305594682573475,0.08548060856564946,0.12584645149942836,0.7886729399349222,0.7305594682573475,0.7886729399349222,DOWN,DOWN,0.06780339011150077,1,"(0.7, 0.8]"
2026-08-09 11:10:16,Barwala,7,PANIC,0.147136669984167,0.12038454816886389,0.7324787818469691,0.08487033698516155,0.1249479961170434,0.7901816668977949,0.7324787818469691,0.7901816668977949,DOWN,UP,1.4774613685646942,0,"(0.7, 0.8]"
2026-08-09 11:10:16,Kolkata Sell,7,PANIC,0.19395928449318803,0.15869396003988112,0.6473467554669309,0.07232942363475849,0.10360701223357295,0.8240635641316686,0.6473467554669309,0.8240635641316686,DOWN,DOWN,0.04691958797335559,1,"(0.8, 0.9]"
2026-08-09 11:10:16,Nagpur,7,PANIC,0.14975064353253206,0.12252325379934441,0.7277261026681235,0.08706330940194427,0.1247123080622445,0.7882243825358112,0.7277261026681235,0.7882243825358112,DOWN,DOWN,0.06798209177856929,1,"(0.7, 0.8]"
2026-08-09 11:10:16,Raipur Td,7,PANIC,0.14976247426227074,0.12253293348731242,0.7277045922504168,0.08644859813084113,0.12383177570093458,0.7897196261682242,0.7277045922504168,0.7897196261682242,DOWN,FLAT,1.3988012053454448,0,"(0.7, 0.8]"
2026-08-09 11:10:16,Metapally,7,PANIC,0.15149529610487508,0.12395069681307962,0.7245540070820453,0.08651112718464568,0.12625948291813152,0.7872293898972229,0.7245540070820453,0.7872293898972229,DOWN,FLAT,1.3906367786352027,0,"(0.7, 0.8]"
2026-08-09 11:10:16,Navapur,7,PANIC,0.15326203481196504,0.12539621030069867,0.7213417548873363,0.08656995788488535,0.12868507253158634,0.7847449695835284,0.7213417548873363,0.7847449695835284,DOWN,DOWN,0.07038893362024659,1,"(0.7, 0.8]"
2026-08-09 11:10:16,Wankaner,7,PANIC,0.15188196955823702,0.12426706600219391,0.7238509644395691,0.0859642762984445,0.1277847350382283,0.7862509886633272,0.7238509644395691,0.7862509886633272,DOWN,UP,1.4699808598854762,0,"(0.7, 0.8]"
2026-08-09 11:10:16,Surat,7,PANIC,0.1480633826385173,0.12114276761333231,0.7307938497481504,0.08834315651604452,0.12786509495743287,0.7837917485265226,0.7307938497481504,0.7837917485265226,DOWN,FLAT,1.3827533109550894,0,"(0.7, 0.8]"
2026-08-10 11:05:10,Mahuva,7,PANIC,0.16762808042489738,0.1371502476203706,0.6952216719547321,0.07193077339102218,0.10600324499729584,0.822065981611682,0.6952216719547321,0.822065981611682,DOWN,UP,1.548341655451721,0,"(0.8, 0.9]"
2026-08-10 11:05:10,Nagpur,7,PANIC,0.17192745610175494,0.1406679186287086,0.6874046252695365,0.07444079928422308,0.10688935281837161,0.8186698478974054,0.6874046252695365,0.8186698478974054,DOWN,DOWN,0.049847390405554415,1,"(0.8, 0.9]"
2026-08-10 11:05:10,Kolkata Sell,7,PANIC,0.16984398828557937,0.13896326314274676,0.6911927485716739,0.07384857400879773,0.10603897806391469,0.8201124479272875,0.6911927485716739,0.8201124479272875,DOWN,FLAT,1.4772043478694306,0,"(0.8, 0.9]"
2026-08-10 11:05:10,Barwala,7,PANIC,0.16779476743369928,0.1372866279002994,0.6949186046660013,0.0744360902255639,0.10879120879120878,0.8167727009832273,0.6949186046660013,0.8167727009832273,DOWN,UP,1.5356217232586293,0,"(0.8, 0.9]"
2026-08-10 11:05:10,Navapur,7,PANIC,0.17051352258468502,0.13951106393292412,0.6899754134823909,0.0769341179847854,0.10963111812831922,0.8134347638868953,0.6899754134823909,0.8134347638868953,DOWN,DOWN,0.052744427898100875,1,"(0.8, 0.9]"
2026-08-10 11:05:10,Metapally,7,PANIC,0.16845252752554343,0.1378247952481719,0.6937226772262847,0.0763144604679872,0.10874810616688177,0.814937433365131,0.6937226772262847,0.814937433365131,DOWN,FLAT,1.464276855437387,0,"(0.8, 0.9]"
2026-08-10 11:05:10,Mysuru,7,PANIC,0.21601354173114262,0.17673835232548032,0.6072481059433771,0.07687594005904963,0.11147011308562196,0.8116539468553284,0.6072481059433771,0.8116539468553284,DOWN,FLAT,1.4541773995458724,0,"(0.8, 0.9]"
2026-08-10 11:05:10,Bhopal,7,PANIC,0.16964113865557814,0.13879729526365484,0.691561566080767,0.07742506359915939,0.1142019688087601,0.8083729675920805,0.691561566080767,0.8083729675920805,DOWN,DOWN,0.0557576497025967,1,"(0.8, 0.9]"
2026-08-10 11:05:10,Gujrat Necc Selling rate,7,PANIC,0.1675937503848902,0.13712215940581923,0.6952840902092906,0.07679619263946351,0.11327438414320867,0.8099294232173279,0.6952840902092906,0.8099294232173279,DOWN,UP,1.5211220266211671,0,"(0.8, 0.9]"
2026-08-10 11:05:10,Nasik,7,PANIC,0.2166361161607565,0.17724773140425532,0.6061161524349882,0.07925257731958764,0.11404639175257733,0.8067010309278351,0.6061161524349882,0.8067010309278351,DOWN,DOWN,0.056652041927941335,1,"(0.8, 0.9]"
2026-08-10 11:05:10,Mumbai,7,PANIC,0.17033380375045082,0.13936402125036884,0.6903021749991803,0.07861420466484555,0.11312775793233872,0.8082580374028157,0.6903021749991803,0.8082580374028157,DOWN,DOWN,0.055743063010504086,1,"(0.8, 0.9]"
2026-08-10 11:05:10,Benglore,7,PANIC,0.16908257212764138,0.13834028628625203,0.6925771415861066,0.0779948586118252,0.11223650385604113,0.8097686375321337,0.6925771415861066,0.8097686375321337,DOWN,UP,1.5184157598747032,0,"(0.8, 0.9]"
2026-08-10 11:05:10,Wankaner,7,PANIC,0.16624728698394511,0.13602050753231873,0.6977322054837362,0.08040842373962985,0.1129546904913848,0.8066368857689853,0.6977322054837362,0.8066368857689853,DOWN,UP,1.5090704947161238,0,"(0.8, 0.9]"
2026-08-10 11:05:10,Hospet,7,PANIC,0.15860318546987662,0.12976624265717177,0.7116305718729516,0.09507978723404255,0.130458312716477,0.7744619000494805,0.7116305718729516,0.7744619000494805,DOWN,FLAT,1.3649341464925984,0,"(0.7, 0.8]"
2026-08-10 11:05:10,Pune,7,PANIC,0.20911086884305152,0.1710907108715876,0.6197984202853609,0.08246694256586251,0.11507015241748259,0.8024629050166548,0.6197984202853609,0.8024629050166548,DOWN,DOWN,0.05906284048800307,1,"(0.8, 0.9]"
2026-08-10 11:05:10,Namakkal,7,PANIC,0.20607822546123475,0.1686094571955557,0.6253123173432096,0.08181571079097581,0.11416145691764067,0.8040228322913835,0.6253123173432096,0.8040228322913835,DOWN,DOWN,0.05813369904088212,1,"(0.8, 0.9]"
2026-08-10 11:05:10,Jabalpur,7,PANIC,0.15860096288866135,0.129764424181632,0.7116346129297066,0.09469048201614876,0.13212625397602154,0.7731832640078298,0.7116346129297066,0.7731832640078298,DOWN,FLAT,1.359983486163945,0,"(0.7, 0.8]"
2026-08-10 11:05:10,Surat,7,PANIC,0.16827338109031892,0.13767822089207912,0.694048398017602,0.08082706766917294,0.11466165413533835,0.8045112781954888,0.694048398017602,0.8045112781954888,DOWN,FLAT,1.4375953982701115,0,"(0.8, 0.9]"
2026-08-10 11:05:10,Davangere,7,PANIC,0.16241823519359158,0.13288764697657493,0.7046941178298335,0.09432535059983964,0.13600399388814088,0.7696706555120194,0.7046941178298335,0.7696706555120194,DOWN,DOWN,0.08044596505157096,1,"(0.7, 0.8]"
2026-08-10 11:05:10,Siddipet,7,PANIC,0.16037546445363163,0.13121628909842586,0.7084082464479425,0.09368750932696614,0.13508431577376512,0.7712281748992688,0.7084082464479425,0.7712281748992688,DOWN,FLAT,1.3516493879828837,0,"(0.7, 0.8]"
2026-08-10 11:05:10,Bilashpur,7,PANIC,0.16229831294832137,0.1327895287758993,0.7049121582757794,0.0937527809913678,0.13735872563851562,0.7688884933701167,0.7049121582757794,0.7688884933701167,DOWN,UP,1.4313409567068847,0,"(0.7, 0.8]"
2026-08-10 11:05:10,Raipur Td,7,PANIC,0.1642555869517172,0.1343909347786777,0.7013534782696051,0.09599622619258211,0.13744914204846984,0.7665546317589481,0.7013534782696051,0.7665546317589481,DOWN,UP,1.4237210931790103,0,"(0.7, 0.8]"
2026-08-10 11:05:10,Anand,7,PANIC,0.16049239835604884,0.13131196229131267,0.7081956393526385,0.09823887944675613,0.13753443122545858,0.7642266893277853,0.7081956393526385,0.7642266893277853,DOWN,UP,1.4161312709948595,0,"(0.7, 0.8]"
2026-08-11 11:11:53,Jabalpur,7,PANIC,0.17819787776893228,0.1457982636291264,0.6760038586019413,0.08526713437668647,0.11677890142894017,0.7979539641943735,0.6760038586019413,0.7979539641943735,DOWN,FLAT,1.424080522139397,0,"(0.7, 0.8]"
2026-08-11 11:11:53,Barwala,7,PANIC,0.23802933712963253,0.1947512758333357,0.5672193870370318,0.09134233518665609,0.12708498808578236,0.7815726767275615,0.5672193870370318,0.7815726767275615,DOWN,DOWN,0.07220451194607724,1,"(0.7, 0.8]"
2026-08-11 11:11:53,Mahuva,7,PANIC,0.23276959571443787,0.19044785103908551,0.5767825532464766,0.09028459273797841,0.1256133464180569,0.7841020608439646,0.5767825532464766,0.7841020608439646,DOWN,UP,1.4581768768280008,0,"(0.7, 0.8]"
2026-08-11 11:11:53,Metapally,7,PANIC,0.1789041148764703,0.14637609398983933,0.6747197911336904,0.08703703703703704,0.11851851851851852,0.7944444444444445,0.6747197911336904,0.7944444444444445,DOWN,FLAT,1.415727023319616,0,"(0.7, 0.8]"
2026-08-11 11:11:53,Mumbai,7,PANIC,0.18112760958348673,0.14819531693194368,0.6706770734845696,0.08752528968180982,0.12104561338973699,0.7914290969284532,0.6706770734845696,0.7914290969284532,DOWN,DOWN,0.06581453846286298,1,"(0.7, 0.8]"
2026-08-11 11:11:53,Benglore,7,PANIC,0.17404719342631508,0.14240224916698505,0.6835505574066999,0.08684874707048856,0.12010996935280331,0.7930412835767081,0.6835505574066999,0.7930412835767081,DOWN,UP,1.4771860929216607,0,"(0.7, 0.8]"
2026-08-11 11:11:53,Anand,7,PANIC,0.2378561536726893,0.19460958027765488,0.5675342660496558,0.09406910778751934,0.12738525012893243,0.7785456420835482,0.5675342660496558,0.7785456420835482,DOWN,UP,1.4430711002225962,0,"(0.7, 0.8]"
2026-08-11 11:11:53,Nagpur,7,PANIC,0.1769611381752238,0.14478638577972855,0.6782524760450477,0.09064770650381135,0.12024695760709671,0.789105335889092,0.6782524760450477,0.789105335889092,DOWN,FLAT,1.4048696534226075,0,"(0.7, 0.8]"
2026-08-11 11:11:53,Hospet,7,PANIC,0.18201655808862321,0.14892263843614625,0.6690608034752306,0.09112242638919638,0.12273632942218286,0.7861412441886207,0.6690608034752306,0.7861412441886207,DOWN,DOWN,0.06910307058827625,1,"(0.7, 0.8]"
2026-08-11 11:11:53,Mysuru,7,PANIC,0.24077244401609646,0.19699563601316983,0.5622319199707337,0.09628023578833256,0.12968358289857038,0.7740361813130971,0.5622319199707337,0.7740361813130971,DOWN,FLAT,1.3658525596614883,0,"(0.7, 0.8]"
2026-08-11 11:11:53,Vij/God,7,PANIC,0.1774015277122493,0.1451467044918403,0.6774517677959104,0.09004237288135593,0.12311916291940506,0.786838464199239,0.6774517677959104,0.786838464199239,DOWN,DOWN,0.06870379753701927,1,"(0.7, 0.8]"
2026-08-11 11:11:53,Namakkal,7,PANIC,0.2446332756111418,0.20015449822729783,0.5552122261615604,0.0969223548343838,0.13252648518170848,0.7705511599839078,0.5552122261615604,0.7705511599839078,DOWN,DOWN,0.07960398232599009,1,"(0.7, 0.8]"
2026-08-11 11:11:53,Gujrat Necc Selling rate,7,PANIC,0.23629694636977078,0.19333386521163062,0.5703691884185986,0.09579667644183774,0.13098729227761485,0.7732160312805475,0.5703691884185986,0.7732160312805475,DOWN,FLAT,1.3622231204295345,0,"(0.7, 0.8]"
2026-08-11 11:11:53,Bilashpur,7,PANIC,0.17540391794073418,0.14351229649696431,0.6810837855623015,0.08878681892882727,0.12321436096245418,0.7879988201087186,0.6810837855623015,0.7879988201087186,DOWN,UP,1.4664333805979646,0,"(0.7, 0.8]"
2026-08-11 11:11:53,Bhopal,7,PANIC,0.17326707227988467,0.14176396822899653,0.6849689594911188,0.09104989953114534,0.12382786336235765,0.7851222371064969,0.6849689594911188,0.7851222371064969,DOWN,FLAT,1.3923846244239133,0,"(0.7, 0.8]"
2026-08-11 11:11:53,Wankaner,7,PANIC,0.2259214692821095,0.18484483850354413,0.5892336922143464,0.09775954357511459,0.13490817013365813,0.7673322862912273,0.5892336922143464,0.7673322862912273,DOWN,UP,1.4210368931635196,0,"(0.7, 0.8]"
2026-08-11 11:11:53,Kolkata Sell,7,PANIC,0.1703601939938415,0.1393856132676885,0.69025419273847,0.09293849658314352,0.12574031890660592,0.7813211845102507,0.69025419273847,0.7813211845102507,DOWN,FLAT,1.3834303474971592,0,"(0.7, 0.8]"
2026-08-11 11:11:53,Surat,7,PANIC,0.1683046449974292,0.13770380045244207,0.6939915545501287,0.093377769548849,0.12816556604743978,0.7784566644037113,0.6939915545501287,0.7784566644037113,DOWN,FLAT,1.3748094664258514,0,"(0.7, 0.8]"
2026-08-11 11:11:53,Pune,7,PANIC,0.2250107781323434,0.18409972756282642,0.5908894943048302,0.09970360093334173,0.13880305227975023,0.7614933467869079,0.5908894943048302,0.7614933467869079,DOWN,DOWN,0.08609251898816028,1,"(0.7, 0.8]"
2026-08-11 11:11:53,Raipur Td,7,PANIC,0.22162848234526766,0.18133239464612808,0.5970391230086043,0.09856432909994478,0.1372170071783545,0.7642186637217007,0.5970391230086043,0.7642186637217007,DOWN,UP,1.4154449418105992,0,"(0.7, 0.8]"
2026-08-11 11:11:53,Siddipet,7,PANIC,0.16695052458971998,0.13659588375522544,0.6964535916550546,0.09504467912266448,0.12977254264825344,0.7751827782290821,0.6964535916550546,0.7751827782290821,DOWN,FLAT,1.3672376582213746,0,"(0.7, 0.8]"
2026-08-11 11:11:53,Navapur,7,PANIC,0.22395195729145853,0.18323341960210243,0.5928146231064391,0.10087293889427741,0.1396702230843841,0.7594568380213386,0.5928146231064391,0.7594568380213386,DOWN,DOWN,0.08754413379230279,1,"(0.7, 0.8]"
2026-08-11 11:11:53,Nasik,7,PANIC,0.17115272586304703,0.14003404843340211,0.6888132257035509,0.09526110238756695,0.13189998792124655,0.7728389096911865,0.6888132257035509,0.7728389096911865,DOWN,DOWN,0.07807444539200842,1,"(0.7, 0.8]"
2026-08-11 11:11:53,Davangere,7,PANIC,0.17757460097250283,0.14528830988659322,0.677137089140904,0.09453050901043313,0.13088839709136893,0.774581093898198,0.677137089140904,0.774581093898198,DOWN,FLAT,1.3642668664687108,0,"(0.7, 0.8]"
2026-08-12 11:02:56,Mahuva,7,CONFLICTED,0.08250000000000002,0.06750000000000002,0.85,0.08706505525282351,0.12222594295107918,0.7907090017960973,0.85,0.7907090017960973,DOWN,UP,1.4736101199921912,0,"(0.7, 0.8]"
2026-08-12 11:02:56,Mysuru,7,CAPITULATION,0.14871704056805868,0.12167757864659347,0.7296053807853479,0.10568997607019409,0.1455729859080032,0.7487370380218026,0.7296053807853479,0.7487370380218026,DOWN,FLAT,1.301823045557546,0,"(0.7, 0.8]"
2026-08-12 11:02:56,Wankaner,7,CONFLICTED,0.08250000000000002,0.06750000000000002,0.85,0.08930613227417705,0.12469158091111512,0.7860022868147079,0.85,0.7860022868147079,DOWN,UP,1.462710905941482,0,"(0.7, 0.8]"
2026-08-12 11:02:56,Mumbai,7,CONFLICTED,0.08250000000000002,0.06750000000000002,0.85,0.09190254389107846,0.1259405231099964,0.7821569329989251,0.85,0.7821569329989251,DOWN,DOWN,0.07176269477530596,1,"(0.7, 0.8]"
2026-08-12 11:02:56,Anand,7,CONFLICTED,0.08249999999999996,0.06749999999999996,0.8500000000000001,0.09103592605510986,0.12475293570515057,0.7842111382397395,0.8500000000000001,0.7842111382397395,DOWN,UP,1.456766092028813,0,"(0.7, 0.8]"
2026-08-12 11:02:56,Metapally,7,CONFLICTED,0.08250000000000002,0.06750000000000002,0.85,0.09360486918395017,0.12594109672022388,0.780454034095826,0.85,0.780454034095826,DOWN,DOWN,0.07282346252283392,1,"(0.7, 0.8]"
2026-08-12 11:02:56,Namakkal,7,CAPITULATION,0.1500338803899346,0.12275499304631012,0.7272111265637553,0.10842178096319796,0.1458765780232118,0.7457016410135904,0.7272111265637553,0.7457016410135904,DOWN,DOWN,0.09770291398617474,1,"(0.7, 0.8]"
2026-08-12 11:02:56,Nasik,7,CONFLICTED,0.08250000000000002,0.06750000000000002,0.85,0.09253028263795424,0.12449528936742933,0.7829744279946164,0.85,0.7829744279946164,DOWN,DOWN,0.0711610291840036,1,"(0.7, 0.8]"
2026-08-12 11:02:56,Siddipet,7,CONFLICTED,0.08250000000000002,0.06750000000000002,0.85,0.09169422504031267,0.12337041187242069,0.7849353630872667,0.85,0.7849353630872667,DOWN,FLAT,1.3930107899114121,0,"(0.7, 0.8]"
2026-08-12 11:02:56,Vij/God,7,CONFLICTED,0.08250000000000002,0.06750000000000002,0.85,0.0925122083559414,0.12615301139446555,0.781334780249593,0.85,0.781334780249593,DOWN,FLAT,1.382651107017534,0,"(0.7, 0.8]"
2026-08-12 11:02:56,Raipur Td,7,CONFLICTED,0.08250000000000002,0.06750000000000002,0.85,0.09331322543290334,0.12894191150728462,0.7777448630598119,0.85,0.7777448630598119,DOWN,UP,1.4435939957339632,0,"(0.7, 0.8]"
2026-08-12 11:02:56,Bhopal,7,CONFLICTED,0.08250000000000007,0.06750000000000006,0.8499999999999999,0.09580838323353293,0.1300256629597947,0.7741659538066724,0.8499999999999999,0.7741659538066724,DOWN,FLAT,1.365367517439763,0,"(0.7, 0.8]"
2026-08-12 11:02:56,Gujrat Necc Selling rate,7,CONFLICTED,0.08250000000000002,0.06750000000000002,0.85,0.09659015523417805,0.13281146344699482,0.7705983813188271,0.85,0.7705983813188271,DOWN,UP,1.4276100977339354,0,"(0.7, 0.8]"
2026-08-12 11:02:56,Barwala,7,CAPITULATION,0.08249999999999996,0.06749999999999996,0.8500000000000001,0.09909387841112632,0.13386366030976715,0.7670424612791065,0.8500000000000001,0.7670424612791065,DOWN,FLAT,1.348365893075663,0,"(0.7, 0.8]"
2026-08-12 11:02:56,Navapur,7,CONFLICTED,0.08250000000000002,0.06750000000000002,0.85,0.09985619035167997,0.13664531311282524,0.7634984965354948,0.85,0.7634984965354948,DOWN,FLAT,1.3382825283335635,0,"(0.7, 0.8]"
2026-08-12 11:02:56,Davangere,7,CONFLICTED,0.08250000000000007,0.06750000000000006,0.8499999999999999,0.10060215946843855,0.13943106312292358,0.7599667774086379,0.8499999999999999,0.7599667774086379,DOWN,FLAT,1.3282491923723247,0,"(0.7, 0.8]"
2026-08-12 11:02:56,Bilashpur,7,CONFLICTED,0.08250000000000002,0.06750000000000002,0.85,0.10133202792878673,0.14222039007549017,0.756447581995723,0.85,0.756447581995723,DOWN,UP,1.4000437076869878,0,"(0.7, 0.8]"
2026-08-12 11:02:56,Kolkata Sell,7,CONFLICTED,0.08250000000000002,0.06750000000000002,0.85,0.10383631713554987,0.1432225063938619,0.7529411764705882,0.85,0.7529411764705882,DOWN,UP,1.3905424480478281,0,"(0.7, 0.8]"
2026-08-12 11:02:56,Surat,7,CAPITULATION,0.08250000000000002,0.06750000000000002,0.85,0.10634948843585772,0.14420269618421386,0.7494478153799283,0.85,0.7494478153799283,DOWN,FLAT,1.3053712668866848,0,"(0.7, 0.8]"
2026-08-12 11:02:56,Jabalpur,7,CONFLICTED,0.08250000000000002,0.06750000000000002,0.85,0.10705645161290324,0.14697580645161293,0.7459677419354839,0.85,0.7459677419354839,DOWN,FLAT,1.295579230619147,0,"(0.7, 0.8]"
2026-08-12 11:02:56,Nagpur,7,CONFLICTED,0.08250000000000002,0.06750000000000002,0.85,0.10774772971755935,0.1497510819803367,0.7425011883021039,0.85,0.7425011883021039,DOWN,DOWN,0.1003405978393983,1,"(0.7, 0.8]"
2026-08-12 11:02:56,Hospet,7,CONFLICTED,0.08250000000000002,0.06750000000000002,0.85,0.10664907909521715,0.14822414382725096,0.7451267770775318,0.85,0.7451267770775318,DOWN,DOWN,0.09830478264806561,1,"(0.7, 0.8]"
2026-08-12 11:02:56,Pune,7,CONFLICTED,0.08250000000000002,0.06750000000000002,0.85,0.10559095139236882,0.14675352566397024,0.7476555229436611,0.85,0.7476555229436611,DOWN,DOWN,0.0963637814115883,1,"(0.7, 0.8]"
2026-08-12 11:02:56,Benglore,7,CONFLICTED,0.08250000000000002,0.06750000000000002,0.85,0.10457089552238806,0.14533582089552238,0.7500932835820896,0.85,0.7500932835820896,DOWN,UP,1.3855557160559144,0,"(0.7, 0.8]"
2026-08-13 11:17:21,Vij/God,7,CONFLICTED,0.15234179005475196,0.12464328277206978,0.7230149271731783,0.11076833385964485,0.1513833896081813,0.7378482765321738,0.7230149271731783,0.7378482765321738,DOWN,FLAT,1.2768398544004407,0,"(0.7, 0.8]"
2026-08-13 11:17:21,Jabalpur,7,CAPITULATION,0.2265856975048689,0.1853882979585291,0.588026004536602,0.10506748565424716,0.1453433551550419,0.749589159190711,0.588026004536602,0.749589159190711,DOWN,FLAT,1.3033610646955833,0,"(0.7, 0.8]"
2026-08-13 11:17:21,Bilashpur,7,CAPITULATION,0.2231375242527542,0.182567065297708,0.5942954104495378,0.10587669108603819,0.14822736752045346,0.7458959413935083,0.5942954104495378,0.7458959413935083,DOWN,UP,1.3777885994126038,0,"(0.7, 0.8]"
2026-08-13 11:17:21,Barwala,7,CAPITULATION,0.2231375242527542,0.182567065297708,0.5942954104495378,0.10844588319579694,0.14933531456470397,0.742218802239499,0.5942954104495378,0.742218802239499,DOWN,FLAT,1.286279667026684,0,"(0.7, 0.8]"
2026-08-13 11:17:21,Kolkata Sell,7,CONFLICTED,0.14575016182399525,0.11925013240145066,0.7349997057745541,0.11145743766122099,0.15530954428202925,0.7332330180567499,0.7349997057745541,0.7332330180567499,DOWN,UP,1.3512595984012647,0,"(0.7, 0.8]"
2026-08-13 11:17:21,Hospet,7,CONFLICTED,0.14893284931215856,0.12185414943722063,0.7292130012506208,0.11339936815601322,0.15546687569776005,0.7311337561462268,0.7292130012506208,0.7311337561462268,DOWN,DOWN,0.10931842322144245,1,"(0.7, 0.8]"
2026-08-13 11:17:21,Namakkal,7,CAPITULATION,0.22591580846576226,0.18484020692653275,0.589243984607705,0.11039539146373396,0.15134852055511916,0.7382560879811468,0.589243984607705,0.7382560879811468,DOWN,DOWN,0.10360339260958754,1,"(0.7, 0.8]"
2026-08-13 11:17:21,Navapur,7,CAPITULATION,0.1563820545453688,0.1279489537189381,0.7156689917356931,0.11248580759191414,0.15421441363407584,0.7332997787740101,0.7156689917356931,0.7332997787740101,DOWN,FLAT,1.2657348805639674,0,"(0.7, 0.8]"
2026-08-13 11:17:21,Metapally,7,CONFLICTED,0.1523417900547519,0.12464328277206972,0.7230149271731784,0.11259604190919674,0.1561816065192084,0.7312223515715949,0.7230149271731784,0.7312223515715949,DOWN,DOWN,0.10931198716324178,1,"(0.7, 0.8]"
2026-08-13 11:17:21,Bhopal,7,CONFLICTED,0.15234179005475196,0.12464328277206978,0.7230149271731783,0.11191078408829618,0.15523108760634632,0.7328581283053577,0.7230149271731783,0.7328581283053577,DOWN,FLAT,1.263239575165246,0,"(0.7, 0.8]"
2026-08-13 11:17:21,Siddipet,7,CONFLICTED,0.1523417900547519,0.12464328277206972,0.7230149271731784,0.11201573434569821,0.157183369162512,0.7308008964917898,0.7230149271731784,0.7308008964917898,DOWN,FLAT,1.2569573482704643,0,"(0.7, 0.8]"
2026-08-13 11:17:21,Mysuru,7,CAPITULATION,0.22774827873492556,0.1863395007831209,0.5859122204819536,0.10779620017134506,0.1530010583077156,0.7392027415209395,0.5859122204819536,0.7392027415209395,DOWN,FLAT,1.2754479210713034,0,"(0.7, 0.8]"
2026-08-13 11:17:21,Raipur Td,7,CAPITULATION,0.22271347347565207,0.18222011466189714,0.5950664118624508,0.10854884698114152,0.15582011905357412,0.7356310339652844,0.5950664118624508,0.7356310339652844,DOWN,UP,1.3601180858533557,0,"(0.7, 0.8]"
2026-08-13 11:17:21,Mahuva,7,CONFLICTED,0.22482491091728055,0.1839476543868659,0.5912274346958536,0.11104766633565044,0.15687686196623632,0.7320754716981132,0.5912274346958536,0.7320754716981132,DOWN,UP,1.3507810976096815,0,"(0.7, 0.8]"
2026-08-13 11:17:21,Nagpur,7,CONFLICTED,0.15623236781319508,0.12782648275625053,0.7159411494305544,0.11446440422492435,0.15917706212528543,0.7263585336497902,0.7159411494305544,0.7263585336497902,DOWN,DOWN,0.11331908904769686,1,"(0.7, 0.8]"
2026-08-13 11:17:21,Gujrat Necc Selling rate,7,CAPITULATION,0.21854139345096432,0.17880659464169807,0.6026520119073376,0.10278195099207375,0.14293115059835257,0.7542868984095735,0.6026520119073376,0.7542868984095735,DOWN,UP,1.3943782663892927,0,"(0.7, 0.8]"
2026-08-13 11:17:21,Pune,7,CONFLICTED,0.15314721678768697,0.1253022682808348,0.7215505149314783,0.11513594898591797,0.15764768399610307,0.7272163670179789,0.7215505149314783,0.7272163670179789,DOWN,DOWN,0.11251998944109308,1,"(0.7, 0.8]"
2026-08-13 11:17:21,Wankaner,7,CONFLICTED,0.22579252267957184,0.1847393367378315,0.5894681405825967,0.11448140900195693,0.1567514677103718,0.7287671232876711,0.5894681405825967,0.7287671232876711,DOWN,UP,1.339815717617503,0,"(0.7, 0.8]"
2026-08-13 11:17:21,Nasik,7,CONFLICTED,0.1523417900547519,0.12464328277206972,0.7230149271731784,0.11579578270582466,0.1561488584972484,0.728055358796927,0.7230149271731784,0.728055358796927,DOWN,FLAT,1.2555580177808736,0,"(0.7, 0.8]"
2026-08-13 11:17:21,Benglore,7,CONFLICTED,0.23083720206363117,0.18886680168842548,0.5802959962479434,0.11656827639601279,0.15895674054001743,0.7244749830639698,0.5802959962479434,0.7244749830639698,DOWN,FLAT,1.2458059284305483,0,"(0.7, 0.8]"
2026-08-13 11:17:21,Anand,7,CONFLICTED,0.23083720206363117,0.18886680168842548,0.5802959962479434,0.11729670012968922,0.16172726836063211,0.7209760315096786,0.5802959962479434,0.7209760315096786,DOWN,UP,1.3251272629447728,0,"(0.7, 0.8]"
2026-08-13 11:17:21,Surat,7,CAPITULATION,0.22165981076713995,0.18135802699129633,0.5969821622415638,0.11979688170504935,0.16270919753969387,0.7174939207552568,0.5969821622415638,0.7174939207552568,DOWN,FLAT,1.2302047070716275,0,"(0.7, 0.8]"
2026-08-13 11:17:21,Davangere,7,CONFLICTED,0.15556124469245727,0.1272773820211014,0.7171613732864414,0.1163992793411119,0.15983184625943722,0.723768874399451,0.7171613732864414,0.723768874399451,DOWN,DOWN,0.11539864606037684,1,"(0.7, 0.8]"
2026-08-13 11:17:21,Mumbai,7,CONFLICTED,0.15282991862155398,0.12504266069036235,0.7221274206880837,0.11572165767751373,0.15890138069151138,0.7253769616309751,0.7221274206880837,0.7253769616309751,DOWN,FLAT,1.2470101259232627,0,"(0.7, 0.8]"
2026-08-14 10:46:30,Vij/God,7,PANIC,0.16606356155830274,0.13587018672952042,0.6980662517121768,0.10544468256094294,0.14636351459951782,0.7481918028395392,0.6980662517121768,0.7481918028395392,DOWN,FLAT,1.2996048041235455,0,"(0.7, 0.8]"
2026-08-14 10:46:30,Navapur,7,PANIC,0.16606356155830282,0.13587018672952048,0.6980662517121767,0.10591563358016474,0.14859805308261917,0.745486313337216,0.6980662517121767,0.745486313337216,DOWN,FLAT,1.291853240024508,0,"(0.7, 0.8]"
2026-08-14 10:46:30,Wankaner,7,PANIC,0.2413396940834795,0.19745974970466504,0.5612005562118555,0.11900532859680285,0.16873889875666076,0.7122557726465365,0.5612005562118555,0.7122557726465365,DOWN,UP,1.3119327126627525,0,"(0.7, 0.8]"
2026-08-14 10:46:30,Barwala,7,PANIC,0.17021334704776073,0.13926546576634968,0.6905211871858896,0.10759493670886075,0.15031645569620253,0.7420886075949367,0.6905211871858896,0.7420886075949367,DOWN,FLAT,1.284234297388239,0,"(0.7, 0.8]"
2026-08-14 10:46:30,Jabalpur,7,PANIC,0.24676141517390285,0.20189570332410234,0.5513428815019948,0.12104679119659702,0.17088958757166636,0.7080636212317366,0.5513428815019948,0.7080636212317366,DOWN,FLAT,1.203430493367874,0,"(0.7, 0.8]"
2026-08-14 10:46:30,Gujrat Necc Selling rate,7,PANIC,0.2422541324407728,0.19820792654245045,0.5595379410167768,0.12172396383164273,0.17363565428925506,0.7046403818791022,0.5595379410167768,0.7046403818791022,DOWN,UP,1.2980362039227862,0,"(0.7, 0.8]"
2026-08-14 10:46:30,Pune,7,PANIC,0.16809971909858298,0.13753613380793153,0.6943641470934855,0.10889655396830562,0.15308645992645864,0.7380169861052357,0.6943641470934855,0.7380169861052357,DOWN,DOWN,0.1039290232483716,1,"(0.7, 0.8]"
2026-08-14 10:46:30,Nagpur,7,PANIC,0.16270089486658282,0.13311891398174958,0.7041801911516676,0.11659248269040552,0.16390537421694693,0.7195021430926475,0.7041801911516676,0.7195021430926475,DOWN,DOWN,0.11913782644672752,1,"(0.7, 0.8]"
2026-08-14 10:46:30,Kolkata Sell,7,PANIC,0.15780450412799993,0.1291127761047272,0.7130827197672729,0.11592741935483872,0.1629704301075269,0.7211021505376344,0.7130827197672729,0.7211021505376344,DOWN,UP,1.3281320004480286,0,"(0.7, 0.8]"
2026-08-14 10:46:30,Mysuru,7,PANIC,0.2396370393010701,0.19606666851905735,0.5642962921798725,0.12511029162236148,0.17336711839098662,0.7015225899866518,0.5642962921798725,0.7015225899866518,DOWN,FLAT,1.1911084502886335,0,"(0.7, 0.8]"
2026-08-14 10:46:30,Namakkal,7,PANIC,0.24862033848968296,0.20341664058246786,0.5479630209278492,0.12577486299523855,0.17608480819333394,0.6981403288114276,0.5479630209278492,0.6981403288114276,DOWN,DOWN,0.13794443692802727,1,"(0.6, 0.7]"
2026-08-14 10:46:30,Mahuva,7,PANIC,0.24459326043735122,0.20012175853965097,0.5552849810229978,0.12437483548302186,0.17412476967623058,0.7015003948407476,0.5552849810229978,0.7015003948407476,DOWN,UP,1.28914166811191,0,"(0.7, 0.8]"
2026-08-14 10:46:30,Metapally,7,PANIC,0.17191650984525197,0.14065896260066071,0.6874245275540873,0.10971994449350324,0.15144443042765235,0.7388356250788445,0.6874245275540873,0.7388356250788445,DOWN,DOWN,0.10318071245517135,1,"(0.7, 0.8]"
2026-08-14 10:46:30,Nasik,7,PANIC,0.16415358584120915,0.13430747932462567,0.7015389348341652,0.11816486535260975,0.16310080006416558,0.7187343345832248,0.7015389348341652,0.7187343345832248,DOWN,UP,1.3208141193889427,0,"(0.7, 0.8]"
2026-08-14 10:46:30,Mumbai,7,PANIC,0.1692987401853222,0.13851715106071816,0.6921841087539596,0.11010534770922795,0.1498656121597825,0.7400290401309895,0.6921841087539596,0.7400290401309895,DOWN,DOWN,0.10216778927741102,1,"(0.7, 0.8]"
2026-08-14 10:46:30,Davangere,7,PANIC,0.24193201457758892,0.19794437556348182,0.5601236098589293,0.12770375497490918,0.1738189998269597,0.6984772451981313,0.5601236098589293,0.6984772451981313,DOWN,DOWN,0.13743726539884413,1,"(0.6, 0.7]"
2026-08-14 10:46:30,Hospet,7,PANIC,0.18033109339627143,0.14754362186967662,0.672125284734052,0.10914051841746249,0.14855237229043505,0.7423071092921024,0.672125284734052,0.7423071092921024,DOWN,DOWN,0.10038508599494093,1,"(0.7, 0.8]"
2026-08-14 10:46:30,Benglore,7,PANIC,0.20824078144854619,0.5372427078921196,0.2545165106593342,0.5369272237196765,0.2990116801437556,0.16406109613656783,0.5372427078921196,0.5369272237196765,UP,DOWN,1.0764926794261076,0,"(0.5, 0.6]"
2026-08-14 10:46:30,Bhopal,7,PANIC,0.18533009570566222,0.15163371466826908,0.6630361896260687,0.10819818479392948,0.14726975152507069,0.7445320636809998,0.6630361896260687,0.7445320636809998,DOWN,FLAT,1.2931837177059042,0,"(0.7, 0.8]"
2026-08-14 10:46:30,Bilashpur,7,PANIC,0.24927044811827312,0.20394854846040528,0.5467810034213216,0.1265166094887457,0.17396033804702535,0.6995230524642289,0.5467810034213216,0.6995230524642289,DOWN,UP,1.2825679336413438,0,"(0.6, 0.7]"
2026-08-14 10:46:30,Siddipet,7,PANIC,0.18154089929958322,0.14853346306329537,0.6699256376371214,0.10978414720452938,0.14888535031847133,0.7413305024769994,0.6699256376371214,0.7413305024769994,DOWN,FLAT,1.2860196197827376,0,"(0.7, 0.8]"
2026-08-14 10:46:30,Raipur Td,7,PANIC,0.1770533828040541,0.14486185865786244,0.6780847585380835,0.11021856081150412,0.15098432987877278,0.7387971093097231,0.6780847585380835,0.7387971093097231,DOWN,UP,1.3603284461176959,0,"(0.7, 0.8]"
2026-08-14 10:46:30,Surat,7,PANIC,0.24414584513967247,0.1997556914779138,0.5560984633824138,0.12977099236641224,0.17536620590055707,0.6948628017330308,0.5560984633824138,0.6948628017330308,DOWN,FLAT,1.179695718062883,0,"(0.6, 0.7]"
2026-08-14 10:46:30,Anand,7,PANIC,0.2364623690392114,0.19346921103208203,0.5700684199287066,0.13038311821348084,0.17795533702110222,0.6916615447654169,0.5700684199287066,0.6916615447654169,DOWN,UP,1.2662973155696857,0,"(0.6, 0.7]"
2026-08-16 10:44:37,Kolkata Sell,7,NORMAL,0.3957362444174985,0.27191869001212565,0.3323450655703758,0.3768844221105528,0.507537688442211,0.11557788944723618,0.3957362444174985,0.507537688442211,FLAT,FLAT,0.39791924446352367,1,"(0.5, 0.6]"
2026-08-16 10:44:37,Jabalpur,7,NORMAL,0.3086708233846331,0.25254885549651795,0.438780321118849,0.1630434782608696,0.2217391304347826,0.6152173913043478,0.438780321118849,0.6152173913043478,DOWN,FLAT,1.010765595463138,0,"(0.6, 0.7]"
2026-08-16 10:44:37,Hospet,7,NORMAL,0.27382275467321654,0.22403679927808626,0.5021404460486972,0.13174898033356217,0.18093526632475873,0.6873157533416792,0.5021404460486972,0.6873157533416792,DOWN,DOWN,0.14786680252722634,1,"(0.6, 0.7]"
2026-08-16 10:44:37,Pune,7,NORMAL,0.30992170648112166,0.2535723053027359,0.4365059882161425,0.16457440293937536,0.2260155133700755,0.609410083690549,0.4365059882161425,0.609410083690549,DOWN,DOWN,0.23072822910941457,1,"(0.6, 0.7]"
2026-08-16 10:44:37,Gujrat Necc Selling rate,7,NORMAL,0.3138553137034132,0.2567907112118835,0.4293539750847033,0.15975214213099675,0.21939294185990224,0.620854916009101,0.4293539750847033,0.620854916009101,DOWN,UP,1.139610552324059,0,"(0.6, 0.7]"
2026-08-16 10:44:37,Navapur,7,NORMAL,0.2690172456779555,0.22010501919105446,0.5108777351309901,0.13142329383560297,0.1781131482245672,0.6904635579398298,0.5108777351309901,0.6904635579398298,DOWN,UP,1.2628897129047887,0,"(0.6, 0.7]"
2026-08-16 10:44:37,Bilashpur,7,NORMAL,0.3045021647528027,0.24913813479774763,0.4463597004494497,0.1651179413867048,0.2208720514653324,0.6140100071479628,0.4463597004494497,0.6140100071479628,DOWN,UP,1.1228208037907197,0,"(0.6, 0.7]"
2026-08-16 10:44:37,Raipur Td,7,NORMAL,0.4020706477419736,0.2690682085161119,0.32886114374191455,0.3727272727272727,0.5127705627705628,0.1145021645021645,0.4020706477419736,0.5127705627705628,FLAT,FLAT,0.38942889001330555,1,"(0.5, 0.6]"
2026-08-16 10:44:37,Surat,7,NORMAL,0.3096870982466103,0.25338035311086293,0.4369325486425268,0.17051955904925808,0.22735941206567745,0.6021210288850644,0.4369325486425268,0.6021210288850644,DOWN,FLAT,0.9886001315674575,0,"(0.6, 0.7]"
2026-08-16 10:44:37,Benglore,7,NORMAL,0.31041404942655554,0.25397513134899996,0.4356108192244446,0.1720667310078588,0.23162829174134836,0.5963049772507927,0.4356108192244446,0.5963049772507927,DOWN,DOWN,0.24622829684722905,1,"(0.5, 0.6]"
2026-08-16 10:44:37,Davangere,7,NORMAL,0.3071301732956195,0.25128832360550685,0.4415815030988737,0.16734533035597007,0.22527256009457508,0.6073821095494549,0.4415815030988737,0.6073821095494549,DOWN,DOWN,0.2329009938253489,1,"(0.6, 0.7]"
2026-08-16 10:44:37,Mahuva,7,NORMAL,0.30834018170427374,0.2522783304853149,0.4393814878104114,0.16302303222839942,0.2194540818459223,0.6175228859256782,0.4393814878104114,0.6175228859256782,DOWN,FLAT,1.0171629540259122,0,"(0.6, 0.7]"
2026-08-16 10:44:37,Bhopal,7,NORMAL,0.31531153166573594,0.25798216227196574,0.4267063060622983,0.16444132115249474,0.22347153900210825,0.6120871398453971,0.4267063060622983,0.6120871398453971,DOWN,FLAT,1.004688065606251,0,"(0.6, 0.7]"
2026-08-16 10:44:37,Metapally,7,NORMAL,0.3100197232465026,0.2536525008380476,0.4363277759154498,0.16581497076979684,0.22746412656882384,0.6067209026613793,0.4363277759154498,0.6067209026613793,DOWN,DOWN,0.23390298181058677,1,"(0.6, 0.7]"
2026-08-16 10:44:37,Nasik,7,NORMAL,0.31394337349699475,0.2568627601339048,0.4291938663691005,0.16176873410291528,0.22191351985912738,0.6163177460379573,0.4291938663691005,0.6163177460379573,DOWN,DOWN,0.22262680563492046,1,"(0.6, 0.7]"
2026-08-16 10:44:37,Mumbai,7,NORMAL,0.31805774605744125,0.2602290649560883,0.4217131889864705,0.15803099088282743,0.21678610287772482,0.6251829062394477,0.4217131889864705,0.6251829062394477,DOWN,DOWN,0.2124578622554264,1,"(0.6, 0.7]"
2026-08-16 10:44:37,Mysuru,7,NORMAL,0.31510854062226984,0.257816078690948,0.4270753806867822,0.15456674473067916,0.21203386777157268,0.6333993874977482,0.4270753806867822,0.6333993874977482,DOWN,FLAT,1.0459762881981889,0,"(0.6, 0.7]"
2026-08-16 10:44:37,Nagpur,7,NORMAL,0.3142304440126504,0.2570976360103503,0.4286719199769994,0.15579968611784847,0.21572264231702096,0.6284776715651306,0.4286719199769994,0.6284776715651306,DOWN,DOWN,0.20883864112832445,1,"(0.6, 0.7]"
2026-08-16 10:44:37,Namakkal,7,NORMAL,0.2805349727600582,0.2295286140764112,0.4899364131635306,0.15254760679361815,0.21121976325270203,0.6362326299536799,0.4899364131635306,0.6362326299536799,DOWN,DOWN,0.2002112602374042,1,"(0.6, 0.7]"
2026-08-16 10:44:37,Anand,7,NORMAL,0.3154980387429094,0.2581347589714713,0.4263672022856193,0.14951417806860995,0.2070196311719215,0.6434661907594685,0.4263672022856193,0.6434661907594685,DOWN,FLAT,1.0652210934407482,0,"(0.6, 0.7]"
2026-08-16 10:44:37,Barwala,7,NORMAL,0.4086376395107098,0.26611306222018055,0.3252492982691096,0.312985179957657,0.5673076923076923,0.11970712773465066,0.4086376395107098,0.5673076923076923,FLAT,DOWN,1.1947132815857848,0,"(0.5, 0.6]"
2026-08-16 10:44:37,Wankaner,7,NORMAL,0.3146080904030005,0.25740661942063675,0.4279852901763628,0.15205666385080255,0.21248944050945484,0.6354538956397426,0.4279852901763628,0.6354538956397426,DOWN,FLAT,1.0470957638142724,0,"(0.6, 0.7]"
2026-08-16 10:44:37,Siddipet,7,NORMAL,0.3186855620218043,0.26074273256329444,0.4205717054149013,0.15313807531380755,0.215963952365626,0.6308979723205664,0.4205717054149013,0.6308979723205664,DOWN,DOWN,0.2063280056692691,1,"(0.6, 0.7]"
2026-08-16 10:44:37,Vij/God,7,NORMAL,0.3062755319211772,0.2505890715718722,0.4431353965069506,0.15020965988507531,0.21183413573536264,0.637956204379562,0.4431353965069506,0.637956204379562,DOWN,FLAT,1.0507564902211903,0,"(0.6, 0.7]"
2026-08-17 11:04:25,Nagpur,7,CONFLICTED,0.3264571739158194,0.26710132411294313,0.4064415019712376,0.15123722762526162,0.21522220854364152,0.6335405638310969,0.4064415019712376,0.6335405638310969,DOWN,DOWN,0.20348581642740826,1,"(0.6, 0.7]"
2026-08-17 11:04:25,Nasik,7,CONFLICTED,0.25995462391776814,0.4223230579605153,0.31772231812171664,0.34189439079515105,0.5529073351140333,0.10519827409081571,0.4223230579605153,0.5529073351140333,FLAT,DOWN,1.2232684243701444,0,"(0.5, 0.6]"
2026-08-17 11:04:25,Benglore,7,CONFLICTED,0.3160455147657059,0.2585826938992139,0.4253717913350802,0.1497297776202711,0.21307699122884735,0.6371932311508816,0.4253717913350802,0.6371932311508816,DOWN,DOWN,0.1994495620200918,1,"(0.6, 0.7]"
2026-08-17 11:04:25,Navapur,7,CONFLICTED,0.23209410380428513,0.18989517583986965,0.5780107203558452,0.1291246605409025,0.18375432461589972,0.6871210148431979,0.5780107203558452,0.6871210148431979,DOWN,UP,1.2643247977321899,0,"(0.6, 0.7]"
2026-08-17 11:04:25,Hospet,7,CONFLICTED,0.31271846467600367,0.25586056200763935,0.431420973316357,0.14848355403673644,0.20862879111490815,0.6428876548483554,0.431420973316357,0.6428876548483554,DOWN,DOWN,0.19310256536115572,1,"(0.6, 0.7]"
2026-08-17 11:04:25,Raipur Td,7,CONFLICTED,0.5622123216699833,0.19700445524850754,0.24078322308150923,0.2699075454816582,0.5958842827318819,0.13420817178645988,0.5622123216699833,0.5958842827318819,FLAT,FLAT,0.2541714294253229,1,"(0.5, 0.6]"
2026-08-17 11:04:25,Anand,7,CONFLICTED,0.257675729024248,0.4273872688350045,0.3149370021407476,0.34981164496728573,0.539488467384839,0.11069988764787522,0.4273872688350045,0.539488467384839,FLAT,FLAT,0.346693523751535,1,"(0.5, 0.6]"
2026-08-17 11:04:25,Namakkal,7,CONFLICTED,0.23618189570141018,0.1932397328466083,0.5705783714519815,0.1315462031107045,0.18649588289112534,0.6819579139981702,0.5705783714519815,0.6819579139981702,DOWN,DOWN,0.15323588635657837,1,"(0.6, 0.7]"
2026-08-17 11:04:25,Bhopal,7,CONFLICTED,0.32238098727196723,0.2637662623134277,0.4138527504146051,0.14647979495010088,0.2076675573976114,0.6458526476522877,0.4138527504146051,0.6458526476522877,DOWN,UP,1.188748197303382,0,"(0.6, 0.7]"
2026-08-17 11:04:25,Barwala,7,CONFLICTED,0.5530384165380513,0.20113271255787693,0.2458288709040718,0.2658861902265712,0.6001514357271828,0.13396237404624614,0.5530384165380513,0.6001514357271828,FLAT,UP,0.9170507491655632,0,"(0.6, 0.7]"
2026-08-17 11:04:25,Jabalpur,7,CONFLICTED,0.3181954834769557,0.2603417592084183,0.421462757314626,0.14903612506074843,0.2086505750850478,0.6423132998542038,0.421462757314626,0.6423132998542038,DOWN,UP,1.1802409541045438,0,"(0.6, 0.7]"
2026-08-17 11:04:25,Pune,7,CONFLICTED,0.23696214955841366,0.19387812236597482,0.5691597280756115,0.13341480261410127,0.18447478879974497,0.6821104085861538,0.5691597280756115,0.6821104085861538,DOWN,DOWN,0.1528842495885322,1,"(0.6, 0.7]"
2026-08-17 11:04:25,Bilashpur,7,CONFLICTED,0.2577503807396932,0.4272213761340152,0.3150282431262917,0.34136062612883805,0.5532811559301626,0.1053582179409994,0.4272213761340152,0.5532811559301626,FLAT,FLAT,0.3271851568058672,1,"(0.5, 0.6]"
2026-08-17 11:04:25,Mumbai,7,CONFLICTED,0.25896655446835426,0.4245187678481016,0.31651467768354413,0.32570651866115424,0.5737667780483662,0.10052670329047972,0.4245187678481016,0.5737667780483662,FLAT,DOWN,1.2443452633838645,0,"(0.5, 0.6]"
2026-08-17 11:04:25,Wankaner,7,CONFLICTED,0.3184248574695166,0.2605294288386954,0.421045713691788,0.15390299255818865,0.21280413785823615,0.6332928695835752,0.421045713691788,0.6332928695835752,DOWN,FLAT,1.04442331515688,0,"(0.6, 0.7]"
2026-08-17 11:04:25,Davangere,7,CONFLICTED,0.32288395491876837,0.2641777812971741,0.4129382637840575,0.15474196587459438,0.2158745943682613,0.6293834397571444,0.4129382637840575,0.6293834397571444,DOWN,DOWN,0.2079035512226417,1,"(0.6, 0.7]"
2026-08-17 11:04:25,Mahuva,7,CONFLICTED,0.25565647226967125,0.4318745060673972,0.31246902166293156,0.3308860060723158,0.5629036709908916,0.10621032293679271,0.4318745060673972,0.5629036709908916,FLAT,FLAT,0.3118193825460651,1,"(0.5, 0.6]"
2026-08-17 11:04:25,Gujrat Necc Selling rate,7,CONFLICTED,0.2593507857414082,0.4236649205746486,0.3169842936839433,0.31685182287591923,0.5814426537318104,0.10170552339227037,0.4236649205746486,0.5814426537318104,FLAT,UP,0.8151110049751401,0,"(0.5, 0.6]"
2026-08-17 11:04:25,Kolkata Sell,7,CONFLICTED,0.5549338822548264,0.2002797529853281,0.2447863647598455,0.2994853098863392,0.569483165344199,0.13103152476946173,0.5549338822548264,0.569483165344199,FLAT,UP,0.8322011671588965,0,"(0.5, 0.6]"
2026-08-17 11:04:25,Siddipet,7,CONFLICTED,0.2569171856620673,0.4290729207509616,0.3140098935869711,0.321170892599464,0.5769944341372912,0.10183467326324469,0.4290729207509616,0.5769944341372912,FLAT,FLAT,0.2924547516825987,1,"(0.5, 0.6]"
2026-08-17 11:04:25,Metapally,7,CONFLICTED,0.2560937363205357,0.4309028081765874,0.313003455502877,0.30843632455668996,0.5937667920472863,0.09779688339602363,0.4309028081765874,0.5937667920472863,FLAT,FLAT,0.26972261595156793,1,"(0.5, 0.6]"
2026-08-17 11:04:25,Surat,7,CONFLICTED,0.2552846067482501,0.4327008738927775,0.31201451935897234,0.2969083650543125,0.6089499582211493,0.0941416767245381,0.4327008738927775,0.6089499582211493,FLAT,FLAT,0.24993736771097322,1,"(0.6, 0.7]"
2026-08-17 11:04:25,Vij/God,7,CONFLICTED,0.31005942429784045,0.2536849835164149,0.4362555921857447,0.15893812257716278,0.2190244859904804,0.6220373914323568,0.4362555921857447,0.6220373914323568,DOWN,FLAT,1.0221145966307577,0,"(0.6, 0.7]"
2026-08-17 11:04:25,Mysuru,7,CONFLICTED,0.3160773367357597,0.2586087300565307,0.4253139332077096,0.15966120670771777,0.22196801908146127,0.618370774210821,0.4253139332077096,0.618370774210821,DOWN,FLAT,1.0132078786574803,0,"(0.6, 0.7]"
2026-08-18 11:19:16,Mumbai,7,PANIC,0.278519412824769,0.22787951958390187,0.4936010675913291,0.16036505867014342,0.22490221642764016,0.6147327249022164,0.4936010675913291,0.6147327249022164,DOWN,FLAT,1.0043898492067673,0,"(0.6, 0.7]"
2026-08-18 11:19:16,Mysuru,7,PANIC,0.28015929767384884,0.22922124355133083,0.4906194587748204,0.16105003472970708,0.2278268783981222,0.6111230868721708,0.4906194587748204,0.6111230868721708,DOWN,UP,1.1292135580558293,0,"(0.6, 0.7]"
2026-08-18 11:19:16,Nagpur,7,PANIC,0.2834522462015971,0.23191547416494304,0.4846322796334599,0.16368863755167992,0.22876966212042013,0.6075417003279001,0.4846322796334599,0.6075417003279001,DOWN,FLAT,0.9906971217666922,0,"(0.6, 0.7]"
2026-08-18 11:19:16,Namakkal,7,PANIC,0.18559916780446561,0.15185386456729003,0.6625469676282444,0.11103678929765885,0.15652173913043477,0.7324414715719062,0.6625469676282444,0.7324414715719062,DOWN,DOWN,0.10841578953255565,1,"(0.7, 0.8]"
2026-08-18 11:19:16,Raipur Td,7,PANIC,0.289077067525183,0.23651760070242242,0.4744053317723947,0.16413588530263437,0.2313722720531111,0.6044918426442546,0.4744053317723947,0.6044918426442546,DOWN,UP,1.117612334337276,0,"(0.6, 0.7]"
2026-08-18 11:19:16,Navapur,7,PANIC,0.28255517619979714,0.231181507799834,0.4862633160003689,0.16676008968609868,0.23227298206278027,0.6009669282511211,0.4862633160003689,0.6009669282511211,DOWN,UP,1.1094007351878432,0,"(0.6, 0.7]"
2026-08-18 11:19:16,Surat,7,PANIC,0.2857999737859521,0.23383634218850627,0.4803636840255417,0.1693815603494219,0.23314873601038072,0.5974697036401975,0.4803636840255417,0.5974697036401975,DOWN,FLAT,0.973721020836787,0,"(0.5, 0.6]"
2026-08-18 11:19:16,Pune,7,PANIC,0.1876166084161763,0.15350449779505332,0.6588788937887704,0.11199367565125734,0.15547357325703962,0.7325327510917031,0.6588788937887704,0.7325327510917031,DOWN,FLAT,1.262371700275091,0,"(0.7, 0.8]"
2026-08-18 11:19:16,Metapally,7,PANIC,0.27690105919389396,0.2265554120677314,0.4965435287383747,0.16945074585825257,0.23723104420155358,0.5933182099401938,0.4965435287383747,0.5933182099401938,DOWN,FLAT,0.9625565334484063,0,"(0.5, 0.6]"
2026-08-18 11:19:16,Nasik,7,PANIC,0.18099832064139126,0.1480895350702292,0.6709121442883795,0.11213301639058629,0.1583054349043571,0.7295615487050565,0.6709121442883795,0.7295615487050565,DOWN,UP,1.3456284446528572,0,"(0.7, 0.8]"
2026-08-18 11:19:16,Mahuva,7,PANIC,0.27202993182073393,0.22256994421696413,0.5054001239623019,0.13398055068138212,0.18694960560192853,0.6790698437166893,0.5054001239623019,0.6790698437166893,DOWN,UP,1.2460756942782476,0,"(0.6, 0.7]"
2026-08-18 11:19:16,Davangere,7,PANIC,0.258923859452479,0.21184679409748278,0.5292293464500383,0.13609920641387066,0.18772304332947673,0.6761777502566526,0.5292293464500383,0.6761777502566526,DOWN,DOWN,0.1586237844122088,1,"(0.6, 0.7]"
2026-08-18 11:19:16,Vij/God,7,PANIC,0.2655034335489202,0.21723008199457106,0.5172664844565088,0.13475018761875868,0.18586232775001196,0.6793874846312293,0.5172664844565088,0.6793874846312293,DOWN,UP,1.244769396975975,0,"(0.6, 0.7]"
2026-08-18 11:19:16,Jabalpur,7,PANIC,0.17081596860583895,0.1397585197684137,0.6894255116257474,0.1157254347692497,0.15780741104897686,0.7264671541817735,0.6894255116257474,0.7264671541817735,DOWN,UP,1.334599211800978,0,"(0.7, 0.8]"
2026-08-18 11:19:16,Kolkata Sell,7,PANIC,0.25895179565358484,0.2118696509892967,0.5291785533571185,0.13799322849096604,0.18605828560579693,0.6759484859032371,0.5291785533571185,0.6759484859032371,DOWN,UP,1.2345797153648748,0,"(0.6, 0.7]"
2026-08-18 11:19:16,Gujrat Necc Selling rate,7,PANIC,0.25395156241109107,0.20777855106361998,0.538269886525289,0.14008993427879626,0.18678657903839505,0.6731234866828087,0.538269886525289,0.6731234866828087,DOWN,UP,1.227429775561533,0,"(0.6, 0.7]"
2026-08-18 11:19:16,Anand,7,PANIC,0.25723819027107403,0.2104676102217878,0.5322941995071382,0.1421875,0.1875,0.6703125,0.5322941995071382,0.6703125,DOWN,FLAT,1.1296923828124998,0,"(0.6, 0.7]"
2026-08-18 11:19:16,Bilashpur,7,PANIC,0.25217415324465087,0.20632430720016887,0.5415015395551803,0.14271739130434782,0.18976708074534163,0.6675155279503105,0.5415015395551803,0.6675155279503105,DOWN,UP,1.2165219961614135,0,"(0.6, 0.7]"
2026-08-18 11:19:16,Barwala,7,PANIC,0.16564476651289836,0.13552753623782593,0.6988276972492757,0.12011169807671386,0.15797299420959104,0.721915307713695,0.6988276972492757,0.721915307713695,DOWN,UP,1.3203206022723464,0,"(0.7, 0.8]"
2026-08-18 11:19:16,Bhopal,7,PANIC,0.2471288292173915,0.20219631481422937,0.5506748559683792,0.14595642540620382,0.18990029542097486,0.6641432791728212,0.5506748559683792,0.6641432791728212,DOWN,UP,1.2065388447763508,0,"(0.6, 0.7]"
2026-08-18 11:19:16,Benglore,7,PANIC,0.2514926632190535,0.20576672445195288,0.5427406123289936,0.14804960472192913,0.1905744911846109,0.6613759040934598,0.5427406123289936,0.6613759040934598,DOWN,DOWN,0.17290360047711453,1,"(0.6, 0.7]"
2026-08-18 11:19:16,Hospet,7,PANIC,0.293990009717476,0.24053728067793492,0.4654727096045891,0.18174228276392396,0.23394485334505108,0.5843128638910249,0.4654727096045891,0.5843128638910249,DOWN,DOWN,0.2605562468773611,1,"(0.5, 0.6]"
2026-08-18 11:19:16,Siddipet,7,PANIC,0.27040122313739906,0.22123736438514469,0.5083614124774563,0.14640209659303632,0.18845376263571698,0.6651441407712467,0.5083614124774563,0.6651441407712467,DOWN,FLAT,1.122457597269282,0,"(0.6, 0.7]"
2026-08-18 11:19:16,Wankaner,7,PANIC,0.28588038695096113,0.23390213477805907,0.4802174782709799,0.17831869724614205,0.23143490493648228,0.5902463978173758,0.4802174782709799,0.5902463978173758,DOWN,UP,1.0771130886546236,0,"(0.5, 0.6]"
