date,datetime,market,horizon,regime,direction,actual_change,correct,brier,confidence,w_momentum,w_crowd,w_supply_demand,w_cross_market,w_historical_probability
2026-07-28,2026-07-28 11:06:02,Anand,1,PANIC,DOWN,-65.0,1,0.28579999999999994,0.5700000000000001,0.2,0.2,0.2,0.2,0.2
2026-07-28,2026-07-28 11:06:02,Namakkal,1,PANIC,DOWN,-20.0,1,0.27881876710372444,0.5749508840864439,0.19646365422396853,0.2023575638506876,0.19646365422396853,0.2023575638506876,0.2023575638506876
2026-07-28,2026-07-28 11:06:02,Barwala,1,PANIC,DOWN,-45.0,1,0.2723678193203226,0.579588781797462,0.19315087014467,0.20456608657022,0.19315087014467,0.20456608657022,0.20456608657022
2026-07-28,2026-07-28 11:06:02,Nagpur,1,PANIC,DOWN,-15.0,1,0.2663931562993854,0.5839405064366442,0.19004249540239693,0.206638336398402,0.19004249540239693,0.206638336398402,0.206638336398402
2026-07-28,2026-07-28 11:06:02,Wankaner,1,PANIC,DOWN,-60.0,1,0.260847680924045,0.5880299116211908,0.18712149169914938,0.2085856722005671,0.18712149169914938,0.2085856722005671,0.2085856722005671
2026-07-28,2026-07-28 11:06:02,Mumbai,1,PANIC,DOWN,-15.0,1,0.2556901486847379,0.5918782889957952,0.18437265071728912,0.21041823285514055,0.18437265071728912,0.21041823285514055,0.21041823285514055
2026-07-28,2026-07-28 11:06:02,Metapally,1,PANIC,DOWN,-10.0,1,0.25088430085803526,0.5955047034796739,0.18178235465737586,0.21214509689508282,0.18178235465737586,0.21214509689508282,0.21214509689508282
2026-07-28,2026-07-28 11:06:02,Nasik,1,PANIC,DOWN,0.0,0,0.9421032542045904,0.5989262772012197,0.17933837342770018,0.21377441771486658,0.17933837342770018,0.21377441771486658,0.21377441771486658
2026-07-28,2026-07-28 11:06:02,Mahuva,1,PANIC,DOWN,-55.0,1,0.25287076529332314,0.5940009325592267,0.18285647674340946,0.21142901550439372,0.18285647674340946,0.21142901550439372,0.21142901550439372
2026-07-28,2026-07-28 11:06:02,Jabalpur,1,PANIC,DOWN,-20.0,1,0.24825341039647333,0.597506938702151,0.18035218664132066,0.21309854223911956,0.18035218664132066,0.21309854223911956,0.21309854223911956
2026-07-28,2026-07-28 11:06:02,Hospet,1,PANIC,DOWN,-30.0,1,0.24393895798807483,0.6008172136062165,0.17798770456698818,0.2146748636220079,0.17798770456698818,0.2146748636220079,0.2146748636220079
2026-07-28,2026-07-28 11:06:02,Benglore,1,PANIC,DOWN,-40.0,1,0.23990096850086856,0.6039462907075605,0.1757526494945997,0.21616490033693356,0.1757526494945997,0.21616490033693356,0.21616490033693356
2026-07-28,2026-07-28 11:06:02,Gujrat Necc Selling rate,1,PANIC,DOWN,-50.0,1,0.23611591352134562,0.6069073141980897,0.17363763271565025,0.21757491152289987,0.17363763271565025,0.21757491152289987,0.21757491152289987
2026-07-28,2026-07-28 11:06:02,Davangere,1,PANIC,DOWN,-10.0,1,0.23256279198589264,0.6097122013256042,0.17163414191028264,0.21891057205981151,0.17163414191028264,0.21891057205981151,0.21891057205981151
2026-07-28,2026-07-28 11:06:02,Bilashpur,1,PANIC,DOWN,-25.0,1,0.22922280481674323,0.6123717824501895,0.16973444110700747,0.22017703926199503,0.16973444110700747,0.22017703926199503,0.22017703926199503
2026-07-28,2026-07-28 11:06:02,Kolkata,1,PANIC,DOWN,0.0,0,0.9856627673064823,0.6148959223341164,0.16793148404705976,0.22137901063529353,0.16793148404705976,0.22137901063529353,0.22137901063529353
2026-07-28,2026-07-28 11:06:02,Navapur,1,PANIC,DOWN,-30.0,1,0.2320532925811441,0.6101164559863884,0.1713453885811511,0.2191030742792326,0.1713453885811511,0.2191030742792326,0.2191030742792326
2026-07-28,2026-07-28 11:06:02,Mysuru,1,PANIC,DOWN,-60.0,1,0.22874350108118346,0.6127553034227935,0.16946049755514744,0.22035966829656833,0.16946049755514744,0.22035966829656833,0.22035966829656833
2026-07-28,2026-07-28 11:06:02,Bhopal,1,PANIC,DOWN,-20.0,1,0.22562761120251165,0.6152601000819303,0.16767135708433556,0.221552428610443,0.16767135708433556,0.221552428610443,0.221552428610443
2026-07-28,2026-07-28 11:06:02,Surat,1,PANIC,DOWN,-60.0,1,0.22269067015742267,0.6176397308064828,0.1659716208525123,0.22268558609832514,0.1659716208525123,0.22268558609832514,0.22268558609832514
2026-07-28,2026-07-28 11:06:02,Vij/God,1,PANIC,DOWN,0.0,0,0.9995284818493986,0.6199023247368649,0.16435548233081074,0.22376301177945948,0.16435548233081074,0.22376301177945948,0.22376301177945948
2026-07-28,2026-07-28 11:06:02,Raipur,1,PANIC,DOWN,-35.0,1,0.2257352603067603,0.6151732255705131,0.16773341030677633,0.2215110597954824,0.16773341030677633,0.2215110597954824,0.2215110597954824
2026-07-28,2026-07-28 11:06:02,Pune,1,PANIC,DOWN,-30.0,1,0.22279219531381375,0.6175571635947474,0.16603059743232318,0.22264626837845117,0.16603059743232318,0.22264626837845117,0.22264626837845117
2026-07-28,2026-07-28 11:06:02,Siddipet,1,PANIC,DOWN,-20.0,1,0.22001504099145824,0.6198237877951017,0.16441158014635585,0.22372561323576273,0.16441158014635585,0.22372561323576273,0.22372561323576273
2026-07-29,2026-07-29 10:53:12,Davangere,1,CONFLICTED,DOWN,-20.0,1,0.045000000000000005,0.85,0.16287101913258092,0.22475265391161275,0.16287101913258092,0.22475265391161275,0.22475265391161275
2026-07-29,2026-07-29 10:53:12,Vij/God,1,CAPITULATION,DOWN,-30.0,1,0.1061447852906992,0.7347438761948788,0.16465160543588736,0.22356559637607507,0.16465160543588736,0.22356559637607507,0.22356559637607507
2026-07-29,2026-07-29 10:53:12,Gujrat Necc Selling rate,1,CONFLICTED,DOWN,-10.0,1,0.045000000000000005,0.85,0.16465160543588736,0.22356559637607507,0.16465160543588736,0.22356559637607507,0.22356559637607507
2026-07-29,2026-07-29 10:53:12,Benglore,1,CONFLICTED,DOWN,0.0,0,1.7449999999999999,0.85,0.16631689728020985,0.2224554018131934,0.16631689728020985,0.2224554018131934,0.2224554018131934
2026-07-29,2026-07-29 10:53:12,Anand,1,CONFLICTED,DOWN,-15.0,1,0.045000000000000005,0.85,0.16631689728020985,0.22245540181319343,0.16631689728020985,0.22245540181319343,0.22245540181319343
2026-07-29,2026-07-29 10:53:12,Wankaner,1,CONFLICTED,DOWN,-15.0,1,0.045000000000000005,0.85,0.167922991615144,0.22138467225657063,0.167922991615144,0.22138467225657063,0.22138467225657063
2026-07-29,2026-07-29 10:53:12,Hospet,1,CONFLICTED,DOWN,-10.0,1,0.045000000000000005,0.85,0.16942592770890463,0.22038271486073027,0.16942592770890463,0.22038271486073027,0.22038271486073027
2026-07-29,2026-07-29 10:53:12,Surat,1,CONFLICTED,DOWN,-20.0,1,0.045000000000000005,0.85,0.17083470176221704,0.21944353215852197,0.17083470176221704,0.21944353215852197,0.21944353215852197
2026-07-29,2026-07-29 10:53:12,Jabalpur,1,CONFLICTED,DOWN,-10.0,1,0.04500000000000004,0.8499999999999999,0.1721572992153427,0.21856180052310484,0.1721572992153427,0.21856180052310484,0.21856180052310484
2026-07-29,2026-07-29 10:53:12,Kolkata,1,CAPITULATION,DOWN,-30.0,1,0.10493483657836183,0.7363404699221878,0.16237075725401734,0.2235083680569303,0.16710413857519166,0.2235083680569303,0.2235083680569303
2026-07-29,2026-07-29 10:53:12,Mahuva,1,CONFLICTED,DOWN,-20.0,1,0.045000000000000005,0.85,0.17340083292713065,0.21773277804857954,0.17340083292713065,0.21773277804857954,0.21773277804857954
2026-07-29,2026-07-29 10:53:12,Siddipet,1,CONFLICTED,DOWN,-10.0,1,0.04500000000000004,0.8499999999999999,0.17457165928498494,0.21695222714334333,0.17457165928498494,0.21695222714334333,0.21695222714334333
2026-07-29,2026-07-29 10:53:12,Metapally,1,CONFLICTED,DOWN,-20.0,1,0.045000000000000005,0.85,0.1756754762512813,0.21621634916581248,0.1756754762512813,0.21621634916581248,0.21621634916581248
2026-07-29,2026-07-29 10:53:12,Bilashpur,1,CONFLICTED,DOWN,-25.0,1,0.045000000000000005,0.85,0.17671740654190846,0.215521728972061,0.17671740654190846,0.215521728972061,0.215521728972061
2026-07-29,2026-07-29 10:53:12,Navapur,1,CONFLICTED,DOWN,-35.0,1,0.045000000000000005,0.85,0.17770206850242093,0.2148652876650527,0.17770206850242093,0.2148652876650527,0.2148652876650527
2026-07-29,2026-07-29 10:53:12,Pune,1,CONFLICTED,DOWN,-10.0,1,0.045000000000000005,0.85,0.17863363675354377,0.21424424216430416,0.17863363675354377,0.21424424216430416,0.21424424216430416
2026-07-29,2026-07-29 10:53:12,Mumbai,1,CONFLICTED,DOWN,-10.0,1,0.045000000000000005,0.85,0.17951589428841713,0.2136560704743886,0.17951589428841713,0.2136560704743886,0.2136560704743886
2026-07-29,2026-07-29 10:53:12,Barwala,1,CONFLICTED,DOWN,-5.0,0,1.7449999999999999,0.85,0.18035227739504475,0.21309848173663684,0.18035227739504475,0.21309848173663684,0.21309848173663684
2026-07-29,2026-07-29 10:53:12,Nasik,1,CAPITULATION,DOWN,-30.0,1,0.1038002247907468,0.7378500269960655,0.160214247148478,0.22345425948033165,0.16942297441052714,0.22345425948033165,0.22345425948033165
2026-07-29,2026-07-29 10:53:12,Bhopal,1,CONFLICTED,DOWN,-10.0,1,0.045000000000000005,0.85,0.18035227739504475,0.21309848173663684,0.18035227739504475,0.21309848173663684,0.21309848173663684
2026-07-29,2026-07-29 10:53:12,Nagpur,1,CONFLICTED,DOWN,-5.0,0,1.7449999999999999,0.85,0.18116943914664946,0.21255370723556702,0.18116943914664946,0.21255370723556702,0.21255370723556702
2026-07-29,2026-07-29 10:53:12,Mysuru,1,CONFLICTED,DOWN,20.0,0,1.4449999999999998,0.85,0.18116943914664946,0.21255370723556705,0.18116943914664946,0.21255370723556705,0.21255370723556705
2026-07-29,2026-07-29 10:53:12,Namakkal,1,CONFLICTED,DOWN,-10.0,1,0.04500000000000004,0.8499999999999999,0.18116943914664943,0.21255370723556702,0.18116943914664943,0.21255370723556702,0.21255370723556702
2026-07-29,2026-07-29 10:53:12,Raipur,1,CONFLICTED,DOWN,-25.0,1,0.04500000000000004,0.8499999999999999,0.18199015095594964,0.21200656602936688,0.18199015095594964,0.21200656602936688,0.21200656602936688
2026-07-30,2026-07-30 10:55:48,Namakkal,1,PANIC,DOWN,0.0,0,1.6113828307458906,0.7359902866071933,0.16287101913258092,0.22475265391161275,0.16287101913258092,0.22475265391161275,0.22475265391161275
2026-07-30,2026-07-30 10:55:48,Wankaner,1,PANIC,DOWN,-10.0,1,0.13940225753150381,0.7359902866071933,0.16287101913258087,0.2247526539116127,0.16287101913258087,0.2247526539116127,0.2247526539116127
2026-07-30,2026-07-30 10:55:48,Vij/God,1,PANIC,DOWN,0.0,0,1.6157168836053963,0.7405378178222675,0.16634635249182766,0.22575970051332767,0.15637454596818925,0.22575970051332767,0.22575970051332767
2026-07-30,2026-07-30 10:55:48,Bilashpur,1,PANIC,DOWN,0.0,0,1.6157168836053968,0.7405378178222676,0.16634635249182772,0.2257597005133277,0.1563745459681893,0.2257597005133277,0.2257597005133277
2026-07-30,2026-07-30 10:55:48,Nasik,1,PANIC,DOWN,-10.0,1,0.13464124796086166,0.7405378178222676,0.1663463524918277,0.2257597005133277,0.15637454596818928,0.2257597005133277,0.2257597005133277
2026-07-30,2026-07-30 10:55:48,Bhopal,1,PANIC,DOWN,-20.0,1,0.12992619640940625,0.7451214049695363,0.16984924066664986,0.22677473166803871,0.14982656432923389,0.22677473166803871,0.22677473166803871
2026-07-30,2026-07-30 10:55:48,Davangere,1,PANIC,DOWN,-10.0,1,0.12553905289613942,0.7494615270101821,0.17316606691757483,0.2277358476989903,0.1436263899854542,0.2277358476989903,0.2277358476989903
2026-07-30,2026-07-30 10:55:48,Gujrat Necc Selling rate,1,PANIC,DOWN,-20.0,1,0.12145034326221574,0.7535752211503318,0.17630985148965447,0.228646821479797,0.13774968407095456,0.228646821479797,0.228646821479797
2026-07-30,2026-07-30 10:55:48,Surat,1,PANIC,DOWN,-25.0,1,0.11763384892781359,0.7574779917947512,0.17929244322406182,0.22951108644662283,0.13217429743606987,0.22951108644662283,0.22951108644662283
2026-07-30,2026-07-30 10:55:48,Nagpur,1,PANIC,DOWN,-25.0,1,0.11406618345167828,0.7611839793358931,0.18212464855076538,0.23033177397636065,0.12688002952015276,0.23033177397636065,0.23033177397636065
2026-07-30,2026-07-30 10:55:48,Hospet,1,PANIC,DOWN,0.0,0,1.640138646278293,0.7647061071058744,0.18481634379278386,0.23111174592901224,0.12184841842017935,0.23111174592901224,0.23111174592901224
2026-07-30,2026-07-30 10:55:48,Jabalpur,1,PANIC,DOWN,-20.0,1,0.11072643206654444,0.7647061071058745,0.1848163437927839,0.23111174592901224,0.12184841842017935,0.23111174592901224,0.23111174592901224
2026-07-30,2026-07-30 10:55:48,Mysuru,1,PANIC,FLAT,0.0,1,1.5012876903393528,0.5253741043127919,0.18745255324609533,0.23187563977657727,0.1169205274241729,0.23187563977657727,0.23187563977657727
2026-07-30,2026-07-30 10:55:48,Kolkata,1,PANIC,DOWN,0.0,0,1.6438148846627945,0.768155630803079,0.1874525532460953,0.2318756397765773,0.1169205274241729,0.2318756397765773,0.2318756397765773
2026-07-30,2026-07-30 10:55:48,Siddipet,1,PANIC,DOWN,-30.0,1,0.10750362305663645,0.7681556308030789,0.18745255324609533,0.2318756397765773,0.11692052742417292,0.2318756397765773,0.2318756397765773
2026-07-30,2026-07-30 10:55:48,Navapur,1,PANIC,DOWN,-30.0,1,0.10430711391780956,0.7716284672755713,0.1901065788862173,0.2326446962167711,0.11195933246346944,0.2326446962167711,0.2326446962167711
2026-07-30,2026-07-30 10:55:48,Raipur,1,PANIC,DOWN,-25.0,1,0.10132821758035698,0.7749131083555097,0.19261678105490676,0.23337207696051193,0.1072669880635575,0.23337207696051193,0.23337207696051193
2026-07-30,2026-07-30 10:55:48,Mumbai,1,PANIC,DOWN,-20.0,1,0.09854753848214917,0.7780230434457789,0.19499346868015663,0.23406076922365202,0.10282422364888744,0.23406076922365202,0.23406076922365202
2026-07-30,2026-07-30 10:55:48,Pune,1,PANIC,DOWN,-20.0,1,0.0959478278904122,0.7809705180912714,0.1972460001035934,0.23471348477083617,0.09861354558389816,0.23471348477083617,0.23471348477083617
2026-07-30,2026-07-30 10:55:48,Mahuva,1,PANIC,DOWN,-10.0,1,0.09351370230259314,0.7837666742814684,0.1993828903031031,0.23533269098537918,0.09461903674075936,0.23533269098537918,0.23533269098537918
2026-07-30,2026-07-30 10:55:48,Metapally,1,PANIC,DOWN,-30.0,1,0.09123140423644144,0.786421672171026,0.2014119039146476,0.23592063782417744,0.0908261826128202,0.23592063782417744,0.23592063782417744
2026-07-30,2026-07-30 10:55:48,Anand,1,PANIC,DOWN,-20.0,1,0.0890885982476732,0.7889447960275876,0.20334013620014654,0.23647938127975476,0.0872217199605892,0.23647938127975476,0.23647938127975476
2026-07-30,2026-07-30 10:55:48,Barwala,1,PANIC,DOWN,0.0,0,1.6697632898313834,0.7913445467409537,0.2051740837452216,0.23701080386633266,0.08379350465578045,0.23701080386633266,0.23701080386633266
2026-07-30,2026-07-30 10:55:48,Benglore,1,PANIC,DOWN,-60.0,1,0.18826364091456982,0.6477226881192985,0.2051740837452216,0.23701080386633264,0.08379350465578043,0.23701080386633264,0.23701080386633264
2026-07-31,2026-07-31 11:25:15,Bilashpur,1,PANIC,DOWN,-70.0,1,0.08535645692484156,0.7934129034464621,0.2029766126595685,0.23872822599274482,0.08083870936219696,0.23872822599274482,0.23872822599274482
2026-07-31,2026-07-31 11:25:15,Hospet,1,PANIC,DOWN,-20.0,1,0.08350138840197302,0.7956701338497318,0.20485235158300186,0.23917785130553837,0.07761409450038315,0.23917785130553837,0.23917785130553837
2026-07-31,2026-07-31 11:25:15,Mumbai,1,PANIC,DOWN,-10.0,1,0.08175665725754169,0.7978161019547529,0.20663563249982972,0.23960531390708198,0.0745484257789243,0.23960531390708198,0.23960531390708198
2026-07-31,2026-07-31 11:25:15,Pune,1,PANIC,DOWN,-20.0,1,0.08011371087873853,0.7998579118741656,0.20833235886615312,0.24001202888945639,0.07163155446547761,0.24001202888945639,0.24001202888945639
2026-07-31,2026-07-31 11:25:15,Metapally,1,PANIC,DOWN,-10.0,1,0.07856482574514778,0.8018020866089305,0.20994795123929835,0.24039929559115317,0.06885416198724217,0.24039929559115317,0.24039929559115317
2026-07-31,2026-07-31 11:25:15,Siddipet,1,PANIC,DOWN,-10.0,1,0.07710301150908683,0.8036546263480002,0.21148739572433917,0.24076830920998227,0.06620767664571398,0.24076830920998227,0.24076830920998227
2026-07-31,2026-07-31 11:25:15,Mysuru,1,PANIC,DOWN,0.0,0,1.6865640476370252,0.8054210598804751,0.21295528669715325,0.24112017104403233,0.06368420017074976,0.24112017104403233,0.24112017104403233
2026-07-31,2026-07-31 11:25:15,Vij/God,1,PANIC,DOWN,0.0,0,1.6865640476370254,0.8054210598804751,0.21295528669715325,0.24112017104403236,0.06368420017074977,0.24112017104403236,0.24112017104403236
2026-07-31,2026-07-31 11:25:15,Wankaner,1,PANIC,DOWN,-15.0,1,0.07572192787607529,0.8054210598804751,0.21295528669715325,0.2411201710440323,0.06368420017074976,0.2411201710440323,0.2411201710440323
2026-07-31,2026-07-31 11:25:15,Navapur,1,PANIC,DOWN,-20.0,1,0.07433742434318255,0.8072081117588417,0.21444031133690253,0.241476139915719,0.061131268915940416,0.241476139915719,0.241476139915719
2026-07-31,2026-07-31 11:25:15,Mahuva,1,PANIC,DOWN,-20.0,1,0.07303353230231471,0.8089063942693074,0.21585156940043576,0.24181442651857257,0.058705151043846424,0.24181442651857257,0.24181442651857257
2026-07-31,2026-07-31 11:25:15,Raipur,1,PANIC,DOWN,-40.0,1,0.07180410525453995,0.8105216301862664,0.2171938164637301,0.24213617079126445,0.05639767116247647,0.24213617079126445,0.24213617079126445
2026-07-31,2026-07-31 11:25:15,Davangere,1,PANIC,DOWN,-10.0,1,0.07064358677924906,0.8120590694137529,0.21847141515158772,0.24244241847982934,0.05420132940892435,0.24244241847982934,0.24244241847982934
2026-07-31,2026-07-31 11:25:15,Gujrat Necc Selling rate,1,PANIC,DOWN,-20.0,1,0.06954694258211212,0.8135235368979343,0.21968837495250226,0.2427341306815156,0.052109233002950964,0.2427341306815156,0.2427341306815156
2026-07-31,2026-07-31 11:25:15,Nagpur,1,PANIC,DOWN,-15.0,1,0.0685096015986282,0.8149194748242968,0.22084838728415526,0.24301219225018483,0.0501150359652903,0.24301219225018483,0.24301219225018483
2026-07-31,2026-07-31 11:25:15,Benglore,1,PANIC,DOWN,0.0,0,1.7000293645494169,0.8162509798794438,0.22195485645764748,0.24327741921861454,0.048212885886508884,0.24327741921861454,0.24327741921861454
2026-07-31,2026-07-31 11:25:15,Anand,1,PANIC,DOWN,-20.0,1,0.06752740479052913,0.8162509798794438,0.2219548564576475,0.24327741921861457,0.0482128858865089,0.24327741921861457,0.24327741921861457
2026-07-31,2026-07-31 11:25:15,Surat,1,PANIC,DOWN,-15.0,1,0.06656898669328626,0.8175596170069709,0.22304232258126389,0.24353809104766014,0.04634340427575571,0.24353809104766014,0.24353809104766014
2026-07-31,2026-07-31 11:25:15,Namakkal,1,PANIC,DOWN,-30.0,1,0.06566211938014281,0.8188065683031766,0.22407852831308922,0.24378647546857815,0.04456204528117622,0.24378647546857815,0.24378647546857815
2026-07-31,2026-07-31 11:25:15,Nasik,1,PANIC,DOWN,-20.0,1,0.06480319970702886,0.8199955560173182,0.22506656681003162,0.2440233139287124,0.04286349140383118,0.2440233139287124,0.2440233139287124
2026-07-31,2026-07-31 11:25:15,Barwala,1,PANIC,DOWN,-2.0,0,1.706248973833571,0.821130015596153,0.2260092928986044,0.2442492907462523,0.04124283486263875,0.2442492907462523,0.2442492907462523
2026-07-31,2026-07-31 11:25:15,Jabalpur,1,PANIC,DOWN,-10.0,1,0.06398894264126503,0.8211300155961528,0.22600929289860439,0.2442492907462523,0.04124283486263875,0.2442492907462523,0.2442492907462523
2026-07-31,2026-07-31 11:25:15,Bhopal,1,PANIC,DOWN,-30.0,1,0.06319344763998899,0.8222453268687585,0.22693610691047483,0.2444714533482981,0.039649533044630654,0.2444714533482981,0.2444714533482981
2026-07-31,2026-07-31 11:25:15,Kolkata,1,PANIC,DOWN,0.0,0,1.7090566103690183,0.8233083747515819,0.22781949049789993,0.24468320543002475,0.0381308932120257,0.24468320543002475,0.24468320543002475
2026-08-01,2026-08-01 11:13:08,Bilashpur,1,PANIC,DOWN,0.0,0,1.7090566103690183,0.8233083747515819,0.22781949049789996,0.24468320543002478,0.03813089321202571,0.24468320543002478,0.24468320543002478
2026-08-01,2026-08-01 11:13:08,Mumbai,1,PANIC,DOWN,-10.0,1,0.062439860865854804,0.8233083747515819,0.22781949049789996,0.24468320543002478,0.038130893212025715,0.24468320543002478,0.24468320543002478
2026-08-01,2026-08-01 11:13:08,Pune,1,PANIC,DOWN,0.0,0,1.7104491937370776,0.8243834102856353,0.22871283571971546,0.24489734537230212,0.03659512816337814,0.24489734537230212,0.24489734537230212
2026-08-01,2026-08-01 11:13:08,Namakkal,1,PANIC,DOWN,0.0,0,1.7104491937370776,0.8243834102856353,0.22871283571971546,0.24489734537230212,0.03659512816337815,0.24489734537230212,0.24489734537230212
2026-08-01,2026-08-01 11:13:08,Davangere,1,PANIC,DOWN,0.0,0,1.7104491937370776,0.8243834102856353,0.22871283571971543,0.24489734537230215,0.03659512816337815,0.24489734537230215,0.24489734537230215
2026-08-01,2026-08-01 11:13:08,Barwala,1,PANIC,DOWN,12.0,0,1.3592160143083483,0.8243834102856353,0.22871283571971546,0.24489734537230215,0.03659512816337815,0.24489734537230215,0.24489734537230215
2026-08-01,2026-08-01 11:13:08,Mysuru,1,PANIC,DOWN,-10.0,1,0.23324326988274385,0.658500900526265,0.22614078359782483,0.2421432859648881,0.04742935850751083,0.2421432859648881,0.2421432859648881
2026-08-01,2026-08-01 11:13:08,Navapur,1,PANIC,DOWN,-10.0,1,0.06630962071539527,0.8179153758339336,0.21853980857528368,0.24520833801487385,0.04583517738009474,0.24520833801487385,0.24520833801487385
2026-08-01,2026-08-01 11:13:08,Nasik,1,PANIC,DOWN,0.0,0,1.7039462038352542,0.8193322750954358,0.21992913206449385,0.24541994411918575,0.04381103557794888,0.24541994411918575,0.24541994411918575
2026-08-01,2026-08-01 11:13:08,Gujrat Necc Selling rate,1,PANIC,DOWN,0.0,0,1.7039462038352537,0.8193322750954357,0.21992913206449383,0.24541994411918572,0.043811035577948874,0.24541994411918572,0.24541994411918572
2026-08-01,2026-08-01 11:13:08,Benglore,1,PANIC,DOWN,10.0,0,1.3426107540261258,0.8193322750954358,0.21992913206449385,0.24541994411918575,0.04381103557794888,0.24541994411918575,0.24541994411918575
2026-08-01,2026-08-01 11:13:08,Nagpur,1,PANIC,DOWN,-10.0,1,0.07119097351723283,0.811332337803702,0.21730051346860957,0.2424866563693692,0.05523951742328285,0.2424866563693692,0.2424866563693692
2026-08-01,2026-08-01 11:13:08,Hospet,1,PANIC,DOWN,-15.0,1,0.0698268659816407,0.8131486339605184,0.21883647267440087,0.2428395728992561,0.05264480862783091,0.2428395728992561,0.2428395728992561
2026-08-01,2026-08-01 11:13:08,Vij/God,1,PANIC,DOWN,0.0,0,1.6982619608906373,0.8148507272427978,0.22027585569364105,0.24317029917011862,0.050213246796003135,0.24317029917011862,0.24317029917011862
2026-08-01,2026-08-01 11:13:08,Raipur,1,PANIC,DOWN,-5.0,0,1.6982619608906369,0.8148507272427977,0.22027585569364103,0.2431702991701186,0.05021324679600313,0.2431702991701186,0.2431702991701186
2026-08-01,2026-08-01 11:13:08,Kolkata,1,PANIC,DOWN,0.0,0,1.6982619608906369,0.8148507272427977,0.22027585569364103,0.24317029917011862,0.050213246796003135,0.24317029917011862,0.24317029917011862
2026-08-01,2026-08-01 11:13:08,Wankaner,1,PANIC,DOWN,0.0,0,1.6982619608906369,0.8148507272427977,0.22027585569364105,0.2431702991701186,0.050213246796003135,0.2431702991701186,0.2431702991701186
2026-08-01,2026-08-01 11:13:08,Siddipet,1,PANIC,DOWN,-5.0,0,1.6982619608906369,0.8148507272427977,0.22027585569364105,0.2431702991701186,0.050213246796003135,0.2431702991701186,0.2431702991701186
2026-08-01,2026-08-01 11:13:08,Metapally,1,PANIC,DOWN,-5.0,0,1.6982619608906369,0.8148507272427977,0.22027585569364105,0.2431702991701186,0.050213246796003135,0.2431702991701186,0.2431702991701186
2026-08-01,2026-08-01 11:13:08,Jabalpur,1,PANIC,DOWN,-10.0,1,0.06856050640504169,0.8148507272427978,0.22027585569364105,0.24317029917011862,0.050213246796003135,0.24317029917011862,0.24317029917011862
2026-08-01,2026-08-01 11:13:08,Mahuva,1,PANIC,DOWN,0.0,0,1.7006628654436313,0.8167513736699741,0.22188314609384358,0.24353960543061123,0.04749803761432285,0.24353960543061123,0.24353960543061123
2026-08-01,2026-08-01 11:13:08,Surat,1,PANIC,DOWN,0.0,0,1.7006628654436309,0.816751373669974,0.22188314609384355,0.2435396054306112,0.04749803761432285,0.2435396054306112,0.2435396054306112
2026-08-01,2026-08-01 11:13:08,Anand,1,PANIC,DOWN,10.0,0,1.3341656127835788,0.816751373669974,0.22188314609384352,0.24353960543061118,0.04749803761432284,0.24353960543061118,0.24353960543061118
2026-08-01,2026-08-01 11:13:08,Bhopal,1,PANIC,DOWN,5.0,0,1.6885221747553056,0.8070196856516741,0.21864461125225962,0.23998497989290113,0.061400449069037084,0.23998497989290113,0.23998497989290113
2026-08-02,2026-08-02 11:00:41,Surat,1,PANIC,DOWN,0.0,0,1.5896674517541554,0.8070196856516739,0.2186446112522596,0.23998497989290107,0.06140044906903708,0.23998497989290107,0.23998497989290107
2026-08-02,2026-08-02 11:00:41,Wankaner,1,PANIC,DOWN,-5.0,0,1.5718778911226559,0.8019629100260329,0.2169618051430917,0.23813792686946128,0.06862441424852454,0.23813792686946128,0.23813792686946128
2026-08-02,2026-08-02 11:00:41,Nasik,1,PANIC,DOWN,-20.0,1,0.0666047976579287,0.7968305854387859,0.21525385766647084,0.23626327860583637,0.07595630651602019,0.23626327860583637,0.23626327860583637
2026-08-02,2026-08-02 11:00:41,Gujrat Necc Selling rate,1,PANIC,DOWN,0.0,0,1.5480912988490245,0.7951555317439016,0.21572818359760604,0.23530752534551308,0.0783492403658547,0.23530752534551308,0.23530752534551308
2026-08-02,2026-08-02 11:00:41,Bhopal,1,PANIC,DOWN,0.0,0,1.5307679211567395,0.7901641234923983,0.21405914817481383,0.23348700941429937,0.08547982358228799,0.23348700941429937,0.23348700941429937
2026-08-02,2026-08-02 11:00:41,Hospet,1,PANIC,DOWN,-15.0,1,0.07289482775648352,0.7850985565541164,0.212365315446551,0.2316394455912051,0.09271634777983358,0.2316394455912051,0.2316394455912051
2026-08-02,2026-08-02 11:00:41,Davangere,1,PANIC,DOWN,-20.0,1,0.0733892267249386,0.7842178514069724,0.2130395002190565,0.23099533393030136,0.09397449799003944,0.23099533393030136,0.23099533393030136
2026-08-02,2026-08-02 11:00:41,Benglore,1,PANIC,DOWN,-20.0,1,0.07383541937409902,0.7834277227454135,0.21364434817943292,0.23041746619990974,0.09510325322083778,0.23041746619990974,0.23041746619990974
2026-08-02,2026-08-02 11:00:41,Mysuru,1,PANIC,DOWN,-35.0,1,0.07423993130643085,0.7827151952834899,0.2141897919824795,0.22989635280750198,0.0961211495950145,0.22989635280750198,0.22989635280750198
2026-08-02,2026-08-02 11:00:41,Navapur,1,PANIC,DOWN,0.0,0,1.5028867952255576,0.7820696573865971,0.21468395489451836,0.22942423283830202,0.09704334659057556,0.22942423283830202,0.22942423283830202
2026-08-02,2026-08-02 11:00:41,Jabalpur,1,PANIC,DOWN,-5.0,0,1.4877623955947397,0.7776465843462752,0.21318164766937844,0.22781877665605255,0.10336202236246379,0.22781877665605255,0.22781877665605255
2026-08-02,2026-08-02 11:00:41,Siddipet,1,PANIC,DOWN,5.0,0,1.4724704265654966,0.7731510556986582,0.21165473072575788,0.22618702104315605,0.1097842061447738,0.22618702104315605,0.22618702104315605
2026-08-02,2026-08-02 11:00:41,Barwala,1,PANIC,DOWN,5.0,0,1.3183234856797048,0.6215110888538304,0.21010332003201057,0.22452908993039544,0.1163094101768031,0.22452908993039544,0.22452908993039544
2026-08-02,2026-08-02 11:00:41,Metapally,1,PANIC,DOWN,5.0,0,1.4414043263573268,0.7639440763118024,0.20852755838912798,0.22284513592352995,0.12293703384028214,0.22284513592352995,0.22284513592352995
2026-08-02,2026-08-02 11:00:41,Pune,1,PANIC,DOWN,0.0,0,1.4256412228093351,0.7592335472783791,0.20692761605568,0.22113534097114435,0.12966636103088702,0.22113534097114435,0.22113534097114435
2026-08-02,2026-08-02 11:00:41,Namakkal,1,PANIC,DOWN,-20.0,1,0.09192296118674495,0.7544524095937662,0.20530369132676346,0.21939991698334851,0.136496557723191,0.21939991698334851,0.21939991698334851
2026-08-02,2026-08-02 11:00:41,Mumbai,1,PANIC,DOWN,-10.0,1,0.09110309374671391,0.755658490400738,0.20645199355266847,0.21959147376850954,0.13477358514180285,0.21959147376850954,0.21959147376850954
2026-08-02,2026-08-02 11:00:41,Vij/God,1,PANIC,DOWN,-17.0,1,0.23031026342623223,0.6115033784661849,0.20748329959583245,0.2197635135553261,0.13322615973818927,0.2197635135553261,0.2197635135553261
2026-08-02,2026-08-02 11:00:41,Bilashpur,1,PANIC,DOWN,5.0,0,1.4184218442859113,0.7570672581846709,0.20281976472313917,0.2214730585135588,0.13276105973618438,0.2214730585135588,0.2214730585135588
2026-08-02,2026-08-02 11:00:41,Raipur,1,PANIC,DOWN,5.0,0,1.4038457066284178,0.7526761766018211,0.20135271453799677,0.2198710840120111,0.13903403342596976,0.2198710840120111,0.2198710840120111
2026-08-02,2026-08-02 11:00:41,Nagpur,1,PANIC,DOWN,0.0,0,1.3891168513025067,0.7482152972650917,0.1998623450849657,0.21824364557410275,0.1454067181927261,0.21824364557410275,0.21824364557410275
2026-08-02,2026-08-02 11:00:41,Mahuva,1,PANIC,DOWN,0.0,0,1.3742404586876256,0.7436850611461118,0.19834880369164568,0.2165909040771237,0.15187848407698326,0.2165909040771237,0.2165909040771237
2026-08-02,2026-08-02 11:00:41,Anand,1,PANIC,DOWN,0.0,0,1.3592219928960496,0.739085988362424,0.19681226412810296,0.214913049272739,0.15844858805368023,0.214913049272739,0.214913049272739
2026-08-03,2026-08-03 10:50:19,Jabalpur,1,PANIC,DOWN,-20.0,1,0.10639247923982816,0.7344186797718253,0.19525292713953565,0.21321030036864302,0.16511617175453536,0.21321030036864302,0.21321030036864302
2026-08-03,2026-08-03 10:50:19,Gujrat Necc Selling rate,1,PANIC,DOWN,-5.0,0,1.3524620169396422,0.737007394344301,0.19709973309116194,0.21382741960975604,0.16141800807956994,0.21382741960975604,0.21382741960975604
2026-08-03,2026-08-03 10:50:19,Wankaner,1,PANIC,DOWN,0.0,0,1.3376646586429766,0.7324387464826594,0.19556571617281812,0.21216321198175558,0.1679446478819152,0.21216321198175558,0.21216321198175558
2026-08-03,2026-08-03 10:50:19,Mysuru,1,PANIC,DOWN,0.0,0,1.3227342086455391,0.7278026559016665,0.19400905398269214,0.21047443719703904,0.17456763442619086,0.21047443719703904,0.21047443719703904
2026-08-03,2026-08-03 10:50:19,Mahuva,1,PANIC,DOWN,-5.0,0,1.3076766327833735,0.7230998160579207,0.19242997936301354,0.20876134785895775,0.18128597706011315,0.20876134785895775,0.20876134785895775
2026-08-03,2026-08-03 10:50:19,Barwala,1,PANIC,DOWN,-5.0,0,1.1763500070481867,0.5847508762213969,0.19082875299460483,0.20702422677209376,0.18809856668911387,0.20702422677209376,0.20702422677209376
2026-08-03,2026-08-03 10:50:19,Mumbai,1,PANIC,DOWN,-10.0,1,0.12321697200739842,0.7134970780256235,0.18920566375584078,0.2052633873316833,0.19500417424910943,0.2052633873316833,0.2052633873316833
2026-08-03,2026-08-03 10:50:19,Metapally,1,PANIC,DOWN,-15.0,1,0.26677865724938743,0.5836580473708312,0.19162064195841025,0.20650383208134818,0.18886786179754522,0.20650383208134818,0.20650383208134818
2026-08-03,2026-08-03 10:50:19,Hospet,1,PANIC,DOWN,0.0,0,1.2997116301155893,0.7206009144400192,0.1874356936541564,0.20923615661052844,0.18485583651425816,0.20923615661052844,0.20923615661052844
2026-08-03,2026-08-03 10:50:19,Kolkata Sell,1,PANIC,DOWN,0.0,0,0.9072418610112953,0.5858675589750548,0.185930576247448,0.20755598046431187,0.1914014823596164,0.20755598046431187,0.20755598046431187
2026-08-03,2026-08-03 10:50:19,Nagpur,1,PANIC,DOWN,-10.0,1,0.12406196248653764,0.7125006323697202,0.19104586731690756,0.2041754882132785,0.19642766804325695,0.2041754882132785,0.2041754882132785
2026-08-03,2026-08-03 10:50:19,Namakkal,1,PANIC,DOWN,10.0,0,1.2539232551099673,0.7166961219402543,0.1932360312454896,0.20544328574686269,0.19043411151392237,0.20544328574686269,0.20544328574686269
2026-08-03,2026-08-03 10:50:19,Benglore,1,PANIC,DOWN,0.0,0,1.273030427832973,0.7121722898555859,0.19169346314908306,0.20380326935772752,0.19689672877773445,0.20380326935772752,0.20380326935772752
2026-08-03,2026-08-03 10:50:19,Bhopal,1,PANIC,DOWN,-20.0,1,0.12828983472724098,0.7075835393452913,0.1901287587111047,0.2021397182131038,0.2034520866495838,0.2021397182131038,0.2021397182131038
2026-08-03,2026-08-03 10:50:19,Pune,1,PANIC,DOWN,-5.0,0,1.2729107811389127,0.7121342900480554,0.19238823160143917,0.20355358472716573,0.19695101421706365,0.20355358472716573,0.20355358472716573
2026-08-03,2026-08-03 10:50:19,Anand,1,PANIC,DOWN,-10.0,1,0.1282431420032538,0.7076372363958654,0.19084913282223523,0.20192516353347653,0.2033753765773352,0.20192516353347653,0.20192516353347653
2026-08-03,2026-08-03 10:50:19,Surat,1,PANIC,DOWN,0.0,0,1.2728025160650198,0.7120999034636645,0.19301693778633117,0.20332764143487272,0.1970001379090507,0.20332764143487272,0.20332764143487272
2026-08-03,2026-08-03 10:50:19,Nasik,1,PANIC,DOWN,10.0,0,1.243572571461966,0.7076858428202288,0.19150121351143065,0.2017309492201083,0.20330593882824452,0.2017309492201083,0.2017309492201083
2026-08-03,2026-08-03 10:50:19,Davangere,1,PANIC,DOWN,-20.0,1,0.13213404186165828,0.7032072568120653,0.18996333216403719,0.20011091633201872,0.20970391883990663,0.20011091633201872,0.20011091633201872
2026-08-03,2026-08-03 10:50:19,Navapur,1,PANIC,DOWN,-5.0,0,1.259906247858655,0.707993054841055,0.19220030397935792,0.20164421050262116,0.2028670645127785,0.20164421050262116,0.20164421050262116
2026-08-03,2026-08-03 10:50:19,Bilashpur,1,PANIC,DOWN,0.0,0,1.2461725893056825,0.7035957196471357,0.19068564505369953,0.20005512767121245,0.2091489719326631,0.20005512767121245,0.20005512767121245
2026-08-03,2026-08-03 10:50:19,Siddipet,1,PANIC,DOWN,-15.0,1,0.29046463729891614,0.5667301036237372,0.18914893144897826,0.19844290648749394,0.21552234908853993,0.19844290648749394,0.19844290648749394
2026-08-03,2026-08-03 10:50:19,Raipur,1,PANIC,DOWN,0.0,0,1.2445777928183641,0.7030834765044057,0.18515099398156742,0.20165608605586122,0.20988074785084884,0.20165608605586122,0.20165608605586122
2026-08-04,2026-08-04 10:58:02,Anand,1,PANIC,DOWN,0.0,0,1.2309018846193522,0.6986768978777097,0.18367584159056266,0.20004943274491233,0.21617586017470036,0.20004943274491233,0.20004943274491233
2026-08-04,2026-08-04 10:58:02,Bhopal,1,PANIC,DOWN,0.0,0,1.2171086409226026,0.6942069425462184,0.18217947312569818,0.1984196720753475,0.22256151064825933,0.1984196720753475,0.1984196720753475
2026-08-04,2026-08-04 10:58:02,Pune,1,PANIC,DOWN,5.0,0,1.2032037271709224,0.6896743513322918,0.18066213658569769,0.19676707415347783,0.22903664095386878,0.19676707415347783,0.19676707415347783
2026-08-04,2026-08-04 10:58:02,Mahuva,1,PANIC,DOWN,-5.0,0,1.189193045187065,0.6850799448699673,0.17912410668715315,0.19509193818521908,0.23560007875718955,0.19509193818521908,0.19509193818521908
2026-08-04,2026-08-04 10:58:02,Mumbai,1,PANIC,DOWN,0.0,0,1.1750827264205428,0.6804246244399711,0.17756568514405427,0.19339459278053958,0.24225053651432696,0.19339459278053958,0.19339459278053958
2026-08-04,2026-08-04 10:58:02,Barwala,1,PANIC,DOWN,0.0,0,0.8213085139953422,0.552518332001282,0.1759872008859657,0.19167539619108664,0.24898661054077448,0.19167539619108664,0.19167539619108664
2026-08-04,2026-08-04 10:58:02,Nagpur,1,PANIC,DOWN,10.0,0,1.2063087947619557,0.6725467579690309,0.18181914718890738,0.18822540711275984,0.25350463147281294,0.18822540711275984,0.18822540711275984
2026-08-04,2026-08-04 10:58:02,Siddipet,1,PANIC,DOWN,10.0,0,1.2015985117773496,0.6677431891705198,0.18014775459276333,0.1864951242645645,0.26036687261354313,0.1864951242645645,0.1864951242645645
2026-08-04,2026-08-04 10:58:02,Bilashpur,1,PANIC,DOWN,-5.0,0,1.0257632246358312,0.5379630667805704,0.17845653662669891,0.1847443175145573,0.26731051082962914,0.1847443175145573,0.1847443175145573
2026-08-04,2026-08-04 10:58:02,Metapally,1,PANIC,DOWN,5.0,0,1.10822946429289,0.6579663922353092,0.17674593675753628,0.182973445954778,0.2743337253781297,0.182973445954778,0.182973445954778
2026-08-04,2026-08-04 10:58:02,Navapur,1,PANIC,DOWN,0.0,0,1.0937057543996593,0.6529957947679572,0.17501642685483235,0.1811829980807498,0.2814345789029184,0.1811829980807498,0.1811829980807498
2026-08-04,2026-08-04 10:58:02,Raipur,1,PANIC,DOWN,-5.0,0,0.757798071628537,0.5266843323656254,0.17326850700850374,0.1793734916026788,0.28861101818345986,0.1793734916026788,0.1793734916026788
2026-08-04,2026-08-04 10:58:02,Kolkata Sell,1,PANIC,DOWN,0.0,0,0.7396218590593271,0.5190841098107771,0.17986084932021676,0.17575433800513196,0.2928761366643875,0.17575433800513196,0.17575433800513196
2026-08-04,2026-08-04 10:58:02,Mysuru,1,PANIC,DOWN,0.0,0,1.062020749215957,0.6420323386068292,0.18638426220369317,0.1721730262210686,0.2970966591331012,0.1721730262210686,0.1721730262210686
2026-08-04,2026-08-04 10:58:02,Gujrat Necc Selling rate,1,PANIC,DOWN,-5.0,0,1.047404454217579,0.6369179918423116,0.18444692257464054,0.17038340287622059,0.30440286879669765,0.17038340287622059,0.17038340287622059
2026-08-04,2026-08-04 10:58:02,Vij/God,1,PANIC,DOWN,0.0,0,1.0327569364829396,0.6317555930033166,0.18249138058418582,0.168576965044946,0.3117777242809763,0.168576965044946,0.168576965044946
2026-08-04,2026-08-04 10:58:02,Nasik,1,PANIC,DOWN,10.0,0,0.8237661918818102,0.5001840807840285,0.1805182981577667,0.16675432418287078,0.319218729293621,0.16675432418287078,0.16675432418287078
2026-08-04,2026-08-04 10:58:02,Benglore,1,PANIC,DOWN,20.0,0,1.1647347685151683,0.6262271956212285,0.19624857647285518,0.16135866290010947,0.31967543482681643,0.16135866290010947,0.16135866290010947
2026-08-04,2026-08-04 10:58:02,Davangere,1,PANIC,DOWN,20.0,0,1.1605742773029397,0.6209901493735587,0.19409044085927052,0.15958420989146155,0.3271569294663448,0.15958420989146155,0.15958420989146155
2026-08-04,2026-08-04 10:58:02,Surat,1,PANIC,DOWN,-10.0,1,0.42736501539508653,0.4813700779956978,0.19191469229257918,0.15779527523604658,0.3346994819992812,0.15779527523604658,0.15779527523604658
2026-08-04,2026-08-04 10:58:02,Hospet,1,PANIC,DOWN,30.0,0,1.1662760659332658,0.6281330425278787,0.18625175981644526,0.16559848126493673,0.3169527963887447,0.16559848126493673,0.16559848126493673
2026-08-04,2026-08-04 10:58:02,Jabalpur,1,PANIC,DOWN,0.0,0,1.008087825866005,0.6229748655453164,0.18424244555661576,0.16381197793127875,0.32432162064954795,0.16381197793127875,0.16381197793127875
2026-08-04,2026-08-04 10:58:02,Wankaner,1,PANIC,DOWN,-10.0,1,0.22252761282750022,0.6177723866353317,0.18221587394117236,0.1620101308935767,0.3317537333780977,0.1620101308935767,0.1620101308935767
2026-08-04,2026-08-04 10:58:02,Namakkal,1,PANIC,DOWN,10.0,0,0.8176177030538228,0.5019308723885288,0.18592070042527342,0.16758612970882325,0.311320910448257,0.16758612970882325,0.16758612970882325
2026-08-05,2026-08-05 11:06:04,Anand,1,PANIC,DOWN,10.0,0,1.169117227249238,0.6316001297788052,0.2007478021459503,0.1624174610841143,0.31199981460170695,0.1624174610841143,0.1624174610841143
2026-08-05,2026-08-05 11:06:04,Kolkata Sell,1,PANIC,DOWN,10.0,0,1.091562412914387,0.48749965165657794,0.19864247424901374,0.1607141198364657,0.31921516624158913,0.1607141198364657,0.1607141198364657
2026-08-05,2026-08-05 11:06:04,Siddipet,1,PANIC,DOWN,5.0,0,0.9157690217741999,0.480356174894583,0.20502097115023418,0.1573124642355157,0.3230416361432186,0.1573124642355157,0.1573124642355157
2026-08-05,2026-08-05 11:06:04,Mahuva,1,PANIC,DOWN,5.0,0,0.9963464523687455,0.6187566044257689,0.20280828271945764,0.1556146697724517,0.33034770796318724,0.1556146697724517,0.1556146697724517
2026-08-05,2026-08-05 11:06:04,Surat,1,PANIC,DOWN,0.0,0,0.9820857192831043,0.6135984749050437,0.20057660986351075,0.1539023085717077,0.3377164644213661,0.1539023085717077,0.1539023085717077
2026-08-05,2026-08-05 11:06:04,Bhopal,1,PANIC,DOWN,0.0,0,0.9678165325537653,0.6083983218276752,0.19832675544963782,0.1521759966728232,0.3451452545318926,0.1521759966728232,0.1521759966728232
2026-08-05,2026-08-05 11:06:04,Jabalpur,1,PANIC,DOWN,5.0,0,0.9535467372465387,0.6031580705287443,0.19605955247709203,0.1504363732356095,0.35263132781607964,0.1504363732356095,0.1504363732356095
2026-08-05,2026-08-05 11:06:04,Vij/God,1,PANIC,DOWN,7.0,0,1.1435247907618127,0.5978797136187655,0.19377586305194877,0.14868409975352448,0.36017183768747785,0.14868409975352448,0.14868409975352448
2026-08-05,2026-08-05 11:06:04,Nagpur,1,PANIC,DOWN,10.0,0,0.7891318243775403,0.4585317043002046,0.19147657726225256,0.14691985919057365,0.3677638451660264,0.14691985919057365,0.14691985919057365
2026-08-05,2026-08-05 11:06:04,Wankaner,1,PANIC,DOWN,5.0,0,0.9273165059167678,0.5934184714371558,0.2082978129308401,0.14171904875503225,0.3665450408040632,0.14171904875503225,0.14171904875503225
2026-08-05,2026-08-05 11:06:04,Mysuru,1,PANIC,DOWN,0.0,0,0.9131248239056955,0.58808929410212,0.2057944080095007,0.1400158135692712,0.37415815128268554,0.1400158135692712,0.1400158135692712
2026-08-05,2026-08-05 11:06:04,Hospet,1,PANIC,DOWN,0.0,0,0.8163079181073954,0.440434694860136,0.20327580139670715,0.1383022356476838,0.3818174916602416,0.1383022356476838,0.1383022356476838
2026-08-05,2026-08-05 11:06:04,Mumbai,1,PANIC,DOWN,0.0,0,0.884834696181815,0.5773360698987198,0.2007430327786412,0.13657902235889094,0.38951990014468596,0.13657902235889094,0.13657902235889094
2026-08-05,2026-08-05 11:06:04,Bilashpur,1,PANIC,DOWN,0.0,0,0.8707519226991898,0.5719165026103407,0.19819716677188218,0.13484689803334435,0.39726213912808495,0.13484689803334435,0.13484689803334435
2026-08-05,2026-08-05 11:06:04,Barwala,1,PANIC,DOWN,15.0,0,1.0837909307256621,0.4295238659165768,0.19563929123915721,0.13310660281741754,0.40504090030859025,0.13310660281741754,0.13310660281741754
2026-08-05,2026-08-05 11:06:04,Gujrat Necc Selling rate,1,PANIC,DOWN,10.0,0,1.122809248735644,0.564748432434221,0.20352831826883025,0.1296564807838285,0.4075022393796843,0.1296564807838285,0.1296564807838285
2026-08-05,2026-08-05 11:06:04,Davangere,1,PANIC,DOWN,10.0,0,0.7630788390717463,0.4186887080638402,0.20084486607724766,0.12794700383992386,0.41531412240298077,0.12794700383992386,0.12794700383992386
2026-08-05,2026-08-05 11:06:04,Nasik,1,PANIC,DOWN,0.0,0,0.7649001691647265,0.40816157434476397,0.21909560843036685,0.12293408302131618,0.41210214250568455,0.12293408302131618,0.12293408302131618
2026-08-05,2026-08-05 11:06:04,Metapally,1,PANIC,DOWN,5.0,0,0.7531300217349026,0.404731914138263,0.2161849371131504,0.12130091149441095,0.41991232840361675,0.12130091149441095,0.12130091149441095
2026-08-05,2026-08-05 11:06:04,Benglore,1,PANIC,DOWN,0.0,0,0.741410901534771,0.4012902897824223,0.21326411210599938,0.11966204275353447,0.4277497596333972,0.11966204275353447,0.11966204275353447
2026-08-05,2026-08-05 11:06:04,Pune,1,PANIC,DOWN,0.0,0,0.7297489576397318,0.3978382428268734,0.21033444168554338,0.1180182108699397,0.4356109257046375,0.1180182108699397,0.1180182108699397
2026-08-05,2026-08-05 11:06:04,Namakkal,1,PANIC,DOWN,0.0,0,0.7181502397236771,0.3943773338653548,0.20739725029069467,0.11637015898350225,0.44349227275879866,0.11637015898350225,0.11637015898350225
2026-08-05,2026-08-05 11:06:04,Navapur,1,PANIC,DOWN,10.0,0,1.1075237093784507,0.5340268530648548,0.20445387616056618,0.11471863797736118,0.45139020990735035,0.11471863797736118,0.11471863797736118
2026-08-06,2026-08-06 10:56:49,Surat,1,NORMAL,DOWN,10.0,0,1.0897148229032447,0.4796114589772373,0.20172026363960394,0.113120509250057,0.458918208610225,0.113120509250057,0.113120509250057
2026-08-06,2026-08-06 10:56:49,Namakkal,1,NORMAL,FLAT,10.0,0,0.8010546134115468,0.4889930929327343,0.1931333123122314,0.12249466317960352,0.45357223497327054,0.12249466317960352,0.108305126355291
2026-08-06,2026-08-06 10:56:49,Nagpur,1,NORMAL,FLAT,0.0,1,0.4017029646716714,0.4842907431041817,0.2072326879458216,0.12777718048412026,0.436289557752019,0.12777718048412026,0.10092339333391875
2026-08-06,2026-08-06 10:56:49,Mysuru,1,NORMAL,FLAT,0.0,1,0.20520019977599502,0.6322115099803315,0.19884942337380757,0.13609262352943186,0.4321246295392308,0.13609262352943186,0.09684070002809786
2026-08-06,2026-08-06 10:56:49,Raipur Td,1,NORMAL,FLAT,0.0,1,0.2010436447067832,0.635782396190357,0.20154387620283987,0.14209290882478093,0.42253087213382245,0.14209290882478093,0.09173943401377573
2026-08-06,2026-08-06 10:56:49,Kolkata Sell,1,NORMAL,UP,0.0,0,0.4013820077264666,0.49626231345584587,0.20403979403019243,0.14765107591403062,0.4136440102517187,0.14765107591403062,0.08701404389002768
2026-08-06,2026-08-06 10:56:49,Vij/God,1,NORMAL,FLAT,0.0,1,0.37202946579444807,0.5040656739287094,0.19622486253355276,0.15476289509994162,0.41056802969827294,0.15476289509994162,0.08368131756829095
2026-08-06,2026-08-06 10:56:49,Siddipet,1,NORMAL,FLAT,5.0,1,0.36080800709207067,0.5115083757741047,0.1887711244582779,0.16154601757174955,0.40763421596236477,0.16154601757174955,0.08050262443585833
2026-08-06,2026-08-06 10:56:49,Barwala,1,NORMAL,UP,5.0,0,0.3640530032964391,0.518611636918305,0.1816573304156072,0.1680197809027575,0.40483420522063496,0.1680197809027575,0.07746890255824278
2026-08-06,2026-08-06 10:56:49,Metapally,1,NORMAL,FLAT,10.0,0,0.846319884973137,0.5253950842415416,0.17486382442206638,0.17420207262025236,0.40216026081884026,0.17420207262025236,0.0745717695185885
2026-08-06,2026-08-06 10:56:49,Mahuva,1,NORMAL,FLAT,5.0,1,0.35042966423423305,0.5190316430460264,0.18845687598213787,0.17575967461875708,0.3899544265425237,0.17575967461875708,0.07006934823782437
2026-08-06,2026-08-06 10:56:49,Pune,1,NORMAL,FLAT,5.0,1,0.18202573236877034,0.6527173046549135,0.18167204097179224,0.18143265031032188,0.3879159507717263,0.18143265031032188,0.06754670763583781
2026-08-06,2026-08-06 10:56:49,Anand,1,NORMAL,UP,5.0,0,0.3412547273217401,0.5255210886708381,0.1848939668207288,0.18466586434891252,0.3814126836890866,0.18466586434891252,0.06436162079235948
2026-08-06,2026-08-06 10:56:49,Nasik,1,NORMAL,FLAT,0.0,1,0.3323287620966994,0.5316586715795282,0.1783900171913209,0.18989548728595387,0.3797214133988469,0.18989548728595387,0.06209759483792455
2026-08-06,2026-08-06 10:56:49,Navapur,1,NORMAL,FLAT,0.0,1,0.32387571492245754,0.537549858317962,0.1721471716975421,0.1949151645354596,0.3780980399547407,0.1949151645354596,0.05992445927679799
2026-08-06,2026-08-06 10:56:49,Mumbai,1,NORMAL,DOWN,0.0,0,0.32528236724248216,0.5432066218211202,0.16615274271183783,0.19973509782282084,0.37653926409881566,0.19973509782282084,0.057837797543704744
2026-08-06,2026-08-06 10:56:49,Benglore,1,NORMAL,UP,0.0,0,0.31704338322828957,0.5486402098866767,0.1603948110291073,0.20436487100891265,0.3750419863917128,0.20436487100891265,0.05583346056135456
2026-08-06,2026-08-06 10:56:49,Davangere,1,NORMAL,FLAT,0.0,1,0.3010567442056338,0.5538611991277946,0.15486216869333813,0.20881349606141306,0.37360329234545203,0.20881349606141306,0.05390754683838386
2026-08-06,2026-08-06 10:56:49,Gujrat Necc Selling rate,1,NORMAL,FLAT,0.0,1,0.2942093372121541,0.5588795441624677,0.14954426687203803,0.21308945496734574,0.37222043886883377,0.21308945496734574,0.05205638432443676
2026-08-06,2026-08-06 10:56:49,Jabalpur,1,NORMAL,DOWN,0.0,0,0.29481869957190854,0.5637046225234064,0.14443116826557215,0.21720073799924736,0.37089084189208577,0.21720073799924736,0.05027651384384731
2026-08-06,2026-08-06 10:56:49,Hospet,1,NORMAL,FLAT,10.0,0,0.9228869118471971,0.56834527571708,0.13951350359721063,0.2211548787001621,0.36961206505264727,0.2211548787001621,0.048564673949817935
2026-08-06,2026-08-06 10:56:49,Bhopal,1,NORMAL,DOWN,0.0,0,0.2999863677270281,0.5601463528159352,0.15391038068326612,0.21998566573663977,0.3602377439780563,0.21998566573663977,0.04588054386539793
2026-08-06,2026-08-06 10:56:49,Bilashpur,1,NORMAL,DOWN,0.0,0,0.2932820331967873,0.564769495186216,0.14882256483798917,0.22373259987235886,0.3593483648070194,0.22373259987235886,0.04436387061027371
2026-08-06,2026-08-06 10:56:49,Wankaner,1,NORMAL,FLAT,5.0,1,0.28084916114991837,0.5692261862116292,0.143917930413931,0.22734462961274066,0.3584910067911318,0.22734462961274066,0.042901803569455804
2026-08-07,2026-08-07 11:21:14,Gujrat Necc Selling rate,1,NORMAL,FLAT,0.0,1,0.8452672960610005,0.4090113674366565,0.13918891455120355,0.23082732464402003,0.3576643478994353,0.23082732464402003,0.04149208826132117
2026-08-07,2026-08-07 11:21:14,Vij/God,1,NORMAL,FLAT,0.0,1,0.833962561207162,0.4061193212864248,0.13763477131623073,0.22824997337866185,0.3648364823435666,0.22824997337866185,0.041028799582879
2026-08-07,2026-08-07 11:21:14,Mysuru,1,NORMAL,FLAT,0.0,1,0.6230999542907063,0.35569320770490803,0.13606848123636237,0.22565247809738728,0.37206467262779186,0.22565247809738728,0.04056188994107112
2026-08-07,2026-08-07 11:21:14,Namakkal,1,NORMAL,UP,20.0,1,0.4828260295670328,0.43316618402829676,0.144412002676736,0.2204791523698573,0.37499772758971867,0.2204791523698573,0.03963196499383071
2026-08-07,2026-08-07 11:21:14,Metapally,1,NORMAL,FLAT,0.0,1,0.8470094386075651,0.4164698193235934,0.15520787803754688,0.2254632924247294,0.3572615610884835,0.2036339507391825,0.05843331771005773
2026-08-07,2026-08-07 11:21:14,Raipur Td,1,NORMAL,FLAT,-10.0,0,0.6721209133386894,0.3625259457593684,0.1534808747095921,0.22295455471584225,0.36441333351807714,0.2013681088562977,0.05778312820019086
2026-08-07,2026-08-07 11:21:14,Benglore,1,NORMAL,UP,0.0,0,0.865178713859853,0.4569181831539979,0.15432997253097344,0.20859741732943754,0.35167945567778036,0.2098659969593655,0.07552715750244317
2026-08-07,2026-08-07 11:21:14,Bilashpur,1,NORMAL,DOWN,-10.0,1,0.4473937376604607,0.4544377626362802,0.15264108793174228,0.20631466589891825,0.3587742446206812,0.20756936303690543,0.07470063851175274
2026-08-07,2026-08-07 11:21:14,Nagpur,1,NORMAL,FLAT,0.0,1,0.866835112098167,0.39751652769752,0.16238102635313556,0.19121401321475015,0.3429707672086546,0.21328897260145493,0.09014522062200463
2026-08-07,2026-08-07 11:21:14,Hospet,1,NORMAL,UP,0.0,0,0.8678083246232465,0.4573056025428758,0.16064931808668845,0.189174816303749,0.34997763851175767,0.21101435785556272,0.0891838692422422
2026-08-07,2026-08-07 11:21:14,Mahuva,1,NORMAL,FLAT,0.0,1,0.844492142350133,0.39221392076467243,0.1589022980269395,0.1871175887797353,0.35704646468749374,0.20871963092824528,0.08821401757758622
2026-08-07,2026-08-07 11:21:14,Navapur,1,NORMAL,FLAT,0.0,1,0.8332884140247088,0.3895285481657036,0.15714058311110157,0.18504305712561786,0.36417474947264356,0.20640560217220966,0.08723600811842738
2026-08-07,2026-08-07 11:21:14,Nasik,1,NORMAL,FLAT,5.0,1,0.8220710473436537,0.3868217535022546,0.15536481443954375,0.18295197627796292,0.37135989883455983,0.2040731136786911,0.08625019676924242
2026-08-07,2026-08-07 11:21:14,Pune,1,NORMAL,FLAT,5.0,1,0.8108460023654748,0.3840945496762451,0.15357565651760158,0.18084512873417707,0.3785992240389697,0.20172303828156368,0.0852569524276878
2026-08-07,2026-08-07 11:21:14,Kolkata Sell,1,NORMAL,UP,0.0,0,0.8104477770655368,0.44032764355287485,0.15177379641810165,0.17872332356632684,0.38588994503858437,0.19935627845730872,0.0842566565196784
2026-08-07,2026-08-07 11:21:14,Davangere,1,NORMAL,FLAT,0.0,1,0.788396899348442,0.37858313674661614,0.1499599428660964,0.17658739534335524,0.3932291941764615,0.19697376512280526,0.08324970249128145
2026-08-07,2026-08-07 11:21:14,Bhopal,1,NORMAL,FLAT,5.0,1,0.5715222610123829,0.3841241918108251,0.14813482524774538,0.17443820296397655,0.4006140201962904,0.19457645633348694,0.08223649525850069
2026-08-07,2026-08-07 11:21:14,Jabalpur,1,NORMAL,FLAT,-10.0,0,0.6600069860038767,0.37884149889036733,0.15674845796328257,0.17016796902295656,0.4030469814227196,0.18981323948167012,0.08022335210937125
2026-08-07,2026-08-07 11:21:14,Mumbai,1,NORMAL,DOWN,0.0,0,0.5872624413541739,0.3769095698125133,0.1474457256213144,0.16006881341041646,0.3909965169679905,0.20228743667846427,0.09920150732181451
2026-08-07,2026-08-07 11:21:14,Surat,1,NORMAL,FLAT,0.0,1,0.7873840254084059,0.36847895337702574,0.15586783301198678,0.15624495752662138,0.3936004821068922,0.19745502748844007,0.09683169986605952
2026-08-07,2026-08-07 11:21:14,Siddipet,1,NORMAL,FLAT,0.0,1,0.7761998245280335,0.365821366331609,0.15397185023008925,0.15434438738649503,0.40097675097943025,0.19505317634903022,0.09565383505495512
2026-08-07,2026-08-07 11:21:14,Wankaner,1,NORMAL,FLAT,0.0,1,0.7650317349393506,0.3631484319381352,0.1520649183025319,0.15243284160908982,0.4083956172020516,0.19263745471552635,0.0944691681708005
2026-08-07,2026-08-07 11:21:14,Barwala,1,NORMAL,UP,-8.0,0,0.7798854511164395,0.42575600306411254,0.15014783405346085,0.15051111894647975,0.4158539807523278,0.1902088720132258,0.0932781942345059
2026-08-07,2026-08-07 11:21:14,Anand,1,NORMAL,FLAT,0.0,1,0.7584484184318094,0.35850679562358345,0.1445131564350375,0.14486280814267807,0.4127571845314509,0.20808915705750547,0.08977769383332809
2026-08-08,2026-08-08 10:47:50,Nasik,1,PANIC,DOWN,-5.0,0,0.6951661062592199,0.38743525075724633,0.20150566891881325,0.11306440512249823,0.4593011157136921,0.11306440512249823,0.11306440512249823
2026-08-08,2026-08-08 10:47:50,Nagpur,1,PANIC,DOWN,-10.0,1,0.5699875260639043,0.3839572676645383,0.19855398711356612,0.11140822269739917,0.4672213447942365,0.11140822269739917,0.11140822269739917
2026-08-08,2026-08-08 10:47:50,Surat,1,PANIC,DOWN,-10.0,1,0.5068650594017918,0.41895177174212184,0.1795717817646606,0.1280722722581533,0.43621140146087956,0.1280722722581533,0.1280722722581533
2026-08-08,2026-08-08 10:47:50,Bilashpur,1,PANIC,DOWN,-5.0,0,0.8480297862715012,0.5630751469347091,0.16346120742884188,0.14221538177834275,0.40989264723612984,0.14221538177834275,0.14221538177834275
2026-08-08,2026-08-08 10:47:50,Mahuva,1,PANIC,DOWN,-10.0,1,0.4628727159837137,0.4447576534175814,0.1613295516113576,0.14036078734170543,0.417588086363526,0.14036078734170543,0.14036078734170543
2026-08-08,2026-08-08 10:47:50,Navapur,1,PANIC,DOWN,-5.0,0,0.8104806800215458,0.47101271810217094,0.14745297825737727,0.15286319909627188,0.39395742445380705,0.15286319909627188,0.15286319909627188
2026-08-08,2026-08-08 10:47:50,Wankaner,1,PANIC,DOWN,-15.0,1,0.4265630506377922,0.46699708702940035,0.14560845083564927,0.15095099382352398,0.40153856769377866,0.15095099382352398,0.15095099382352398
2026-08-08,2026-08-08 10:47:50,Namakkal,1,PANIC,DOWN,0.0,0,0.8384391990950775,0.49042931164673287,0.13355228544021683,0.16210919602225374,0.38012012649302207,0.16210919602225374,0.16210919602225374
2026-08-08,2026-08-08 10:47:50,Benglore,1,PANIC,DOWN,-10.0,1,0.4186161341294481,0.4863280644208886,0.13194334366749655,0.16015622115280412,0.3875879928740912,0.16015622115280412,0.16015622115280412
2026-08-08,2026-08-08 10:47:50,Barwala,1,PANIC,DOWN,-7.0,1,0.2511527027280912,0.595301120165619,0.13131581094454697,0.16827621547830293,0.3638555426205443,0.16827621547830293,0.16827621547830293
2026-08-08,2026-08-08 10:47:50,Hospet,1,PANIC,DOWN,-10.0,1,0.3541575059041845,0.5141282381935104,0.13994065153992913,0.1733943991397668,0.33987615104077046,0.1733943991397668,0.1733943991397668
2026-08-08,2026-08-08 10:47:50,Kolkata Sell,1,PANIC,DOWN,0.0,0,0.9355812426992878,0.5308035468925387,0.13004733685868322,0.1813350223297803,0.32594759615197577,0.1813350223297803,0.1813350223297803
2026-08-08,2026-08-08 10:47:50,Mumbai,1,PANIC,DOWN,0.0,0,0.7582679407416535,0.5268795314436492,0.12870725543590067,0.1794664435445949,0.33289341393031463,0.1794664435445949,0.1794664435445949
2026-08-08,2026-08-08 10:47:50,Gujrat Necc Selling rate,1,PANIC,DOWN,-15.0,1,0.34703603526417415,0.5190387392641664,0.13643181727858117,0.17573273298293643,0.33636998377260974,0.17573273298293643,0.17573273298293643
2026-08-08,2026-08-08 10:47:50,Vij/God,1,PANIC,DOWN,0.0,0,0.9425194079516044,0.5351658656016314,0.12690531423347443,0.18341231695315777,0.3228577349070522,0.18341231695315777,0.18341231695315777
2026-08-08,2026-08-08 10:47:50,Raipur Td,1,PANIC,DOWN,0.0,0,0.9975071613705169,0.6191747479455432,0.12561354615418216,0.18154536458934079,0.3297503600777954,0.18154536458934079,0.18154536458934079
2026-08-08,2026-08-08 10:47:50,Siddipet,1,PANIC,DOWN,-5.0,0,0.918365612591442,0.5272860987444562,0.12430907095647906,0.1796600470211696,0.336710787980012,0.1796600470211696,0.1796600470211696
2026-08-08,2026-08-08 10:47:50,Bhopal,1,PANIC,DOWN,0.0,0,0.9062372126081859,0.5232896562189872,0.12299231409974548,0.17775697915189864,0.3437367484445586,0.17775697915189864,0.17775697915189864
2026-08-08,2026-08-08 10:47:50,Mysuru,1,PANIC,DOWN,0.0,0,0.7400334502963187,0.5192572886790362,0.12166372058857591,0.1758368041328744,0.350825867012801,0.1758368041328744,0.1758368041328744
2026-08-08,2026-08-08 10:47:50,Anand,1,PANIC,DOWN,-20.0,1,0.35839430904379627,0.5112121276925975,0.1299066892941195,0.1720057750917131,0.35407598543074126,0.1720057750917131,0.1720057750917131
2026-08-08,2026-08-08 10:47:50,Metapally,1,PANIC,DOWN,-5.0,0,0.916386261341466,0.52861608598606,0.12043849235149542,0.1802933742790762,0.33868138481127597,0.1802933742790762,0.1802933742790762
2026-08-08,2026-08-08 10:47:50,Pune,1,PANIC,DOWN,0.0,0,0.9042552474064092,0.5245951409791009,0.11915942214716112,0.17837863856147657,0.34570466216840917,0.17837863856147657,0.17837863856147657
2026-08-08,2026-08-08 10:47:50,Jabalpur,1,PANIC,DOWN,0.0,0,0.9532441817266892,0.6030465255890223,0.11786892614203981,0.17644679870933064,0.3527906777299682,0.17644679870933064,0.17644679870933064
2026-08-08,2026-08-08 10:47:50,Davangere,1,PANIC,DOWN,-10.0,1,0.3509426117633544,0.5164469180403348,0.1165674570341813,0.17449853240015945,0.3599369457653404,0.17449853240015945,0.17449853240015945
2026-08-09,2026-08-09 11:10:16,Mumbai,1,PANIC,DOWN,-10.0,1,0.3400072442309382,0.533683475795528,0.10796460885642674,0.18270641704548954,0.3439161400071047,0.18270641704548954,0.18270641704548954
2026-08-09,2026-08-09 11:10:16,Hospet,1,PANIC,DOWN,-15.0,1,0.2179531778244087,0.6215175640795594,0.10932739103919288,0.1880897096914878,0.32640347988634355,0.1880897096914878,0.1880897096914878
2026-08-09,2026-08-09 11:10:16,Mysuru,1,PANIC,DOWN,0.0,0,0.817687509939121,0.5510740810555572,0.11891248515587138,0.19098765764550343,0.30812454190761823,0.19098765764550343,0.19098765764550343
2026-08-09,2026-08-09 11:10:16,Barwala,1,PANIC,DOWN,-10.0,1,0.20574092458018375,0.6317501708609332,0.12618352481007536,0.18734366833041927,0.3117854701986668,0.18734366833041927,0.18734366833041927
2026-08-09,2026-08-09 11:10:16,Gujrat Necc Selling rate,1,PANIC,DOWN,0.0,0,1.0652945189997234,0.643172861851422,0.13399305242099147,0.19017986912225143,0.29546734021225424,0.19017986912225143,0.19017986912225143
2026-08-09,2026-08-09 11:10:16,Nagpur,1,PANIC,DOWN,0.0,0,1.052261424859219,0.638621547060912,0.13275647878022012,0.18842476757845616,0.3019692184844113,0.18842476757845616,0.18842476757845616
2026-08-09,2026-08-09 11:10:16,Davangere,1,PANIC,DOWN,0.0,0,1.0391590309506906,0.6340165833570787,0.13150532894880382,0.1866489776632934,0.30854773806131597,0.1866489776632934,0.1866489776632934
2026-08-09,2026-08-09 11:10:16,Metapally,1,PANIC,DOWN,0.0,0,1.0259937370392116,0.6293591899873286,0.13023993419128346,0.1848529695492525,0.31520115716095903,0.1848529695492525,0.1848529695492525
2026-08-09,2026-08-09 11:10:16,Navapur,1,PANIC,DOWN,-5.0,0,1.0127721012983906,0.6246506632950442,0.12896064671886168,0.1830372431389719,0.32192762386422275,0.1830372431389719,0.1830372431389719
2026-08-09,2026-08-09 11:10:16,Namakkal,1,PANIC,DOWN,0.0,0,0.9314877223854766,0.5305248885030299,0.1276678395438035,0.1812023278585857,0.32872517688043934,0.1812023278585857,0.1812023278585857
2026-08-09,2026-08-09 11:10:16,Surat,1,PANIC,DOWN,-5.0,0,0.9861867602301668,0.6150857773603825,0.12636190627391394,0.1793487823660204,0.3355917466280248,0.1793487823660204,0.1793487823660204
2026-08-09,2026-08-09 11:10:16,Benglore,1,PANIC,DOWN,-20.0,1,0.23190729616327072,0.6102323903549869,0.12504326084603704,0.1774771941727433,0.3425251566357332,0.1774771941727433,0.1774771941727433
2026-08-09,2026-08-09 11:10:16,Siddipet,1,PANIC,DOWN,0.0,0,1.0124408949514456,0.6245323062416223,0.13362189172435646,0.1814271343021775,0.3220967053691112,0.1814271343021775,0.1814271343021775
2026-08-09,2026-08-09 11:10:16,Bhopal,1,PANIC,DOWN,-20.0,1,0.3354105777406342,0.5271829569466664,0.13228425055825413,0.179610931879365,0.328882953803651,0.179610931879365,0.179610931879365
2026-08-09,2026-08-09 11:10:16,Kolkata Sell,1,PANIC,DOWN,-20.0,1,0.32682911355667565,0.5421951453046372,0.12337166443395946,0.18675959300220818,0.316349556559416,0.18675959300220818,0.18675959300220818
2026-08-09,2026-08-09 11:10:16,Raipur Td,1,PANIC,DOWN,-30.0,1,0.19802224262001283,0.638405999173035,0.12349141704911983,0.1914104796374529,0.30227714403852146,0.1914104796374529,0.1914104796374529
2026-08-09,2026-08-09 11:10:16,Jabalpur,1,PANIC,DOWN,-10.0,1,0.1861872585072452,0.6489227838925808,0.13125079479520435,0.19383201311235132,0.28725316586774163,0.19383201311235132,0.19383201311235132
2026-08-09,2026-08-09 11:10:16,Vij/God,1,PANIC,DOWN,-13.0,1,0.29799172078359876,0.5615156669238694,0.13806904594647595,0.1959598413923188,0.2740514298765676,0.1959598413923188,0.1959598413923188
2026-08-09,2026-08-09 11:10:16,Pune,1,PANIC,DOWN,0.0,0,1.04810174403866,0.568809084723261,0.13722912373216334,0.19943289748726714,0.26447218380603515,0.19943289748726714,0.19943289748726714
2026-08-09,2026-08-09 11:10:16,Anand,1,PANIC,DOWN,0.0,0,1.1160834932814714,0.6606403650159062,0.13610193211029437,0.19779476787557151,0.2705137642629912,0.19779476787557151,0.19779476787557151
2026-08-09,2026-08-09 11:10:16,Bilashpur,1,PANIC,DOWN,-25.0,1,0.17809286994222043,0.6563525824224059,0.13495910139140652,0.19613391021353396,0.2766391679679915,0.19613391021353396,0.19613391021353396
2026-08-09,2026-08-09 11:10:16,Mahuva,1,PANIC,DOWN,-10.0,1,0.16923364181710165,0.6647274103779831,0.1412663068430452,0.19801952170850065,0.2646751280314529,0.19801952170850065,0.19801952170850065
2026-08-09,2026-08-09 11:10:16,Nasik,1,PANIC,DOWN,0.0,0,1.1503111856976185,0.6721817669408223,0.14688029182291445,0.1996978869832296,0.2540260472273967,0.1996978869832296,0.1996978869832296
2026-08-09,2026-08-09 11:10:16,Wankaner,1,PANIC,DOWN,-5.0,0,1.1380457610264616,0.6680665384157941,0.14572275242774324,0.19812410081732085,0.25990494512029416,0.19812410081732085,0.19812410081732085
2026-08-10,2026-08-10 11:05:10,Surat,1,PANIC,DOWN,0.0,0,1.1256709740459472,0.6638913905459811,0.14454835880401595,0.1965273997062714,0.26586944207717,0.1965273997062714,0.1965273997062714
2026-08-10,2026-08-10 11:05:10,Davangere,1,PANIC,DOWN,-10.0,1,0.1745638324052288,0.6596569838819676,0.1433572967526715,0.19490803626433215,0.2719185944543321,0.19490803626433215,0.19490803626433215
2026-08-10,2026-08-10 11:05:10,Benglore,1,PANIC,DOWN,0.0,0,1.1368130049858933,0.6676516696897319,0.14895849575227724,0.1968479631729228,0.26049761472895444,0.1968479631729228,0.1968479631729228
2026-08-10,2026-08-10 11:05:10,Nagpur,1,PANIC,DOWN,-5.0,0,1.1244386212329809,0.6634743127668629,0.14775642718013504,0.19525943511465155,0.26646526747591026,0.19525943511465155,0.19525943511465155
2026-08-10,2026-08-10 11:05:10,Siddipet,1,PANIC,DOWN,0.0,0,1.1119601704620092,0.6592377579714929,0.146537323936696,0.19364839581705034,0.27251748861215286,0.19364839581705034,0.19364839581705034
2026-08-10,2026-08-10 11:05:10,Namakkal,1,PANIC,DOWN,0.0,0,1.0173566257429427,0.5532317655662788,0.1453013987960787,0.19201512646013283,0.2786532218235228,0.19201512646013283,0.19201512646013283
2026-08-10,2026-08-10 11:05:10,Mumbai,1,PANIC,DOWN,0.0,0,1.0867119514726808,0.650590087953481,0.14404888626118884,0.19035993693840422,0.2848713029235983,0.19035993693840422,0.19035993693840422
2026-08-10,2026-08-10 11:05:10,Anand,1,PANIC,DOWN,15.0,0,1.18159178533991,0.6461806787898867,0.14278004276154552,0.18868316612228803,0.2911704588715904,0.18868316612228803,0.18868316612228803
2026-08-10,2026-08-10 11:05:10,Mysuru,1,PANIC,DOWN,0.0,0,0.7967796963466158,0.5426688823093713,0.14149514680005112,0.18698518205208156,0.29754930704370425,0.18698518205208156,0.18698518205208156
2026-08-10,2026-08-10 11:05:10,Bhopal,1,PANIC,DOWN,-5.0,0,1.0537243669699983,0.639133869442557,0.14802599084203627,0.183578893263396,0.30123732936777575,0.183578893263396,0.183578893263396
2026-08-10,2026-08-10 11:05:10,Nasik,1,PANIC,DOWN,0.0,0,0.7704763559825785,0.5319293023007615,0.14664893529832995,0.18187109633369597,0.30773777570058225,0.18187109633369597,0.18187109633369597
2026-08-10,2026-08-10 11:05:10,Raipur Td,1,PANIC,DOWN,10.0,0,1.1694899763167497,0.6320506898283,0.15329901451412734,0.17844827603257665,0.31135615738814276,0.17844827603257665,0.17844827603257665
2026-08-10,2026-08-10 11:05:10,Wankaner,1,PANIC,DOWN,10.0,0,1.165697083438438,0.6274192227018447,0.15182614172041126,0.1767337730940747,0.3179725389973646,0.1767337730940747,0.1767337730940747
2026-08-10,2026-08-10 11:05:10,Pune,1,PANIC,DOWN,0.0,0,0.9300746073481951,0.5175008305950624,0.15033705435251485,0.17500039552145824,0.3246617590831105,0.17500039552145824,0.17500039552145824
2026-08-10,2026-08-10 11:05:10,Navapur,1,PANIC,DOWN,15.0,0,1.1582516195471553,0.6180046884756369,0.14883218517301733,0.1732486470735832,0.3314218736062331,0.1732486470735832,0.1732486470735832
2026-08-10,2026-08-10 11:05:10,Bilashpur,1,PANIC,DOWN,0.0,0,0.9810557005391283,0.6132244185362534,0.14731199095634687,0.17147905946038602,0.338250830662495,0.17147905946038602,0.17147905946038602
2026-08-10,2026-08-10 11:05:10,Gujrat Necc Selling rate,1,PANIC,DOWN,10.0,0,1.1510192637865004,0.6083974697024205,0.14577695218355663,0.1696921919875861,0.3451464718536851,0.1696921919875861,0.1696921919875861
2026-08-10,2026-08-10 11:05:10,Jabalpur,1,PANIC,DOWN,0.0,0,0.9545435080346096,0.6035254262128317,0.14422757266521188,0.16788863111770638,0.352106533981669,0.16788863111770638,0.16788863111770638
2026-08-10,2026-08-10 11:05:10,Hospet,1,PANIC,DOWN,0.0,0,0.9412507139913181,0.5986099442523537,0.1426643790917899,0.16606898994671468,0.3591286510680661,0.16606898994671468,0.16606898994671468
2026-08-10,2026-08-10 11:05:10,Barwala,1,PANIC,DOWN,15.0,0,1.1406375003739428,0.5936527503095383,0.1410879205113454,0.16423390759599837,0.3662103567006595,0.16423390759599837,0.16423390759599837
2026-08-10,2026-08-10 11:05:10,Mahuva,1,PANIC,DOWN,10.0,0,1.1373163365531758,0.5886556393057933,0.1394987677345603,0.16238404851981006,0.3733490867060095,0.16238404851981006,0.16238404851981006
2026-08-10,2026-08-10 11:05:10,Kolkata Sell,1,PANIC,DOWN,0.0,0,0.9013118535863698,0.5836204724977693,0.1378975126676725,0.16052010172876122,0.3805421821460437,0.16052010172876122,0.16052010172876122
2026-08-10,2026-08-10 11:05:10,Metapally,1,PANIC,DOWN,0.0,0,0.8880030486934787,0.5785491751557332,0.13628476757416555,0.15864277993038925,0.38778689263466676,0.15864277993038925,0.15864277993038925
2026-08-11,2026-08-11 11:11:53,Kolkata Sell,1,PANIC,DOWN,-10.0,1,0.2809336162968884,0.5734437340219289,0.13466116426649088,0.15675281858827878,0.39508037996867285,0.15675281858827878,0.15675281858827878
2026-08-11,2026-08-11 11:11:53,Namakkal,1,PANIC,DOWN,0.0,0,0.6786922342570599,0.4928654040602667,0.14337645299279186,0.16326924002869841,0.3668158269211129,0.16326924002869841,0.16326924002869841
2026-08-11,2026-08-11 11:11:53,Gujrat Necc Selling rate,1,PANIC,DOWN,-10.0,1,0.3974997051281042,0.48522144547493445,0.15132714032255887,0.15962925974996878,0.36978508042753494,0.15962925974996878,0.15962925974996878
2026-08-11,2026-08-11 11:11:53,Hospet,1,PANIC,DOWN,0.0,0,0.9530568517321545,0.6029774523286724,0.14006020677906503,0.16901681313491757,0.35288935381618247,0.16901681313491757,0.16901681313491757
2026-08-11,2026-08-11 11:11:53,Davangere,1,PANIC,DOWN,0.0,0,0.9397811265739485,0.5980643084334321,0.13854106725817925,0.16718360064414603,0.3599081308093828,0.16718360064414603,0.16718360064414603
2026-08-11,2026-08-11 11:11:53,Bhopal,1,PANIC,DOWN,-5.0,0,0.9264907479542397,0.5931095523767939,0.13700906129570795,0.16533486165228492,0.36698635374743743,0.16533486165228492,0.16533486165228492
2026-08-11,2026-08-11 11:11:53,Raipur Td,1,PANIC,DOWN,-10.0,1,0.4064976366633083,0.49328965922547774,0.13546474421947255,0.16347126629784656,0.3741214568869877,0.16347126629784656,0.16347126629784656
2026-08-11,2026-08-11 11:11:53,Mysuru,1,PANIC,DOWN,0.0,0,0.7152665690790012,0.5087450509764521,0.13457466432200332,0.17083097665545338,0.35293240571163664,0.17083097665545338,0.17083097665545338
2026-08-11,2026-08-11 11:11:53,Nagpur,1,PANIC,DOWN,-5.0,0,0.946996324117515,0.6007389747963021,0.14241346826241819,0.16716645095838545,0.3560871788624255,0.16716645095838545,0.16716645095838545
2026-08-11,2026-08-11 11:11:53,Barwala,1,PANIC,DOWN,-4.0,0,0.8652515152394566,0.49721033529917247,0.14085598026633023,0.16533825490436785,0.36312925502056637,0.16533825490436785,0.16533825490436785
2026-08-11,2026-08-11 11:11:53,Siddipet,1,PANIC,DOWN,-15.0,1,0.25707684475455106,0.590839226752637,0.13928558819733267,0.16349491191166865,0.3702296760676613,0.16349491191166865,0.16349491191166865
2026-08-11,2026-08-11 11:11:53,Metapally,1,PANIC,DOWN,-10.0,1,0.23492689147575846,0.6078431843111688,0.14706057835754965,0.16900037117184957,0.3459383081269016,0.16900037117184957,0.16900037117184957
2026-08-11,2026-08-11 11:11:53,Surat,1,PANIC,DOWN,0.0,0,1.0062872288039295,0.622329631094194,0.15368444699558997,0.1736907229510862,0.3252433841511515,0.1736907229510862,0.1736907229510862
2026-08-11,2026-08-11 11:11:53,Jabalpur,1,PANIC,DOWN,0.0,0,0.9931649308745147,0.6176091722156568,0.15214852575636384,0.1719548591362867,0.33198689683477606,0.1719548591362867,0.1719548591362867
2026-08-11,2026-08-11 11:11:53,Pune,1,PANIC,DOWN,-20.0,1,0.38249168951573387,0.5074226481741773,0.15059691292511845,0.17020126103532252,0.3387993039689141,0.17020126103532252,0.17020126103532252
2026-08-11,2026-08-11 11:11:53,Anand,1,PANIC,DOWN,-15.0,1,0.3453957396611686,0.5204236526326533,0.14861105042379077,0.17639221553935877,0.3222123029581329,0.17639221553935877,0.17639221553935877
2026-08-11,2026-08-11 11:11:53,Benglore,1,PANIC,DOWN,0.0,0,1.0353240661671481,0.6326630787907294,0.13889092700271874,0.18354258566134585,0.31048131601324375,0.18354258566134585,0.18354258566134585
2026-08-11,2026-08-11 11:11:53,Navapur,1,PANIC,DOWN,-20.0,1,0.3291667888497088,0.5317620067355241,0.13756578828795177,0.18179143177882098,0.3170599163755854,0.18179143177882098,0.18179143177882098
2026-08-11,2026-08-11 11:11:53,Bilashpur,1,PANIC,DOWN,0.0,0,1.0445449229564592,0.6359131180940675,0.12870429693361699,0.1884857667812074,0.30583840272276086,0.1884857667812074,0.1884857667812074
2026-08-11,2026-08-11 11:11:53,Mumbai,1,PANIC,DOWN,0.0,0,1.0316010584277564,0.6313466069953746,0.12749476054015202,0.18671441648441342,0.3123619900066078,0.18671441648441342,0.18671441648441342
2026-08-11,2026-08-11 11:11:53,Nasik,1,PANIC,DOWN,-10.0,1,0.21168254552398924,0.6267278545321494,0.12627138692385315,0.18492280175497725,0.3189602078112152,0.18492280175497725,0.18492280175497725
2026-08-11,2026-08-11 11:11:53,Wankaner,1,PANIC,DOWN,-10.0,1,0.31141880796686494,0.5447414068792793,0.1341155455576922,0.18797209851394256,0.3019681589004802,0.18797209851394256,0.18797209851394256
2026-08-11,2026-08-11 11:11:53,Vij/God,1,PANIC,DOWN,-10.0,1,0.19001945869180825,0.6454740989713044,0.12586493371534271,0.19398506922407838,0.2921798586124221,0.19398506922407838,0.19398506922407838
2026-08-11,2026-08-11 11:11:53,Mahuva,1,PANIC,DOWN,-10.0,1,0.2891397517594235,0.5618393574613915,0.1331296903691252,0.1961139797435197,0.2785283704003157,0.1961139797435197,0.1961139797435197
2026-08-12,2026-08-12 11:02:56,Hospet,1,CONFLICTED,DOWN,-5.0,0,1.745,0.8500000000000001,0.18276457305728525,0.21149028462847655,0.18276457305728525,0.21149028462847655,0.21149028462847655
2026-08-12,2026-08-12 11:02:56,Vij/God,1,CONFLICTED,DOWN,0.0,0,1.7449999999999999,0.85,0.18276457305728522,0.21149028462847652,0.18276457305728522,0.21149028462847652,0.21149028462847652
2026-08-12,2026-08-12 11:02:56,Barwala,1,CAPITULATION,DOWN,-1.0,0,1.7449999999999999,0.85,0.15817309945091207,0.22340304543952597,0.17161776423051012,0.22340304543952597,0.22340304543952597
2026-08-12,2026-08-12 11:02:56,Navapur,1,CONFLICTED,DOWN,0.0,0,1.7449999999999999,0.85,0.18276457305728525,0.2114902846284765,0.18276457305728525,0.2114902846284765,0.2114902846284765
2026-08-12,2026-08-12 11:02:56,Mahuva,1,CONFLICTED,DOWN,10.0,0,1.445,0.8500000000000001,0.18276457305728525,0.21149028462847655,0.18276457305728525,0.21149028462847655,0.21149028462847655
2026-08-12,2026-08-12 11:02:56,Siddipet,1,CONFLICTED,DOWN,0.0,0,1.7449999999999999,0.85,0.18276457305728522,0.2114902846284765,0.18276457305728522,0.2114902846284765,0.2114902846284765
2026-08-12,2026-08-12 11:02:56,Nagpur,1,CONFLICTED,DOWN,0.0,0,1.7449999999999999,0.85,0.18276457305728522,0.2114902846284765,0.18276457305728522,0.2114902846284765,0.2114902846284765
2026-08-12,2026-08-12 11:02:56,Raipur Td,1,CONFLICTED,DOWN,0.0,0,1.7449999999999999,0.85,0.18276457305728522,0.21149028462847652,0.18276457305728522,0.21149028462847652,0.21149028462847652
2026-08-12,2026-08-12 11:02:56,Namakkal,1,CAPITULATION,DOWN,0.0,0,1.3598500272242475,0.7392788303843615,0.15817309945091207,0.22340304543952594,0.17161776423051014,0.22340304543952594,0.22340304543952594
2026-08-12,2026-08-12 11:02:56,Bhopal,1,CONFLICTED,DOWN,0.0,0,1.7449999999999999,0.85,0.18276457305728522,0.21149028462847652,0.18276457305728522,0.21149028462847652,0.21149028462847652
2026-08-12,2026-08-12 11:02:56,Wankaner,1,CONFLICTED,DOWN,10.0,0,1.445,0.8500000000000001,0.18276457305728525,0.21149028462847655,0.18276457305728525,0.21149028462847655,0.21149028462847655
2026-08-12,2026-08-12 11:02:56,Davangere,1,CONFLICTED,DOWN,0.0,0,1.7449999999999999,0.85,0.18276457305728525,0.21149028462847652,0.18276457305728525,0.21149028462847652,0.21149028462847652
2026-08-12,2026-08-12 11:02:56,Pune,1,CONFLICTED,DOWN,0.0,0,1.7449999999999999,0.85,0.18276457305728522,0.2114902846284765,0.18276457305728522,0.2114902846284765,0.2114902846284765
2026-08-12,2026-08-12 11:02:56,Nasik,1,CONFLICTED,DOWN,-10.0,1,0.045000000000000005,0.85,0.18276457305728522,0.2114902846284765,0.18276457305728522,0.2114902846284765,0.2114902846284765
2026-08-12,2026-08-12 11:02:56,Bilashpur,1,CONFLICTED,DOWN,0.0,0,1.7449999999999999,0.85,0.1837703812590703,0.21081974582728646,0.1837703812590703,0.21081974582728646,0.21081974582728646
2026-08-12,2026-08-12 11:02:56,Kolkata Sell,1,CONFLICTED,DOWN,0.0,0,1.7449999999999999,0.85,0.18377038125907033,0.21081974582728646,0.18377038125907033,0.21081974582728646,0.21081974582728646
2026-08-12,2026-08-12 11:02:56,Benglore,1,CONFLICTED,DOWN,20.0,0,1.445,0.8500000000000001,0.18377038125907033,0.2108197458272865,0.18377038125907033,0.2108197458272865,0.2108197458272865
2026-08-12,2026-08-12 11:02:56,Anand,1,CONFLICTED,DOWN,10.0,0,1.4449999999999998,0.85,0.1837703812590703,0.21081974582728644,0.1837703812590703,0.21081974582728644,0.21081974582728644
2026-08-12,2026-08-12 11:02:56,Mysuru,1,CAPITULATION,DOWN,0.0,0,1.3504908382477665,0.7364002829207562,0.16228531011320552,0.22231175174857118,0.17077943464108108,0.22231175174857118,0.22231175174857118
2026-08-12,2026-08-12 11:02:56,Surat,1,CAPITULATION,DOWN,0.0,0,1.745,0.8500000000000001,0.1664828550913463,0.22119781213595677,0.16992370850078353,0.22119781213595677,0.22119781213595677
2026-08-12,2026-08-12 11:02:56,Mumbai,1,CONFLICTED,DOWN,-15.0,1,0.045000000000000005,0.85,0.18377038125907033,0.21081974582728646,0.18377038125907033,0.21081974582728646,0.21081974582728646
2026-08-12,2026-08-12 11:02:56,Gujrat Necc Selling rate,1,CONFLICTED,DOWN,0.0,0,1.7449999999999999,0.85,0.18480311648347517,0.21013125567768323,0.18480311648347517,0.21013125567768323,0.21013125567768323
2026-08-12,2026-08-12 11:02:56,Jabalpur,1,CONFLICTED,DOWN,0.0,0,1.7449999999999999,0.85,0.1848031164834752,0.21013125567768323,0.1848031164834752,0.21013125567768323,0.21013125567768323
2026-08-12,2026-08-12 11:02:56,Metapally,1,CONFLICTED,DOWN,0.0,0,1.7449999999999999,0.85,0.18480311648347517,0.21013125567768323,0.18480311648347517,0.21013125567768323,0.21013125567768323
2026-08-13,2026-08-13 11:17:21,Bhopal,1,CONFLICTED,DOWN,0.0,0,1.5973620938709585,0.7206378184615673,0.18480311648347514,0.2101312556776832,0.18480311648347514,0.2101312556776832,0.2101312556776832
2026-08-13,2026-08-13 11:17:21,Wankaner,1,CONFLICTED,DOWN,0.0,0,1.5166624837914475,0.5912756369231347,0.18480311648347514,0.21013125567768318,0.18480311648347514,0.21013125567768318,0.21013125567768318
2026-08-13,2026-08-13 11:17:21,Anand,1,CONFLICTED,DOWN,5.0,0,1.5166624837914477,0.5912756369231348,0.1848031164834752,0.21013125567768323,0.1848031164834752,0.21013125567768323,0.21013125567768323
2026-08-13,2026-08-13 11:17:21,Davangere,1,CONFLICTED,DOWN,0.0,0,1.597362093870959,0.7206378184615674,0.18480311648347517,0.21013125567768323,0.18480311648347517,0.21013125567768323,0.21013125567768323
2026-08-13,2026-08-13 11:17:21,Pune,1,CONFLICTED,DOWN,0.0,0,1.5973620938709585,0.7206378184615673,0.18480311648347514,0.2101312556776832,0.18480311648347514,0.2101312556776832,0.2101312556776832
2026-08-13,2026-08-13 11:17:21,Raipur Td,1,CAPITULATION,DOWN,0.0,0,1.230466563033812,0.6145154054855092,0.16648285509134628,0.2211978121359567,0.1699237085007835,0.2211978121359567,0.2211978121359567
2026-08-13,2026-08-13 11:17:21,Gujrat Necc Selling rate,1,CAPITULATION,DOWN,5.0,0,1.221658344778522,0.6120547591003881,0.17089818970745493,0.22002607576208955,0.1690235830062764,0.22002607576208955,0.22002607576208955
2026-08-13,2026-08-13 11:17:21,Namakkal,1,CAPITULATION,DOWN,0.0,0,1.2127078395180346,0.6095451531212724,0.1754013764389514,0.21883102529584403,0.16810554767351635,0.21883102529584403,0.21883102529584403
2026-08-13,2026-08-13 11:17:21,Nasik,1,CONFLICTED,DOWN,0.0,0,1.597362093870959,0.7206378184615674,0.18480311648347517,0.21013125567768323,0.18480311648347517,0.21013125567768323,0.21013125567768323
2026-08-13,2026-08-13 11:17:21,Kolkata Sell,1,CONFLICTED,DOWN,0.0,0,1.597362093870959,0.7206378184615674,0.1848031164834752,0.21013125567768323,0.1848031164834752,0.21013125567768323,0.21013125567768323
2026-08-13,2026-08-13 11:17:21,Mahuva,1,CONFLICTED,DOWN,5.0,0,1.5166624837914475,0.5912756369231347,0.18480311648347517,0.2101312556776832,0.18480311648347517,0.2101312556776832,0.2101312556776832
2026-08-13,2026-08-13 11:17:21,Surat,1,CAPITULATION,DOWN,0.0,0,1.203616013969254,0.6069863106584521,0.17999291213118973,0.21761252888497712,0.16716950121387894,0.21761252888497712,0.21761252888497712
2026-08-13,2026-08-13 11:17:21,Mumbai,1,CONFLICTED,DOWN,-5.0,0,1.597362093870959,0.7206378184615674,0.18480311648347517,0.21013125567768323,0.18480311648347517,0.21013125567768323,0.21013125567768323
2026-08-13,2026-08-13 11:17:21,Jabalpur,1,CAPITULATION,DOWN,0.0,0,1.1943840138829913,0.6043779904191298,0.18467322975513367,0.216370471628157,0.16621535536039528,0.216370471628157,0.216370471628157
2026-08-13,2026-08-13 11:17:21,Metapally,1,CONFLICTED,DOWN,0.0,0,1.5973620938709585,0.7206378184615673,0.18480311648347517,0.2101312556776832,0.18480311648347517,0.2101312556776832,0.2101312556776832
2026-08-13,2026-08-13 11:17:21,Benglore,1,CONFLICTED,DOWN,0.0,0,1.5166624837914477,0.5912756369231348,0.1848031164834752,0.21013125567768323,0.1848031164834752,0.21013125567768323,0.21013125567768323
2026-08-13,2026-08-13 11:17:21,Siddipet,1,CONFLICTED,DOWN,0.0,0,1.597362093870959,0.7206378184615674,0.18480311648347517,0.21013125567768323,0.18480311648347517,0.21013125567768323,0.21013125567768323
2026-08-13,2026-08-13 11:17:21,Nagpur,1,CONFLICTED,DOWN,0.0,0,1.597362093870959,0.7206378184615674,0.18480311648347517,0.21013125567768323,0.18480311648347517,0.21013125567768323,0.21013125567768323
2026-08-13,2026-08-13 11:17:21,Vij/God,1,CONFLICTED,DOWN,-2.0,0,1.597362093870959,0.7206378184615674,0.18480311648347517,0.21013125567768323,0.18480311648347517,0.21013125567768323,0.21013125567768323
2026-08-13,2026-08-13 11:17:21,Mysuru,1,CAPITULATION,DOWN,0.0,0,1.1850131684743095,0.6017199884719948,0.18944269524104582,0.2151047564152356,0.16524303551324745,0.2151047564152356,0.2151047564152356
2026-08-13,2026-08-13 11:17:21,Navapur,1,CAPITULATION,DOWN,-5.0,0,1.6104718683324535,0.7350232630320385,0.19430160432424956,0.21381530476431607,0.16425248138280227,0.21381530476431607,0.21381530476431607
2026-08-13,2026-08-13 11:17:21,Barwala,1,CAPITULATION,DOWN,-5.0,0,1.5196068077367648,0.5990121400050638,0.19430160432424953,0.21381530476431607,0.16425248138280227,0.21381530476431607,0.21381530476431607
2026-08-13,2026-08-13 11:17:21,Bilashpur,1,CAPITULATION,DOWN,0.0,0,1.1755049945407436,0.5990121400050636,0.19430160432424953,0.21381530476431604,0.16425248138280224,0.21381530476431604,0.21381530476431604
2026-08-13,2026-08-13 11:17:21,Hospet,1,CONFLICTED,DOWN,0.0,0,1.5973620938709592,0.7206378184615675,0.1848031164834752,0.21013125567768326,0.1848031164834752,0.21013125567768326,0.21013125567768326
2026-08-14,2026-08-14 10:46:30,Bilashpur,1,PANIC,DOWN,0.0,0,1.2750959471816539,0.5725658447039382,0.12554035656327558,0.2012218308113992,0.2707941510025268,0.2012218308113992,0.2012218308113992
2026-08-14,2026-08-14 10:46:30,Siddipet,1,PANIC,DOWN,10.0,0,0.8765470674482878,0.6620223060623742,0.1328209658981884,0.1995464904445916,0.26853956276803675,0.1995464904445916,0.1995464904445916
2026-08-14,2026-08-14 10:46:30,Namakkal,1,PANIC,DOWN,-10.0,1,0.3203653206773549,0.561975381907592,0.13057935242327073,0.19617875328932954,0.28088438770874063,0.19617875328932954,0.19617875328932954
2026-08-14,2026-08-14 10:46:30,Nasik,1,PANIC,DOWN,10.0,0,0.8835644656762285,0.6646670089887975,0.13128410669152107,0.20131815919272988,0.2647614157302891,0.20131815919272988,0.20131815919272988
2026-08-14,2026-08-14 10:46:30,Benglore,1,PANIC,DOWN,0.0,0,1.5086432462808541,0.5657390533885835,0.1291013343062355,0.1979709778040874,0.27698573228150236,0.1979709778040874,0.1979709778040874
2026-08-14,2026-08-14 10:46:30,Kolkata Sell,1,PANIC,DOWN,10.0,0,0.860960631139794,0.6561099874029483,0.1291013343062355,0.19797097780408737,0.2769857322815023,0.19797097780408737,0.19797097780408737
2026-08-14,2026-08-14 10:46:30,Mumbai,1,PANIC,DOWN,10.0,0,0.8380514880393779,0.647321978631723,0.1268596404323764,0.19453344301383788,0.28954003052610977,0.19453344301383788,0.19453344301383788
2026-08-14,2026-08-14 10:46:30,Wankaner,1,PANIC,DOWN,15.0,0,0.7193615546219538,0.5513359722071244,0.12462868016539534,0.19111236771767828,0.30203421668156977,0.19111236771767828,0.19111236771767828
2026-08-14,2026-08-14 10:46:30,Mahuva,1,PANIC,FLAT,10.0,0,0.5847359612417684,0.5407106255853349,0.13015412377139549,0.18605267885015947,0.31168783967812613,0.18605267885015947,0.18605267885015947
2026-08-14,2026-08-14 10:46:30,Gujrat Necc Selling rate,1,PANIC,FLAT,5.0,1,1.501457058622314,0.5269912821325134,0.14314082612428985,0.17951965815833976,0.31830019940069093,0.17951965815833976,0.17951965815833976
2026-08-14,2026-08-14 10:46:30,Nagpur,1,PANIC,DOWN,0.0,0,1.5323545211870722,0.6271898604195164,0.14314082612428985,0.17951965815833978,0.318300199400691,0.17951965815833978,0.17951965815833978
2026-08-14,2026-08-14 10:46:30,Navapur,1,PANIC,DOWN,0.0,0,1.5323545211870717,0.6271898604195163,0.1431408261242898,0.17951965815833973,0.3183001994006909,0.17951965815833973,0.17951965815833973
2026-08-14,2026-08-14 10:46:30,Pune,1,PANIC,DOWN,0.0,0,1.5323545211870722,0.6271898604195164,0.14314082612428983,0.17951965815833976,0.31830019940069093,0.17951965815833976,0.17951965815833976
2026-08-14,2026-08-14 10:46:30,Barwala,1,PANIC,DOWN,14.0,0,0.7867342420261046,0.6271898604195163,0.14314082612428985,0.17951965815833976,0.318300199400691,0.17951965815833976,0.17951965815833976
2026-08-14,2026-08-14 10:46:30,Jabalpur,1,PANIC,DOWN,0.0,0,1.2292827796825747,0.5194380801596182,0.1402729307072711,0.1759228953141039,0.3319583833504173,0.1759228953141039,0.1759228953141039
2026-08-14,2026-08-14 10:46:30,Bhopal,1,PANIC,DOWN,0.0,0,1.5288021247904535,0.6200044265651342,0.14906106041814454,0.17412461155830145,0.3285651049069511,0.17412461155830145,0.17412461155830145
2026-08-14,2026-08-14 10:46:30,Anand,1,PANIC,FLAT,5.0,1,1.5004905767084984,0.515661684272433,0.14906106041814454,0.17412461155830142,0.32856510490695107,0.17412461155830142,0.17412461155830142
2026-08-14,2026-08-14 10:46:30,Vij/God,1,PANIC,DOWN,5.0,0,1.5288021247904535,0.6200044265651342,0.14906106041814457,0.17412461155830145,0.3285651049069511,0.17412461155830145,0.17412461155830145
2026-08-14,2026-08-14 10:46:30,Raipur Td,1,PANIC,DOWN,20.0,0,0.7688109779207218,0.6200044265651342,0.14906106041814457,0.17412461155830147,0.3285651049069511,0.17412461155830147,0.17412461155830147
2026-08-14,2026-08-14 10:46:30,Mysuru,1,PANIC,DOWN,0.0,0,1.2164610913788878,0.5074080866872722,0.145696502245317,0.17019432699393916,0.3437205167728656,0.17019432699393916,0.17019432699393916
2026-08-14,2026-08-14 10:46:30,Surat,1,PANIC,DOWN,5.0,0,1.1978470322282138,0.5032975106835357,0.15552190796102844,0.1682369098493027,0.33976736249106354,0.1682369098493027,0.1682369098493027
2026-08-14,2026-08-14 10:46:30,Davangere,1,PANIC,DOWN,0.0,0,1.1792455165203393,0.4991576273026808,0.16541736635801604,0.16626553681080036,0.33578602320958295,0.16626553681080036,0.16626553681080036
2026-08-14,2026-08-14 10:46:30,Hospet,1,PANIC,DOWN,0.0,0,1.527732647871768,0.6177553562938185,0.17537899139769958,0.16428098205496608,0.3317780624374022,0.16428098205496608,0.16428098205496608
2026-08-14,2026-08-14 10:46:30,Metapally,1,PANIC,DOWN,5.0,0,1.5277326478717685,0.6177553562938185,0.1753789913976996,0.16428098205496608,0.33177806243740227,0.16428098205496608,0.16428098205496608
2026-08-16,2026-08-16 10:44:37,Vij/God,1,NORMAL,FLAT,0.0,1,0.4757536954615069,0.43797157317495544,0.14267323398602155,0.14301843397423328,0.42023388261111416,0.20543979335310797,0.08863465607552314
2026-08-16,2026-08-16 10:44:37,Nasik,1,NORMAL,FLAT,0.0,1,0.4644219131517893,0.44467420080871206,0.1390236850714275,0.1393600549223591,0.42227428177362636,0.21297457652453367,0.08636740170805336
2026-08-16,2026-08-16 10:44:37,Anand,1,NORMAL,FLAT,0.0,1,0.4534639383071819,0.45123437420689877,0.13545170181156038,0.13577942919645436,0.4242713153310603,0.22034921925022377,0.08414833441070126
2026-08-16,2026-08-16 10:44:37,Mumbai,1,NORMAL,FLAT,0.0,1,0.4428686635350846,0.45765364039429407,0.13195644185877553,0.1322757124108019,0.4262254542252962,0.2275654606236953,0.08197693088143108
2026-08-16,2026-08-16 10:44:37,Surat,1,NORMAL,FLAT,0.0,1,0.4326251854527767,0.46393360856068494,0.1285370290168761,0.12884802624923533,0.42813718832235,0.2346251096214857,0.07985264679005291
2026-08-16,2026-08-16 10:44:37,Hospet,1,NORMAL,DOWN,0.0,0,0.44766179120695143,0.4700759452353879,0.125192555868564,0.125495461098947,0.4300070249434108,0.24153003967857212,0.0777749184105062
2026-08-16,2026-08-16 10:44:37,Navapur,1,NORMAL,DOWN,0.0,0,0.43680407779946134,0.4760823695824248,0.12192208633719401,0.12221707861844044,0.4318354874326089,0.24828218339942648,0.07574316421233013
2026-08-16,2026-08-16 10:44:37,Pune,1,NORMAL,DOWN,-15.0,1,0.8531084961094461,0.5650619095483835,0.11872465817927083,0.11901191423605817,0.4336231137635044,0.2548835274120583,0.07375678640910825
2026-08-16,2026-08-16 10:44:37,Bilashpur,1,NORMAL,DOWN,20.0,0,1.1111973888570919,0.542148172962902,0.12081083268093382,0.1334227899244413,0.40848734500396494,0.2451992122621042,0.09207982012855594
2026-08-16,2026-08-16 10:44:37,Benglore,1,NORMAL,FLAT,0.0,1,0.4427066960369885,0.4579148603708091,0.12862938408096888,0.1285142605322216,0.40572248245359077,0.2484416037904223,0.08869226914279647
2026-08-16,2026-08-16 10:44:37,Kolkata Sell,1,NORMAL,FLAT,0.0,1,0.4329671205716351,0.463884966136969,0.12545723138801282,0.12534494692209086,0.40804747750279197,0.2546453312643065,0.08650501292279773
2026-08-16,2026-08-16 10:44:37,Nagpur,1,NORMAL,DOWN,0.0,0,0.30698524677245914,0.5553817869933496,0.12234670117730234,0.12223720064196436,0.4103273070193067,0.26072854465103334,0.08436024651039328
2026-08-16,2026-08-16 10:44:37,Bhopal,1,NORMAL,DOWN,0.0,0,0.2991472298668067,0.5607217891042571,0.13013734550669012,0.1177236134810617,0.40748431806610097,0.2634094637190047,0.08124525922714247
2026-08-16,2026-08-16 10:44:37,Mahuva,1,NORMAL,FLAT,0.0,1,0.42283473771398083,0.4695171388132003,0.13758872218818605,0.11340658440122275,0.4047651358398305,0.2659736338933129,0.07826592367744793
2026-08-16,2026-08-16 10:44:37,Mysuru,1,NORMAL,DOWN,0.0,0,0.2870402354608229,0.5691276665285548,0.1342062735221836,0.11061862370195005,0.4071063672584557,0.2717268828315818,0.07634185268582877
2026-08-16,2026-08-16 10:44:37,Wankaner,1,NORMAL,FLAT,-5.0,1,0.4140054349568971,0.4748713642160835,0.14149906978383522,0.10656734565783234,0.40440451595542304,0.2739831472104106,0.07354592139249887
2026-08-16,2026-08-16 10:44:37,Siddipet,1,NORMAL,FLAT,0.0,1,0.4053254721706788,0.48039894661545096,0.13802484374883753,0.10395079809090739,0.4067516714526517,0.2795325379979925,0.07174014870961087
2026-08-16,2026-08-16 10:44:37,Jabalpur,1,NORMAL,DOWN,0.0,0,0.2717275658346412,0.5800524925190492,0.134617359790138,0.10138451605523753,0.40905373661042016,0.2849753214837979,0.06996906606040644
2026-08-16,2026-08-16 10:44:37,Gujrat Necc Selling rate,1,NORMAL,FLAT,5.0,1,0.3977893348344106,0.4851160093814672,0.14192467205297848,0.09765633907870705,0.40626929698260333,0.28675357356235004,0.06739611832336123
2026-08-16,2026-08-16 10:44:37,Namakkal,1,NORMAL,DOWN,0.0,0,0.4114817825177739,0.4904129646907458,0.13842618599552622,0.09524908080749432,0.40857978713853016,0.2920101624196781,0.06573478363877118
2026-08-16,2026-08-16 10:44:37,Barwala,1,NORMAL,FLAT,1.0,1,0.3843821230520797,0.49560713569598375,0.13499558600348613,0.0928885339679637,0.4108454435911685,0.297164750260237,0.06410568617714484
2026-08-16,2026-08-16 10:44:37,Metapally,1,NORMAL,FLAT,0.0,1,0.3740647458022389,0.5006991457797751,0.13163246035065201,0.09057441525719531,0.413066538255092,0.30221795571601523,0.06250863042104536
2026-08-16,2026-08-16 10:44:37,Raipur Td,1,NORMAL,FLAT,10.0,0,0.8153996762608189,0.5056896869468142,0.1283363519879017,0.08830641018621829,0.41524337297729436,0.30717046551815436,0.060943399330431205
2026-08-16,2026-08-16 10:44:37,Davangere,1,NORMAL,DOWN,0.0,0,0.26323537191908974,0.5862631021581132,0.14307103324026024,0.08195916156775492,0.39737628776360345,0.2970713963648695,0.08052212106351193
2026-08-17,2026-08-17 11:04:25,Surat,1,CONFLICTED,FLAT,0.0,1,1.0918070787095253,0.44418375794875653,0.1848031164834752,0.21013125567768323,0.1848031164834752,0.21013125567768323,0.21013125567768323
2026-08-17,2026-08-17 11:04:25,Barwala,1,CONFLICTED,UP,-10.0,0,0.8237928339002822,0.5512616925965259,0.18272903751326075,0.21899609617930485,0.18272903751326075,0.20777291439708687,0.20777291439708687
2026-08-17,2026-08-17 11:04:25,Bilashpur,1,CONFLICTED,FLAT,5.0,1,1.0697762063877074,0.44677902814463644,0.176599127879928,0.2228317040335205,0.176599127879928,0.22316716848497026,0.20080287172165331
2026-08-17,2026-08-17 11:04:25,Benglore,1,CONFLICTED,DOWN,0.0,0,0.7827930738730329,0.44339675388011646,0.17458649683554756,0.2316887865001671,0.17458649683554756,0.2206238197336405,0.19851440009509733
2026-08-17,2026-08-17 11:04:25,Gujrat Necc Selling rate,1,CONFLICTED,FLAT,0.0,1,1.0428905247064713,0.43666075335941895,0.18205755947604774,0.23784885626897703,0.17057822231294825,0.21555858930777383,0.19395677263425323
2026-08-17,2026-08-17 11:04:25,Navapur,1,CONFLICTED,DOWN,0.0,0,1.0689665523547585,0.559257738225948,0.1799282226380891,0.2467629409744367,0.16858314727420892,0.2130374259665074,0.19168826314675777
2026-08-17,2026-08-17 11:04:25,Wankaner,1,CONFLICTED,DOWN,0.0,0,0.7410796940286596,0.42993264288482463,0.17778455259060888,0.2557370290769633,0.1665746427826786,0.21049929191315625,0.18940448363659312
2026-08-17,2026-08-17 11:04:25,Hospet,1,CONFLICTED,DOWN,0.0,0,0.7207167695352802,0.42322096760894434,0.1855100019329853,0.2615934869943477,0.16258084305988932,0.20545235319759847,0.18486331481517912
2026-08-17,2026-08-17 11:04:25,Siddipet,1,CONFLICTED,FLAT,0.0,1,0.9913179442556902,0.41663051103520177,0.19309592293046737,0.2673441721800835,0.15865917483916095,0.20049656659171844,0.1804041634585698
2026-08-17,2026-08-17 11:04:25,Davangere,1,CONFLICTED,DOWN,0.0,0,0.6913070051668545,0.4133560260158522,0.19072451500540127,0.27634190662248087,0.1567106840637575,0.19803427148083022,0.17818862282753004
2026-08-17,2026-08-17 11:04:25,Mysuru,1,CONFLICTED,DOWN,0.0,0,0.6722558386904494,0.40685211529729226,0.1983624649406085,0.28186542659966635,0.1528405151778791,0.19314356424921045,0.17378802903263565
2026-08-17,2026-08-17 11:04:25,Jabalpur,1,CONFLICTED,DOWN,-5.0,0,0.6538373160220756,0.40047500440009,0.2058515058994733,0.2872812603897746,0.14904579885348082,0.18834820592844087,0.16947322892883052
2026-08-17,2026-08-17 11:04:25,Nasik,1,CONFLICTED,FLAT,-30.0,0,0.5696844458715713,0.4009630456242056,0.21319257774793557,0.29259008767365424,0.14532605885807245,0.18364759470662334,0.16524368101371428
2026-08-17,2026-08-17 11:04:25,Bhopal,1,CONFLICTED,DOWN,0.0,0,0.6652665505433035,0.41330779823321406,0.20030830037821795,0.2869944127028103,0.13654328944295172,0.19672283601592092,0.17943116146009921
2026-08-17,2026-08-17 11:04:25,Anand,1,CONFLICTED,FLAT,5.0,1,0.9493467557331002,0.40690530232183597,0.20759549389993398,0.29217377849038567,0.13322315286420022,0.19193939564036822,0.17506817910511177
2026-08-17,2026-08-17 11:04:25,Pune,1,CONFLICTED,DOWN,0.0,0,0.9811538855389819,0.5472431690330851,0.20502573583585956,0.30093573235805704,0.13157402616610714,0.18956343939731915,0.17290106624265705
2026-08-17,2026-08-17 11:04:25,Metapally,1,CONFLICTED,FLAT,0.0,1,0.9202135522758542,0.40052803413813537,0.2024422637938882,0.30974444597457607,0.12991609860562822,0.1871748034347833,0.17072238819112429
2026-08-17,2026-08-17 11:04:25,Kolkata Sell,1,CONFLICTED,UP,0.0,0,0.9293802078325241,0.497640524213607,0.19984617529284882,0.3185961771941419,0.1282500745088351,0.18477450250070523,0.16853307050346888
2026-08-17,2026-08-17 11:04:25,Raipur Td,1,CONFLICTED,UP,0.0,0,0.9143135683347814,0.49310452449177883,0.19723859035266564,0.3274871071502849,0.12657667264174127,0.18236357214717389,0.1663340577081342
2026-08-17,2026-08-17 11:04:25,Mahuva,1,CONFLICTED,FLAT,0.0,1,0.8768625053407909,0.3908485651350954,0.19462064964184594,0.33641334657226846,0.12489662502146365,0.17994306701762006,0.16412631174680198
2026-08-17,2026-08-17 11:04:25,Nagpur,1,CONFLICTED,DOWN,0.0,0,0.5952270558780715,0.38759740858596947,0.19199351254711872,0.345370942366929,0.1232106756774246,0.17751405906203602,0.1619108103464918
2026-08-17,2026-08-17 11:04:25,Mumbai,1,CONFLICTED,FLAT,0.0,1,0.8557628771229069,0.3811635510887979,0.2003339648284371,0.34955811480981835,0.11987427594917612,0.17270718778112978,0.1575264566314386
2026-08-17,2026-08-17 11:04:25,Namakkal,1,CONFLICTED,DOWN,0.0,0,0.8817888261679265,0.5162846683953985,0.19757616613242612,0.3585121021396483,0.11822408586692514,0.17032969948221643,0.155357946378784
2026-08-17,2026-08-17 11:04:25,Vij/God,1,CONFLICTED,DOWN,0.0,0,0.5618152696345943,0.3936100009558079,0.1948114489107212,0.3674885524547186,0.11656975593121045,0.16794624674728142,0.15318399595606827
2026-08-18,2026-08-18 11:19:16,Jabalpur,1,PANIC,DOWN,0.0,0,0.9935699673475504,0.6177553562938184,0.17537899139769958,0.16428098205496605,0.33177806243740215,0.16428098205496605,0.16428098205496605
2026-08-18,2026-08-18 11:19:16,Siddipet,1,PANIC,DOWN,0.0,0,0.8943776229390019,0.49053648199238953,0.17311497132732112,0.1621602295201855,0.3404043401121224,0.1621602295201855,0.1621602295201855
2026-08-18,2026-08-18 11:19:16,Hospet,1,PANIC,DOWN,-10.0,1,0.4190797020221996,0.4860639556711026,0.17084131987787793,0.16003045508147742,0.34906731487768977,0.16003045508147742,0.16003045508147742
2026-08-18,2026-08-18 11:19:16,Kolkata Sell,1,PANIC,DOWN,0.0,0,0.9199602268862921,0.5045292941202528,0.16636109753858067,0.1688234733905966,0.32716848228962936,0.1688234733905966,0.1688234733905966
2026-08-18,2026-08-18 11:19:16,Barwala,1,PANIC,DOWN,-10.0,1,0.22579619626156594,0.6151240600969753,0.1642919238484014,0.16672367304909255,0.335537057004321,0.16672367304909255,0.16672367304909255
2026-08-18,2026-08-18 11:19:16,Raipur Td,1,PANIC,DOWN,5.0,0,0.9453462583104799,0.5121779883383248,0.17028555513013655,0.17246570873253564,0.3123173186722564,0.17246570873253564,0.17246570873253564
2026-08-18,2026-08-18 11:19:16,Bhopal,1,PANIC,DOWN,0.0,0,0.7133786268614443,0.5079359428193823,0.16829106871920185,0.1704456870568487,0.32037187011025203,0.1704456870568487,0.1704456870568487
2026-08-18,2026-08-18 11:19:16,Benglore,1,PANIC,DOWN,0.0,0,0.6938406871319185,0.4994957298065489,0.17611284268304772,0.16642653800311852,0.32460754330759684,0.16642653800311852,0.16642653800311852
2026-08-18,2026-08-18 11:19:16,Surat,1,PANIC,DOWN,0.0,0,0.9116158117061207,0.4912012906199916,0.18379952409446101,0.1624768050571389,0.3287700607341223,0.1624768050571389,0.1624768050571389
2026-08-18,2026-08-18 11:19:16,Wankaner,1,PANIC,DOWN,0.0,0,0.8980066089482581,0.48707771967567104,0.18157822424017647,0.16051319984555765,0.3368821762231507,0.16051319984555765,0.16051319984555765
2026-08-18,2026-08-18 11:19:16,Pune,1,PANIC,DOWN,-5.0,0,0.9680132789069839,0.6084702915661309,0.17934374001226505,0.15853793978930728,0.34504244061981304,0.15853793978930728,0.15853793978930728
2026-08-18,2026-08-18 11:19:16,Bilashpur,1,PANIC,DOWN,0.0,0,0.8708660655725743,0.4787588743771038,0.17709699908386542,0.156551844941478,0.3532474660917005,0.156551844941478,0.156551844941478
2026-08-18,2026-08-18 11:19:16,Metapally,1,PANIC,DOWN,0.0,0,0.8573495409101748,0.474567084403131,0.17483895076019068,0.15455575447768144,0.361493785806765,0.15455575447768144,0.15455575447768144
2026-08-18,2026-08-18 11:19:16,Davangere,1,PANIC,DOWN,0.0,0,0.6285765587007033,0.4703561032484661,0.17257056446308208,0.15255052535641245,0.36977785946768066,0.15255052535641245,0.15255052535641245
2026-08-18,2026-08-18 11:19:16,Mysuru,1,PANIC,DOWN,0.0,0,0.6105086018879127,0.46200959110983886,0.18110136419045023,0.14857599576658995,0.3731706485097799,0.14857599576658995,0.14857599576658995
2026-08-18,2026-08-18 11:19:16,Mahuva,1,PANIC,DOWN,0.0,0,0.8282175434521483,0.4538483323124759,0.18944282025822712,0.14468968205355995,0.376488133581093,0.14468968205355995,0.14468968205355995
2026-08-18,2026-08-18 11:19:16,Namakkal,1,PANIC,DOWN,0.0,0,0.8935086062961917,0.5806518154844809,0.18692253821493088,0.14276478034953777,0.3847831207364557,0.14276478034953777,0.14276478034953777
2026-08-18,2026-08-18 11:19:16,Vij/God,1,PANIC,DOWN,0.0,0,0.8019477144191691,0.44574979804597337,0.1843935604524291,0.14083323716474921,0.39310672805332314,0.14083323716474921,0.14083323716474921
2026-08-18,2026-08-18 11:19:16,Anand,1,PANIC,DOWN,0.0,0,0.7889118985907979,0.4416814285906233,0.18185702066756917,0.1388959183764873,0.40145522420296903,0.1388959183764873,0.1388959183764873
2026-08-18,2026-08-18 11:19:16,Mumbai,1,PANIC,DOWN,0.0,0,0.7759512382489832,0.43760277088022953,0.1793140663796702,0.13695370041915692,0.409824832362859,0.13695370041915692,0.13695370041915692
2026-08-18,2026-08-18 11:19:16,Nasik,1,PANIC,DOWN,-30.0,1,0.3042275005538908,0.5572517841281274,0.17676585688173402,0.1350074687194827,0.418211736959818,0.1350074687194827,0.1350074687194827
2026-08-18,2026-08-18 11:19:16,Nagpur,1,PANIC,DOWN,0.0,0,0.5952353639158998,0.4548515659672526,0.1820612236821595,0.14516741236535843,0.38243653922176524,0.14516741236535843,0.14516741236535843
2026-08-18,2026-08-18 11:19:16,Navapur,1,PANIC,DOWN,0.0,0,0.5785659095069531,0.44692715464274946,0.19032582823341976,0.14139388316321402,0.38549252227693803,0.14139388316321402,0.14139388316321402
2026-08-18,2026-08-18 11:19:16,Gujrat Necc Selling rate,1,PANIC,DOWN,0.0,0,0.8064080539583887,0.4391776912428526,0.1984079743843363,0.13770366249659646,0.3884810381258742,0.13770366249659646,0.13770366249659646
2026-08-19,2026-08-19 10:41:53,Wankaner,1,PANIC,DOWN,0.0,0,0.8719542434367817,0.5723809710814729,0.19577421870926157,0.13587572284999513,0.39659861274075303,0.13587572284999513,0.13587572284999513
2026-08-19,2026-08-19 10:41:53,Bhopal,1,PANIC,DOWN,0.0,0,0.5468079024026212,0.4314868716968985,0.19313121904090036,0.1340413674747136,0.40474467853495877,0.1340413674747136,0.1340413674747136
2026-08-19,2026-08-19 10:41:53,Siddipet,1,PANIC,DOWN,-10.0,1,0.536025135812294,0.42613627678122346,0.2014417532638622,0.13041129677084595,0.4073243564236,0.13041129677084595,0.13041129677084595
2026-08-19,2026-08-19 10:41:53,Namakkal,1,PANIC,DOWN,0.0,0,0.5830957817044377,0.44909244494861666,0.19376254520060376,0.14242497378505556,0.3789625334442297,0.14242497378505556,0.14242497378505556
2026-08-19,2026-08-19 10:41:53,Navapur,1,PANIC,DOWN,0.0,0,0.5673853838715743,0.4415439883841328,0.20149132660251592,0.1388304706591109,0.38201726142015147,0.1388304706591109,0.1388304706591109
2026-08-19,2026-08-19 10:41:53,Mahuva,1,PANIC,DOWN,0.0,0,0.5522191386940911,0.4341508316275694,0.2090610982443635,0.1353099198226521,0.3850091422876799,0.1353099198226521,0.1353099198226521
2026-08-19,2026-08-19 10:41:53,Benglore,1,PANIC,DOWN,0.0,0,0.5375804182218011,0.42691155506812206,0.21647331364998829,0.13186264527053435,0.3879387505384087,0.13186264527053435,0.13186264527053435
2026-08-19,2026-08-19 10:41:53,Raipur Td,1,PANIC,DOWN,-10.0,1,0.505451159655417,0.4198246577980616,0.22372950958225582,0.12848793228479125,0.3908066935633704,0.12848793228479125,0.12848793228479125
2026-08-19,2026-08-19 10:41:53,Hospet,1,PANIC,DOWN,-10.0,1,0.25671757869197986,0.5911081172804736,0.20481587539647436,0.1417795259537817,0.3698455467421806,0.1417795259537817,0.1417795259537817
2026-08-19,2026-08-19 10:41:53,Mysuru,1,PANIC,DOWN,0.0,0,0.6164290745636688,0.4647587769382119,0.2065697821456047,0.149885131875339,0.34377482222837824,0.149885131875339,0.149885131875339
2026-08-19,2026-08-19 10:41:53,Vij/God,1,PANIC,DOWN,0.0,0,0.6011964691685768,0.45765676996006377,0.21319054575090535,0.1465032237905066,0.347299782877575,0.1465032237905066,0.1465032237905066
2026-08-19,2026-08-19 10:41:53,Jabalpur,1,PANIC,DOWN,0.0,0,0.9570825545546167,0.6044602838115767,0.21971040891856278,0.1431728559850394,0.35077102312631914,0.1431728559850394,0.1431728559850394
2026-08-19,2026-08-19 10:41:53,Nagpur,1,PANIC,DOWN,-15.0,1,0.4903725367608537,0.4471807157717189,0.21716572080015178,0.1415146265579614,0.358290399525964,0.1415146265579614,0.1415146265579614
2026-08-19,2026-08-19 10:41:53,Barwala,1,PANIC,DOWN,10.0,0,1.1547659574363405,0.6134356089441969,0.2091295231498723,0.15097378225680305,0.3379491300797186,0.15097378225680305,0.15097378225680305
2026-08-19,2026-08-19 10:41:53,Anand,1,PANIC,DOWN,0.0,0,0.8767366163153394,0.4635221451821608,0.20680581166938028,0.14929625961055273,0.34530540949896155,0.14929625961055273,0.14929625961055273
2026-08-19,2026-08-19 10:41:53,Davangere,1,PANIC,DOWN,0.0,0,0.6061388453664789,0.4599714223051914,0.20446368005964008,0.14760543919294827,0.3527200023615153,0.14760543919294827,0.14760543919294827
2026-08-19,2026-08-19 10:41:53,Surat,1,PANIC,DOWN,0.0,0,0.5911034828041116,0.45289841958662436,0.21120729912886937,0.14423734266029734,0.3560806728902386,0.14423734266029734,0.14423734266029734
2026-08-19,2026-08-19 10:41:53,Pune,1,PANIC,DOWN,-5.0,0,0.9407608387854381,0.5984281100404995,0.217844708946285,0.1409222922752857,0.35938841422785794,0.1409222922752857,0.1409222922752857
2026-08-19,2026-08-19 10:41:53,Mumbai,1,PANIC,DOWN,0.0,0,0.569304295319496,0.44247188103291946,0.21529410614781644,0.13927232430139025,0.36688892094801284,0.13927232430139025,0.13927232430139025
2026-08-19,2026-08-19 10:41:53,Nasik,1,PANIC,DOWN,0.0,0,0.9208123965043218,0.5909813798088959,0.22200516132974282,0.13598941279908378,0.3700266002730058,0.13598941279908378,0.13598941279908378
2026-08-19,2026-08-19 10:41:53,Kolkata Sell,1,PANIC,DOWN,0.0,0,0.54815127366653,0.4321495211801595,0.21934007907364103,0.13435691484769502,0.37758917638327383,0.13435691484769502,0.13435691484769502
2026-08-19,2026-08-19 10:41:53,Gujrat Necc Selling rate,1,PANIC,DOWN,0.0,0,0.8141432924739955,0.42533451177923465,0.22611910882912536,0.131111672275826,0.38054587434339643,0.131111672275826,0.131111672275826
2026-08-19,2026-08-19 10:41:53,Bilashpur,1,PANIC,DOWN,-5.0,0,0.8022827670893183,0.42194862617489104,0.22333844239358097,0.12949934579756717,0.38816352021371736,0.12949934579756717,0.12949934579756717
2026-08-19,2026-08-19 10:41:53,Metapally,1,PANIC,DOWN,-15.0,1,0.5467451389885032,0.4314558909660856,0.22054247476519892,0.12787814715900686,0.3958230837577804,0.12787814715900686,0.12787814715900686
2026-08-20,2026-08-20 10:50:15,Mysuru,1,PANIC,DOWN,0.0,0,0.5694554919404152,0.4425449216929943,0.2116009876767715,0.13930710556809253,0.3704776956189509,0.13930710556809253,0.13930710556809253
2026-08-20,2026-08-20 10:50:15,Navapur,1,PANIC,DOWN,0.0,0,0.5552867705436368,0.4356548592462608,0.2183934050360741,0.1360261234506004,0.3735282246121247,0.1360261234506004,0.1360261234506004
2026-08-20,2026-08-20 10:50:15,Nasik,1,PANIC,DOWN,50.0,0,1.1358703446073086,0.5864316335284206,0.2250688888550016,0.13280162444281884,0.3765262378165419,0.13280162444281884,0.13280162444281884
2026-08-20,2026-08-20 10:50:15,Anand,1,PANIC,DOWN,0.0,0,0.8090839465623944,0.4255168513007841,0.22235195448659337,0.131198500619421,0.3840525436551438,0.131198500619421,0.131198500619421
2026-08-20,2026-08-20 10:50:15,Jabalpur,1,PANIC,DOWN,0.0,0,0.8809962935919624,0.5758633856624454,0.21961881690419194,0.129585816109291,0.39162373476793505,0.129585816109291,0.129585816109291
2026-08-20,2026-08-20 10:50:15,Nagpur,1,PANIC,DOWN,5.0,0,0.8671791422023623,0.5705343299168381,0.21687060948024012,0.1279642396574619,0.3992366715473742,0.1279642396574619,0.1279642396574619
2026-08-20,2026-08-20 10:50:15,Surat,1,PANIC,DOWN,0.0,0,0.5145428024769143,0.4346976430421151,0.2141084921701763,0.12633445569423088,0.4068881407471311,0.12633445569423088,0.12633445569423088
2026-08-20,2026-08-20 10:50:15,Barwala,1,PANIC,DOWN,0.0,0,0.7690037201146839,0.4085137094286128,0.22142398194012547,0.12310176639457751,0.409270718876142,0.12310176639457751,0.12310176639457751
2026-08-20,2026-08-20 10:50:15,Vij/God,1,PANIC,DOWN,0.0,0,0.4948348505795852,0.4448516632437507,0.2185414492517267,0.12149920797916632,0.4169609268107744,0.12149920797916632,0.12149920797916632
2026-08-20,2026-08-20 10:50:15,Benglore,1,PANIC,DOWN,0.0,0,0.4821143051441912,0.45152122268036593,0.22589875581709348,0.11832322729506384,0.41913156229771487,0.11832322729506384,0.11832322729506384
2026-08-20,2026-08-20 10:50:15,Bilashpur,1,PANIC,DOWN,0.0,0,0.8278585932703616,0.5551224457477933,0.23309150744149287,0.11521828120892778,0.42125364893172385,0.11521828120892778,0.11521828120892778
2026-08-20,2026-08-20 10:50:15,Gujrat Necc Selling rate,1,PANIC,DOWN,5.0,0,0.46383962081508123,0.46127075743755325,0.22998069583511774,0.1136805916964032,0.4289775290756727,0.1136805916964032,0.1136805916964032
2026-08-20,2026-08-20 10:50:15,Wankaner,1,PANIC,DOWN,0.0,0,0.45206241158015886,0.4676640121419708,0.23721190960728097,0.11063618469429963,0.43087953630982007,0.11063618469429963,0.11063618469429963
2026-08-20,2026-08-20 10:50:15,Mahuva,1,PANIC,DOWN,0.0,0,0.44072132185838503,0.4739061506413632,0.2442722004875065,0.10766373778982703,0.43273658614301247,0.10766373778982703,0.10766373778982703
2026-08-20,2026-08-20 10:50:15,Pune,1,PANIC,DOWN,0.0,0,0.8045735318761076,0.5458154040760054,0.2511643977375445,0.10476205983796393,0.43454942274856356,0.10476205983796393,0.10476205983796393
2026-08-20,2026-08-20 10:50:15,Hospet,1,PANIC,DOWN,0.0,0,0.7911644159197078,0.5403919141164059,0.24772292584102162,0.10332660287032894,0.44229726554799154,0.10332660287032894,0.10332660287032894
2026-08-20,2026-08-20 10:50:15,Metapally,1,PANIC,DOWN,0.0,0,0.7778380381518211,0.5349541122706777,0.24427237234680702,0.10188735791805373,0.4500655538990317,0.10188735791805373,0.10188735791805373
2026-08-20,2026-08-20 10:50:15,Namakkal,1,PANIC,DOWN,0.0,0,0.41382770332807217,0.4890655420088519,0.24081430763600484,0.10044497999578479,0.4578507523766408,0.10044497999578479,0.10044497999578479
2026-08-20,2026-08-20 10:50:15,Siddipet,1,PANIC,DOWN,0.0,0,0.7625793748014883,0.5286676961712827,0.2481650800565199,0.0975962572055804,0.45904614832673873,0.0975962572055804,0.0975962572055804
2026-08-20,2026-08-20 10:50:15,Kolkata Sell,1,PANIC,DOWN,0.0,0,0.39840645926598206,0.49800090207005,0.24458940646784075,0.09619004663330952,0.46684045363223076,0.09619004663330952,0.09619004663330952
2026-08-20,2026-08-20 10:50:15,Bhopal,1,PANIC,DOWN,0.0,0,0.38852038644393905,0.5038287839583888,0.2519582649795362,0.09341486478171962,0.4677971406753048,0.09341486478171962,0.09341486478171962
2026-08-20,2026-08-20 10:50:15,Mumbai,1,PANIC,DOWN,-10.0,1,0.7170188937806241,0.5094950358132326,0.25912275612914637,0.09071664961274639,0.4687272950326145,0.09071664961274639,0.09071664961274639
2026-08-20,2026-08-20 10:50:15,Raipur Td,1,PANIC,DOWN,0.0,0,0.8087615659059304,0.5474996248617063,0.24484767866469842,0.10766964276019879,0.43214339305470517,0.10766964276019879,0.10766964276019879
2026-08-20,2026-08-20 10:50:15,Davangere,1,PANIC,DOWN,-30.0,1,0.6430541629027149,0.4769529703256949,0.24153488679760934,0.10621287127347857,0.4398264993819549,0.10621287127347857,0.10621287127347857
2026-08-21,2026-08-21 10:39:26,Siddipet,1,CONFLICTED,DOWN,0.0,0,1.646545536626808,0.7706894314771158,0.20336979408707606,0.3712045460719864,0.11330081217554874,0.16323656171615442,0.14888828594923426
2026-08-21,2026-08-21 10:39:26,Navapur,1,CONFLICTED,DOWN,0.0,0,1.1829309812105593,0.6283305756161626,0.20336979408707603,0.3712045460719864,0.11330081217554876,0.16323656171615442,0.14888828594923426
2026-08-21,2026-08-21 10:39:26,Mysuru,1,CONFLICTED,DOWN,0.0,0,1.1596437369835186,0.6213070999968154,0.2150669615149739,0.36575403504042836,0.11163718134671845,0.16083970884944687,0.14670211324843255
2026-08-21,2026-08-21 10:39:26,Benglore,1,CONFLICTED,DOWN,-30.0,1,0.2254992996911807,0.6142791066368153,0.22677165296255616,0.3603000180530442,0.10997248041342214,0.1584413142446851,0.14451453432629252
2026-08-21,2026-08-21 10:39:26,Mumbai,1,CONFLICTED,DOWN,-10.0,1,0.0963619454675248,0.7804983536878085,0.2186189097994872,0.3530536155104632,0.09928806616027354,0.17080656367161726,0.1582328448581588
2026-08-21,2026-08-21 10:39:26,Surat,1,CONFLICTED,DOWN,0.0,0,1.1584972806722396,0.6323474953769337,0.22184210824678388,0.3424688253907049,0.08909004121473953,0.17894063930056273,0.16765838584720902
2026-08-21,2026-08-21 10:39:26,Metapally,1,CONFLICTED,DOWN,0.0,0,1.666408681582342,0.7884516264318352,0.23200727258457257,0.33799511648463365,0.08792624795452107,0.17660311753990693,0.16546824543636585
2026-08-21,2026-08-21 10:39:26,Jabalpur,1,CONFLICTED,DOWN,5.0,0,1.1382522110267814,0.6260465356226345,0.2320072725845726,0.33799511648463365,0.08792624795452109,0.1766031175399069,0.16546824543636585
2026-08-21,2026-08-21 10:39:26,Vij/God,1,CONFLICTED,DOWN,0.0,0,1.117498909922902,0.6195277829345226,0.24252379624699505,0.3333667736456902,0.08672222813225841,0.17418479924317468,0.16320240273188175
2026-08-21,2026-08-21 10:39:26,Gujrat Necc Selling rate,1,CONFLICTED,DOWN,0.0,0,1.525534255158214,0.6129917146480536,0.25306825468598654,0.32872613665639416,0.08551501010250824,0.17176005722854282,0.16093054132656817
2026-08-21,2026-08-21 10:39:26,Kolkata Sell,1,CONFLICTED,DOWN,0.0,0,1.0968860534448017,0.6129917146480537,0.25306825468598654,0.32872613665639416,0.08551501010250824,0.17176005722854285,0.1609305413265682
2026-08-21,2026-08-21 10:39:26,Bilashpur,1,CONFLICTED,DOWN,0.0,0,1.6693762138234174,0.7910122109323058,0.2639579182359349,0.3239335742158226,0.08426827009670589,0.16925593386483123,0.1585843035867053
2026-08-21,2026-08-21 10:39:26,Namakkal,1,CONFLICTED,DOWN,-40.0,1,0.2328616733409204,0.6062416681671515,0.2639579182359349,0.3239335742158227,0.0842682700967059,0.16925593386483123,0.1585843035867053
2026-08-21,2026-08-21 10:39:26,Mahuva,1,CONFLICTED,DOWN,0.0,0,1.1042717714377275,0.6203085974027307,0.25210805871191116,0.3201937699211372,0.07602251642704501,0.18065152654785743,0.17102412839204914
2026-08-21,2026-08-21 10:39:26,Pune,1,CONFLICTED,DOWN,-5.0,0,1.6770603891380456,0.7975402402516721,0.26273287363422465,0.31564498505412736,0.07494251392618273,0.1780851276751826,0.16859449971028276
2026-08-21,2026-08-21 10:39:26,Raipur Td,1,CONFLICTED,DOWN,0.0,0,1.6770603891380456,0.7975402402516721,0.26273287363422465,0.31564498505412736,0.07494251392618273,0.1780851276751826,0.16859449971028276
2026-08-21,2026-08-21 10:39:26,Nasik,1,CONFLICTED,DOWN,10.0,0,0.7530767516230203,0.6136272287077148,0.2627328736342246,0.31564498505412736,0.07494251392618273,0.17808512767518256,0.16859449971028273
2026-08-21,2026-08-21 10:39:26,Anand,1,CONFLICTED,DOWN,0.0,0,1.042486115810242,0.5864525543734757,0.2766398585781041,0.29714402319735667,0.09985649231693083,0.1676469889104824,0.15871263699712607
2026-08-21,2026-08-21 10:39:26,Barwala,1,CONFLICTED,DOWN,0.0,0,1.0223581580037124,0.5799574053205342,0.2874046757166735,0.2927220197023192,0.09837045953970626,0.16515211937577773,0.15635072566552322
2026-08-21,2026-08-21 10:39:26,Bhopal,1,CONFLICTED,DOWN,0.0,0,1.0024255380049512,0.5734606957162938,0.2981720792546053,0.2882989537584847,0.09688406972211792,0.1626566504134293,0.15398824685136278
2026-08-21,2026-08-21 10:39:26,Nagpur,1,CONFLICTED,DOWN,-5.0,0,0.9826975052163951,0.5669654386239027,0.30893707545371807,0.2838768767084265,0.09539801222642086,0.16016173937939504,0.15162629623203946
2026-08-21,2026-08-21 10:39:26,Hospet,1,CONFLICTED,DOWN,-10.0,1,0.09308670391829202,0.7842609169409817,0.31969467504010757,0.279457838060869,0.09391297579859757,0.15766854259498586,0.1492659685054399
2026-08-21,2026-08-21 10:39:26,Davangere,1,CONFLICTED,DOWN,-10.0,1,0.08674397004778428,0.7917405823884737,0.31176495000418536,0.2761061823448335,0.0832277394450377,0.16817383685120255,0.16072729135474095
2026-08-21,2026-08-21 10:39:26,Wankaner,1,CONFLICTED,DOWN,5.0,0,1.0003783806832325,0.5841603349279496,0.30528069225800547,0.2733654820758103,0.07449025784492372,0.17676417703931596,0.17009939078194453
2026-08-22,2026-08-22 10:40:41,Kolkata Sell,1,PANIC,FLAT,0.0,1,1.0566944927604496,0.4357556528290218,0.22983642852161315,0.12064707009802329,0.4082223611843169,0.12064707009802329,0.12064707009802329
2026-08-22,2026-08-22 10:40:41,Bilashpur,1,PANIC,DOWN,0.0,0,1.5092191267553237,0.5678937653813801,0.23967227580902686,0.1191062725309816,0.4030089065980284,0.1191062725309816,0.1191062725309816
2026-08-22,2026-08-22 10:40:41,Metapally,1,PANIC,DOWN,5.0,0,1.5092191267553237,0.5678937653813801,0.2396722758090269,0.11910627253098159,0.40300890659802835,0.11910627253098159,0.11910627253098159
2026-08-22,2026-08-22 10:40:41,Nasik,1,PANIC,UP,-30.0,0,0.7197044167866912,0.5998768276849387,0.23967227580902686,0.11910627253098158,0.40300890659802835,0.11910627253098158,0.11910627253098158
2026-08-22,2026-08-22 10:40:41,Hospet,1,PANIC,DOWN,-10.0,1,0.3366192476147868,0.5897444408574171,0.22110834323098172,0.13569933361701422,0.37179365591797575,0.13569933361701422,0.13569933361701422
2026-08-22,2026-08-22 10:40:41,Gujrat Necc Selling rate,1,PANIC,FLAT,0.0,1,1.5035170519274825,0.5419347822665307,0.2238883942431624,0.1466977227302235,0.3360184375661671,0.1466977227302235,0.1466977227302235
2026-08-22,2026-08-22 10:40:41,Pune,1,PANIC,DOWN,0.0,0,1.5263521537618763,0.614787093703683,0.22388839424316237,0.1466977227302235,0.3360184375661671,0.1466977227302235,0.1466977227302235
2026-08-22,2026-08-22 10:40:41,Surat,1,PANIC,FLAT,0.0,1,1.0693307213416616,0.4580652177334694,0.22388839424316243,0.14669772273022352,0.33601843756616717,0.14669772273022352,0.14669772273022352
2026-08-22,2026-08-22 10:40:41,Vij/God,1,PANIC,FLAT,0.0,1,1.0514596812643673,0.45405810361453214,0.23398355459972647,0.14478957314977722,0.33164772595094183,0.14478957314977722,0.14478957314977722
2026-08-22,2026-08-22 10:40:41,Namakkal,1,PANIC,DOWN,-10.0,1,0.2874055768138455,0.6209184937155035,0.24411964253494056,0.14287368759097388,0.32725929469213777,0.14287368759097388,0.14287368759097388
2026-08-22,2026-08-22 10:40:41,Mumbai,1,PANIC,DOWN,0.0,0,1.5411607850935218,0.64345867888267,0.24469823287276973,0.15341424565320533,0.29505903016761414,0.15341424565320533,0.15341424565320533
2026-08-22,2026-08-22 10:40:41,Davangere,1,PANIC,DOWN,0.0,0,1.541160785093522,0.64345867888267,0.24469823287276976,0.15341424565320536,0.2950590301676142,0.15341424565320536,0.15341424565320536
2026-08-22,2026-08-22 10:40:41,Mahuva,1,PANIC,DOWN,0.0,0,1.0368284574303486,0.4721699158717312,0.24469823287276973,0.15341424565320533,0.2950590301676142,0.15341424565320533,0.15341424565320533
2026-08-22,2026-08-22 10:40:41,Raipur Td,1,PANIC,DOWN,-10.0,1,0.250341764598215,0.646205027877575,0.2547413672817989,0.15137431941919796,0.2911356744606072,0.15137431941919796,0.15137431941919796
2026-08-22,2026-08-22 10:40:41,Benglore,1,PANIC,DOWN,0.0,0,1.555341621659097,0.6663454562936676,0.2542727925797886,0.16112119118467408,0.2623636338661893,0.16112119118467408,0.16112119118467408
2026-08-22,2026-08-22 10:40:41,Anand,1,PANIC,DOWN,0.0,0,1.0255143440402887,0.4883545014878155,0.2542727925797886,0.16112119118467405,0.2623636338661893,0.16112119118467405,0.16112119118467405
2026-08-22,2026-08-22 10:40:41,Wankaner,1,PANIC,FLAT,-5.0,1,1.5005139403420193,0.5160302891742395,0.263936791968472,0.1590331956313145,0.25896362113758453,0.1590331956313145,0.1590331956313145
2026-08-22,2026-08-22 10:40:41,Mysuru,1,PANIC,DOWN,0.0,0,1.0085926784211787,0.48396971082576046,0.263936791968472,0.1590331956313145,0.25896362113758453,0.1590331956313145,0.1590331956313145
2026-08-22,2026-08-22 10:40:41,Navapur,1,PANIC,DOWN,15.0,0,0.7171194211278094,0.47943238747076433,0.2739369706562251,0.15687256546226871,0.25544533295696875,0.15687256546226871,0.15687256546226871
2026-08-22,2026-08-22 10:40:41,Barwala,1,PANIC,FLAT,0.0,1,1.5022918803323075,0.5338517380078776,0.27633208651242686,0.15054679142482016,0.27202753921311257,0.15054679142482016,0.15054679142482016
2026-08-22,2026-08-22 10:40:41,Siddipet,1,PANIC,DOWN,0.0,0,1.5509320140196845,0.6595807225508212,0.27633208651242686,0.1505467914248202,0.27202753921311257,0.1505467914248202,0.1505467914248202
2026-08-22,2026-08-22 10:40:41,Jabalpur,1,PANIC,FLAT,0.0,1,1.5022918803323082,0.5338517380078777,0.2763320865124269,0.1505467914248202,0.27202753921311257,0.1505467914248202,0.1505467914248202
2026-08-22,2026-08-22 10:40:41,Bhopal,1,PANIC,DOWN,0.0,0,0.9837306822976923,0.4661482619921224,0.2763320865124269,0.1505467914248202,0.27202753921311257,0.1505467914248202,0.1505467914248202
2026-08-22,2026-08-22 10:40:41,Nagpur,1,PANIC,DOWN,0.0,0,1.5527661161729167,0.6624286245907978,0.2871552308636438,0.1482952204696415,0.2679591077274317,0.1482952204696415,0.1482952204696415
2026-08-23,2026-08-23 11:15:29,Vij/God,1,NORMAL,DOWN,5.0,0,0.6246003812198146,0.46853030330415546,0.149868459064673,0.07903103906994349,0.3950882505008191,0.2983669122220418,0.07764533914252256
2026-08-23,2026-08-23 11:15:29,Metapally,1,NORMAL,DOWN,5.0,0,0.8012521010269815,0.46089643809153935,0.15825967636004482,0.07713698913618613,0.3976025549377559,0.2912162808121548,0.07578449875385819
2026-08-23,2026-08-23 11:15:29,Surat,1,NORMAL,DOWN,0.0,0,0.600016414404825,0.45710262844907323,0.15632846386409618,0.07619570124311127,0.4049534954943705,0.28766262435674383,0.07485971504167814
2026-08-23,2026-08-23 11:15:29,Kolkata Sell,1,NORMAL,DOWN,10.0,0,1.0849569210431167,0.4495654334697846,0.16476316658796922,0.07432563630829359,0.40728621416948135,0.28060254382607464,0.07302243910818126
2026-08-23,2026-08-23 11:15:29,Gujrat Necc Selling rate,1,NORMAL,DOWN,5.0,0,0.7778198878999392,0.442172881503651,0.17303600262000257,0.07249145897194069,0.40957416666049606,0.27367795021379865,0.07122042153376205
2026-08-23,2026-08-23 11:15:29,Mahuva,1,NORMAL,DOWN,5.0,0,0.5611206748902047,0.43850300626685945,0.1708625615469624,0.07158092063316372,0.4169902866432382,0.270240382951647,0.07032584822498857
2026-08-23,2026-08-23 11:15:29,Wankaner,1,NORMAL,DOWN,5.0,0,0.8316879945922087,0.5566399269331415,0.17917144510512464,0.06977390184696185,0.4190858186669408,0.2634183213678543,0.06855051301311843
2026-08-23,2026-08-23 11:15:29,Davangere,1,NORMAL,DOWN,0.0,0,0.8185451631687415,0.5514164601799435,0.17686990995168428,0.06887762572551147,0.42654791402865205,0.26003459844072907,0.06766995185342306
2026-08-23,2026-08-23 11:15:29,Mumbai,1,NORMAL,DOWN,0.0,0,0.805454566303431,0.5461700919649267,0.17455828408226323,0.06797742002350773,0.43404272576439007,0.25663604011690616,0.06678553001293261
2026-08-23,2026-08-23 11:15:29,Bilashpur,1,NORMAL,DOWN,0.0,0,0.5244671189545058,0.4296631858247836,0.17223757996996875,0.06707367902363988,0.44156697120829363,0.253224134936963,0.06589763486113485
2026-08-23,2026-08-23 11:15:29,Mysuru,1,NORMAL,DOWN,0.0,0,0.5102802905887365,0.4368758915046623,0.1809824261937951,0.06528412362349889,0.44312599024143684,0.2464680031022569,0.06413945683901236
2026-08-23,2026-08-23 11:15:29,Jabalpur,1,NORMAL,DOWN,10.0,0,0.7763489691207857,0.4060804591880167,0.18952230467780362,0.06353651305763598,0.44464846791074375,0.23987022614728526,0.06242248820653124
2026-08-23,2026-08-23 11:15:29,Bhopal,1,NORMAL,DOWN,10.0,0,1.0854434831612314,0.4540988243854584,0.20848895204156637,0.06101091549453323,0.4402236542233743,0.23033530473809602,0.05994117350243013
2026-08-23,2026-08-23 11:15:29,Namakkal,1,NORMAL,DOWN,0.0,0,0.7919985581723692,0.5407306871402339,0.21624119067609207,0.05938843435861436,0.44181330408538017,0.22420993055145275,0.05834714032846066
2026-08-23,2026-08-23 11:15:29,Nagpur,1,NORMAL,DOWN,5.0,0,0.4590226765016635,0.4638749212514767,0.2133170653336758,0.058585353199971574,0.44936139359700517,0.22117804778250819,0.05755814008683909
2026-08-23,2026-08-23 11:15:29,Nasik,1,NORMAL,DOWN,20.0,0,1.10772415696439,0.5344855172257734,0.221093394263198,0.05699621439244029,0.45073497539175217,0.21517855132295005,0.05599686462965942
2026-08-23,2026-08-23 11:15:29,Benglore,1,NORMAL,DOWN,0.0,0,0.7638260042645204,0.5291837486495811,0.2180446812230654,0.05621027909737865,0.45830893050059845,0.21221139955633428,0.0552247096226231
2026-08-23,2026-08-23 11:15:29,Navapur,1,NORMAL,FLAT,0.0,1,0.6838051204042612,0.3733770054678857,0.21498846410387928,0.05542240930716858,0.4659015280848555,0.20923694446496235,0.05445065403913433
2026-08-23,2026-08-23 11:15:29,Pune,1,NORMAL,DOWN,0.0,0,0.738337743508908,0.5185434876691463,0.21192613758328202,0.05463296455921814,0.47350930332979096,0.20625654341509864,0.053675051112610145
2026-08-23,2026-08-23 11:15:29,Barwala,1,NORMAL,DOWN,17.0,0,1.0904760304026926,0.4829915097350152,0.20885910759636395,0.05384230729302083,0.4811287634536578,0.20327156472928845,0.05289825692766898
2026-08-23,2026-08-23 11:15:29,Raipur Td,1,NORMAL,DOWN,15.0,0,1.099177202788701,0.5128271108163681,0.2172948909486109,0.052282230878611384,0.4816755559766169,0.19738178790140407,0.05136553429475677
2026-08-23,2026-08-23 11:15:29,Siddipet,1,NORMAL,DOWN,10.0,0,1.092830188933772,0.4923802231139521,0.21409723642659256,0.05151285930590499,0.4893030823076246,0.19447716937175694,0.050609652588120786
2026-08-23,2026-08-23 11:15:29,Anand,1,NORMAL,DOWN,0.0,0,0.3975643005784435,0.49849425526820657,0.2225165629266756,0.04999589746885057,0.4896180874564766,0.18875016356989677,0.04911928857810045
2026-08-23,2026-08-23 11:15:29,Hospet,1,NORMAL,DOWN,5.0,0,0.7113218796175518,0.5070532104617033,0.23069246660476156,0.04852279461876309,0.4899239850547096,0.1831887391733745,0.0476720145483913
2026-08-24,2026-08-24 11:12:15,Bhopal,1,EUPHORIA,UP,15.0,1,0.07211013426063616,0.7865078806201664,0.34467836507238614,0.09224651661269152,0.38337313645565096,0.09070302768547667,0.08899895417379475
2026-08-24,2026-08-24 11:12:15,Barwala,1,EUPHORIA,UP,13.0,1,0.0732222383299026,0.7845147012497347,0.32759290419179365,0.11038113021338498,0.36088886104959056,0.09355042678609336,0.10758667775913752
2026-08-24,2026-08-24 11:12:15,Bilashpur,1,EUPHORIA,UP,25.0,1,0.2959405645874568,0.5629291750310053,0.31434248663845865,0.12444520516324625,0.34345145976456587,0.09575869188867649,0.12200215654505268
2026-08-24,2026-08-24 11:12:15,Davangere,1,EUPHORIA,FLAT,10.0,0,0.47874232051033555,0.4798496921157208,0.29477806167671755,0.13741856051407605,0.3337952853655251,0.09878014464597294,0.13522794779770836
2026-08-24,2026-08-24 11:12:15,Anand,1,EUPHORIA,UP,5.0,0,0.8995906315669048,0.5829668044692318,0.27637754376383605,0.15380931379255375,0.3379278895037695,0.10509844985154707,0.12678680308829368
2026-08-24,2026-08-24 11:12:15,Gujrat Necc Selling rate,1,EUPHORIA,UP,5.0,0,1.4600904833322954,0.7694940743819034,0.28198932717093794,0.1499494842855957,0.3294476225617435,0.11500846516870965,0.12360510081301335
2026-08-24,2026-08-24 11:12:15,Benglore,1,EUPHORIA,UP,20.0,1,0.3144933190570852,0.5667111713403638,0.2783882317465513,0.14803458060052588,0.32524046926950917,0.12631009491007175,0.12202662347334166
2026-08-24,2026-08-24 11:12:15,Mahuva,1,EUPHORIA,UP,20.0,1,0.08780106554281936,0.7606055573584992,0.25489763397791004,0.15965209242364395,0.32190522167876146,0.12770634663071548,0.13583870528896919
2026-08-24,2026-08-24 11:12:15,Jabalpur,1,EUPHORIA,UP,15.0,1,0.08703537367648767,0.7617741232578491,0.25161068609976706,0.16594626728865594,0.3118777176338104,0.12603696677450135,0.14452836220326526
2026-08-24,2026-08-24 11:12:15,Kolkata Sell,1,EUPHORIA,UP,5.0,0,1.4374196801700627,0.7627558356018962,0.24884932081603942,0.17123400430375407,0.30345361035292173,0.12463452056871965,0.15182854395856502
2026-08-24,2026-08-24 11:12:15,Surat,1,EUPHORIA,UP,0.0,0,0.9020256091381424,0.5838913450403421,0.24619947953798504,0.16941064014377688,0.30022232203736215,0.1339557418329545,0.15021181644792128
2026-08-24,2026-08-24 11:12:15,Metapally,1,EUPHORIA,UP,10.0,1,0.0944927264719034,0.7507261831600865,0.25165206173962307,0.16577106746073234,0.2937724263212486,0.14181973834273362,0.14698470613566242
2026-08-24,2026-08-24 11:12:15,Vij/God,1,EUPHORIA,UP,10.0,1,0.09314219226701351,0.7526744472415459,0.24898472851190018,0.17088744061491218,0.28728757149453965,0.1390365039406489,0.1538037554379993
2026-08-24,2026-08-24 11:12:15,Mumbai,1,EUPHORIA,FLAT,15.0,0,0.4788959461973615,0.46990119202907366,0.2466978095804177,0.17527411810432786,0.28172758479434884,0.13665021362689056,0.15965027389401515
2026-08-24,2026-08-24 11:12:15,Mysuru,1,EUPHORIA,UP,10.0,1,0.2613672357836421,0.5876446711672971,0.2351873236598803,0.18575943252175184,0.2872459676787693,0.13960600324398087,0.15220127289561766
2026-08-24,2026-08-24 11:12:15,Nagpur,1,EUPHORIA,UP,15.0,1,0.09291356837631837,0.7530064414341072,0.22731309814487574,0.1903502030272322,0.28458428991688367,0.13856222652270395,0.15919018238830454
2026-08-24,2026-08-24 11:12:15,Namakkal,1,EUPHORIA,FLAT,10.0,0,0.4581567615024378,0.4808205956735221,0.22692345357680996,0.19278961803975575,0.2798112329224187,0.13646117786821257,0.164014517592803
2026-08-24,2026-08-24 11:12:15,Nasik,1,EUPHORIA,UP,0.0,0,1.4036244657957164,0.7526093480005275,0.2173937597413397,0.2014914576622679,0.2848585831837451,0.13912950285638917,0.15712669655625816
2026-08-24,2026-08-24 11:12:15,Navapur,1,EUPHORIA,UP,15.0,1,0.09680775963525318,0.74743626547736,0.2155275492968867,0.19976176007018984,0.28241322291322896,0.1465196207466287,0.155777846973066
2026-08-24,2026-08-24 11:12:15,Pune,1,EUPHORIA,UP,10.0,1,0.2624420144576439,0.598049808711026,0.2160214399419173,0.20141875097380407,0.27797271140686103,0.14390740475661695,0.1606796929208005
2026-08-24,2026-08-24 11:12:15,Raipur Td,1,EUPHORIA,UP,25.0,1,0.09548684976140662,0.7493058769318014,0.20395656245936963,0.206126687830642,0.27840508120111035,0.14384874724028363,0.16766292126859433
2026-08-24,2026-08-24 11:12:15,Siddipet,1,EUPHORIA,UP,5.0,0,1.3979234165081336,0.7508854086700326,0.20521554110319465,0.2072360884393822,0.27453262214286683,0.14159227332852467,0.17142347498603158
2026-08-24,2026-08-24 11:12:15,Hospet,1,EUPHORIA,FLAT,10.0,0,0.44581961603920794,0.48459635805736745,0.20360799446367273,0.20561271393388672,0.27238208329092395,0.14831657134675552,0.1700806369647611
2026-08-24,2026-08-24 11:12:15,Wankaner,1,EUPHORIA,UP,25.0,1,0.0987126326397623,0.7447742628815708,0.1957056672782903,0.2131571717987129,0.27733512324993165,0.15032248159775585,0.16347955607530912
2026-07-28,2026-07-28 11:06:02,Anand,3,PANIC,DOWN,-100.0,1,0.28579999999999994,0.5700000000000001,0.2,0.2,0.2,0.2,0.2
2026-07-28,2026-07-28 11:06:02,Bhopal,3,PANIC,DOWN,-50.0,1,0.27881876710372444,0.5749508840864439,0.19646365422396853,0.2023575638506876,0.19646365422396853,0.2023575638506876,0.2023575638506876
2026-07-28,2026-07-28 11:06:02,Bilashpur,3,PANIC,DOWN,-50.0,1,0.2723678193203226,0.579588781797462,0.19315087014467,0.20456608657022,0.19315087014467,0.20456608657022,0.20456608657022
2026-07-28,2026-07-28 11:06:02,Davangere,3,PANIC,DOWN,-40.0,1,0.2663931562993854,0.5839405064366442,0.19004249540239693,0.206638336398402,0.19004249540239693,0.206638336398402,0.206638336398402
2026-07-28,2026-07-28 11:06:02,Gujrat Necc Selling rate,3,PANIC,DOWN,-80.0,1,0.260847680924045,0.5880299116211908,0.18712149169914938,0.2085856722005671,0.18712149169914938,0.2085856722005671,0.2085856722005671
2026-07-28,2026-07-28 11:06:02,Hospet,3,PANIC,DOWN,-40.0,1,0.2556901486847379,0.5918782889957952,0.18437265071728912,0.21041823285514055,0.18437265071728912,0.21041823285514055,0.21041823285514055
2026-07-28,2026-07-28 11:06:02,Jabalpur,3,PANIC,DOWN,-50.0,1,0.25088430085803526,0.5955047034796739,0.18178235465737586,0.21214509689508282,0.18178235465737586,0.21214509689508282,0.21214509689508282
2026-07-28,2026-07-28 11:06:02,Kolkata,3,PANIC,DOWN,-30.0,1,0.24639814539971155,0.5989262772012197,0.17933837342770018,0.21377441771486658,0.17933837342770018,0.21377441771486658,0.21377441771486658
2026-07-28,2026-07-28 11:06:02,Mahuva,3,PANIC,DOWN,-85.0,1,0.24220335727769052,0.6021584310550371,0.177029692103545,0.2153135385976367,0.177029692103545,0.2153135385976367,0.2153135385976367
2026-07-28,2026-07-28 11:06:02,Wankaner,3,PANIC,DOWN,-85.0,1,0.23827477594432153,0.6052150910812695,0.17484636351337882,0.21676909099108074,0.17484636351337882,0.21676909099108074,0.21676909099108074
2026-07-28,2026-07-28 11:06:02,Mumbai,3,PANIC,DOWN,-45.0,1,0.234589982246516,0.6081088655022706,0.17277938178409244,0.21814707881060505,0.17277938178409244,0.21814707881060505,0.21814707881060505
2026-07-28,2026-07-28 11:06:02,Mysuru,3,PANIC,DOWN,-40.0,1,0.23112894063762796,0.6108511971711272,0.17082057344919485,0.2194529510338701,0.17082057344919485,0.2194529510338701,0.2194529510338701
2026-07-28,2026-07-28 11:06:02,Nagpur,3,PANIC,DOWN,-45.0,1,0.22787369533714216,0.6134524953260401,0.1689625033385428,0.22069166444097146,0.1689625033385428,0.22069166444097146,0.22069166444097146
2026-07-28,2026-07-28 11:06:02,Namakkal,3,PANIC,DOWN,-30.0,1,0.22480811126893155,0.6159222498553709,0.16719839296044933,0.2218677380263671,0.16719839296044933,0.2218677380263671,0.2218677380263671
2026-07-28,2026-07-28 11:06:02,Nasik,3,PANIC,DOWN,-40.0,1,0.221917652334548,0.6182691307232446,0.1655220494833967,0.2229853003444022,0.1655220494833967,0.2229853003444022,0.2229853003444022
2026-07-28,2026-07-28 11:06:02,Navapur,3,PANIC,DOWN,-95.0,1,0.21918919094893002,0.6205010747564698,0.16392780374537874,0.22404813083641417,0.16392780374537874,0.22404813083641417,0.22404813083641417
2026-07-28,2026-07-28 11:06:02,Pune,3,PANIC,DOWN,-60.0,1,0.2166108438608565,0.6226253616282803,0.16241045597979975,0.22505969601346681,0.16241045597979975,0.22505969601346681,0.22505969601346681
2026-07-28,2026-07-28 11:06:02,Raipur,3,PANIC,DOWN,-85.0,1,0.21417183015953162,0.6246486805759531,0.16096522816003353,0.22602318122664436,0.16096522816003353,0.22602318122664436,0.22602318122664436
2026-07-28,2026-07-28 11:06:02,Siddipet,3,PANIC,DOWN,-60.0,1,0.21186234807790053,0.6265771891444116,0.15958772203970598,0.22694151864019604,0.15958772203970598,0.22694151864019604,0.22694151864019604
2026-07-28,2026-07-28 11:06:02,Surat,3,PANIC,DOWN,-105.0,1,0.20967346777817797,0.6284165650460414,0.1582738821099704,0.2278174119266864,0.1582738821099704,0.2278174119266864,0.2278174119266864
2026-07-28,2026-07-28 11:06:02,Benglore,3,PANIC,DOWN,-100.0,1,0.2075970377731898,0.6301720520598583,0.15701996281438693,0.22865335812374207,0.15701996281438693,0.22865335812374207,0.22865335812374207
2026-07-28,2026-07-28 11:06:02,Barwala,3,PANIC,DOWN,-50.0,1,0.20562560301993552,0.6318485007543578,0.1558224994611729,0.22945166702588468,0.1558224994611729,0.22945166702588468,0.22945166702588468
2026-07-28,2026-07-28 11:06:02,Metapally,3,PANIC,DOWN,-60.0,1,0.20375233303614726,0.633450404702607,0.15467828235528075,0.23021447842981285,0.15467828235528075,0.23021447842981285,0.23021447842981285
2026-07-28,2026-07-28 11:06:02,Vij/God,3,PANIC,DOWN,-30.0,1,0.2019709586498043,0.6349819327612465,0.1535843337419667,0.2309437775053555,0.1535843337419667,0.2309437775053555,0.2309437775053555
2026-07-29,2026-07-29 10:53:12,Benglore,3,CONFLICTED,DOWN,-60.0,1,0.04500000000000004,0.8499999999999999,0.15253788721164221,0.23164140852557183,0.15253788721164221,0.23164140852557183,0.23164140852557183
2026-07-29,2026-07-29 10:53:12,Wankaner,3,CONFLICTED,DOWN,-40.0,1,0.045000000000000005,0.85,0.15467611691258504,0.23021592205827662,0.15467611691258504,0.23021592205827662,0.23021592205827662
2026-07-29,2026-07-29 10:53:12,Davangere,3,CONFLICTED,DOWN,-40.0,1,0.04500000000000004,0.8499999999999999,0.15668773907299743,0.22887484061800167,0.15668773907299743,0.22887484061800167,0.22887484061800167
2026-07-29,2026-07-29 10:53:12,Nasik,3,CAPITULATION,DOWN,-60.0,1,0.10294793350278597,0.7389920250328148,0.15858282138169322,0.22761145241220454,0.15858282138169322,0.22761145241220454,0.22761145241220454
2026-07-29,2026-07-29 10:53:12,Gujrat Necc Selling rate,3,CONFLICTED,DOWN,-50.0,1,0.04499999999999997,0.8500000000000001,0.15858282138169322,0.22761145241220454,0.15858282138169322,0.22761145241220454,0.22761145241220454
2026-07-29,2026-07-29 10:53:12,Anand,3,CONFLICTED,DOWN,-55.0,1,0.045000000000000005,0.85,0.16037040010165268,0.22641973326556492,0.16037040010165268,0.22641973326556492,0.22641973326556492
2026-07-29,2026-07-29 10:53:12,Surat,3,CONFLICTED,DOWN,-60.0,1,0.045000000000000005,0.85,0.1620586089798398,0.2252942606801068,0.1620586089798398,0.2252942606801068,0.2252942606801068
2026-07-29,2026-07-29 10:53:12,Siddipet,3,CONFLICTED,DOWN,-50.0,1,0.045000000000000005,0.85,0.16365478928886998,0.22423014047408668,0.16365478928886998,0.22423014047408668,0.22423014047408668
2026-07-29,2026-07-29 10:53:12,Pune,3,CONFLICTED,DOWN,-50.0,1,0.045000000000000005,0.85,0.16516558414573632,0.22322294390284247,0.16516558414573632,0.22322294390284247,0.22322294390284247
2026-07-29,2026-07-29 10:53:12,Namakkal,3,CONFLICTED,DOWN,-40.0,1,0.04500000000000004,0.8499999999999999,0.16659701966755947,0.22226865355496028,0.16659701966755947,0.22226865355496028,0.22226865355496028
2026-07-29,2026-07-29 10:53:12,Hospet,3,CONFLICTED,DOWN,-30.0,1,0.045000000000000005,0.85,0.16795457505881115,0.22136361662745924,0.16795457505881115,0.22136361662745924,0.22136361662745924
2026-07-29,2026-07-29 10:53:12,Navapur,3,CONFLICTED,DOWN,-85.0,1,0.045000000000000005,0.85,0.1692432433520608,0.22050450443195943,0.1692432433520608,0.22050450443195943,0.22050450443195943
2026-07-29,2026-07-29 10:53:12,Jabalpur,3,CONFLICTED,DOWN,-40.0,1,0.045000000000000005,0.85,0.1704675842247681,0.2196882771834879,0.1704675842247681,0.2196882771834879,0.2196882771834879
2026-07-29,2026-07-29 10:53:12,Nagpur,3,CONFLICTED,DOWN,-45.0,1,0.04500000000000004,0.8499999999999999,0.17163177007247685,0.2189121532850154,0.17163177007247685,0.2189121532850154,0.2189121532850154
2026-07-29,2026-07-29 10:53:12,Raipur,3,CONFLICTED,DOWN,-90.0,1,0.04499999999999997,0.8500000000000001,0.17273962632201606,0.21817358245198934,0.17273962632201606,0.21817358245198934,0.21817358245198934
2026-07-29,2026-07-29 10:53:12,Mysuru,3,CONFLICTED,DOWN,20.0,0,1.4449999999999998,0.85,0.17379466680770134,0.2174702221281991,0.17379466680770134,0.2174702221281991,0.2174702221281991
2026-07-29,2026-07-29 10:53:12,Kolkata,3,CAPITULATION,DOWN,-30.0,1,0.10198673283258636,0.7402884237079517,0.15673082327435464,0.22740120416003562,0.16106556424553845,0.22740120416003562,0.22740120416003562
2026-07-29,2026-07-29 10:53:12,Mumbai,3,CONFLICTED,DOWN,-40.0,1,0.04500000000000004,0.8499999999999999,0.1737946668077013,0.21747022212819908,0.1737946668077013,0.21747022212819908,0.21747022212819908
2026-07-29,2026-07-29 10:53:12,Mahuva,3,CONFLICTED,DOWN,-50.0,1,0.045000000000000005,0.85,0.17482999297083485,0.21678000468611014,0.17482999297083485,0.21678000468611014,0.21678000468611014
2026-07-29,2026-07-29 10:53:12,Bhopal,3,CONFLICTED,DOWN,-60.0,1,0.04500000000000004,0.8499999999999999,0.175815049102469,0.21612330059835397,0.175815049102469,0.21612330059835397,0.21612330059835397
2026-07-29,2026-07-29 10:53:12,Barwala,3,CONFLICTED,DOWN,-7.0,1,0.045000000000000005,0.85,0.1767529848869366,0.21549801007537558,0.1767529848869366,0.21549801007537558,0.21549801007537558
2026-07-29,2026-07-29 10:53:12,Metapally,3,CONFLICTED,DOWN,-60.0,1,0.04500000000000004,0.8499999999999999,0.17764669743942943,0.21490220170704702,0.17764669743942943,0.21490220170704702,0.21490220170704702
2026-07-29,2026-07-29 10:53:12,Vij/God,3,CAPITULATION,DOWN,-30.0,1,0.10107753207839194,0.7415231185157215,0.15496697354896924,0.2272009629608781,0.1634301375683964,0.2272009629608781,0.2272009629608781
2026-07-29,2026-07-29 10:53:12,Bilashpur,3,CONFLICTED,DOWN,-95.0,1,0.045000000000000005,0.85,0.17849885615516298,0.214334095896558,0.17849885615516298,0.214334095896558,0.214334095896558
2026-07-30,2026-07-30 10:55:48,Bilashpur,3,PANIC,DOWN,-70.0,1,0.1318683635231816,0.7432234789518504,0.15253788721164221,0.23164140852557183,0.15253788721164221,0.23164140852557183,0.23164140852557183
2026-07-30,2026-07-30 10:55:48,Pune,3,PANIC,DOWN,-40.0,1,0.12790993588228353,0.7471068052692169,0.15608246034271947,0.23230908715681586,0.1469902781868329,0.23230908715681586,0.23230908715681586
2026-07-30,2026-07-30 10:55:48,Raipur,3,PANIC,DOWN,-70.0,1,0.12417614358918685,0.7508252183815677,0.15947650609914765,0.232948411481983,0.14167825945490323,0.232948411481983,0.232948411481983
2026-07-30,2026-07-30 10:55:48,Bhopal,3,PANIC,DOWN,-45.0,1,0.12065111159656945,0.7543873867280332,0.16272793674837982,0.23356087190674638,0.13658944753138114,0.23356087190674638,0.23356087190674638
2026-07-30,2026-07-30 10:55:48,Anand,3,PANIC,DOWN,-30.0,1,0.11732031946504223,0.7578014043547711,0.16584414027076763,0.2341478600786827,0.13171227949318426,0.2341478600786827,0.2341478600786827
2026-07-30,2026-07-30 10:55:48,Davangere,3,PANIC,DOWN,-20.0,1,0.11417046635480513,0.7610748377056059,0.16883202306852588,0.23471067693220846,0.12703594613484875,0.23471067693220846,0.23471067693220846
2026-07-30,2026-07-30 10:55:48,Gujrat Necc Selling rate,3,PANIC,DOWN,-40.0,1,0.1111893513524086,0.7642147679005229,0.17169804855615697,0.2352505399577205,0.12255033157068163,0.2352505399577205,0.2352505399577205
2026-07-30,2026-07-30 10:55:48,Nasik,3,PANIC,DOWN,-30.0,1,0.10836576718237736,0.767227829001857,0.17444827208857594,0.23576858978088283,0.11824595856877552,0.23576858978088283,0.23576858978088283
2026-07-30,2026-07-30 10:55:48,Namakkal,3,PANIC,DOWN,-30.0,1,0.10568940562734092,0.7701202427057344,0.17708837262632207,0.23626589612729,0.11411393899180805,0.23626589612729,0.23626589612729
2026-07-30,2026-07-30 10:55:48,Hospet,3,PANIC,DOWN,-35.0,1,0.10315077321220323,0.7728978498426279,0.1796236814882354,0.23674346323850623,0.11014592879624605,0.23674346323850623,0.23674346323850623
2026-07-30,2026-07-30 10:55:48,Nagpur,3,PANIC,DOWN,-50.0,1,0.10074111590473592,0.7755661390245047,0.18205920849963494,0.23720223479750485,0.10633408710785039,0.23720223479750485,0.23720223479750485
2026-07-30,2026-07-30 10:55:48,Jabalpur,3,PANIC,DOWN,-40.0,1,0.09845235175252831,0.7781302727358593,0.18439966580735884,0.23764309841462292,0.10267103894877233,0.23764309841462292,0.23764309841462292
2026-07-30,2026-07-30 10:55:48,Mysuru,3,PANIC,FLAT,-10.0,0,0.5339709133406032,0.5167063543931907,0.18664948960119537,0.23806688971914947,0.09914984124135609,0.23806688971914947,0.23806688971914947
2026-07-30,2026-07-30 10:55:48,Kolkata,3,PANIC,DOWN,0.0,0,1.658823334876383,0.7818007584059911,0.18340716111146008,0.24261698620043737,0.09742748799144117,0.24261698620043737,0.23393137849622392
2026-07-30,2026-07-30 10:55:48,Mumbai,3,PANIC,DOWN,-40.0,1,0.09522181806440126,0.7818007584059912,0.1834071611114601,0.2426169862004374,0.09742748799144117,0.2426169862004374,0.23393137849622392
2026-07-30,2026-07-30 10:55:48,Mahuva,3,PANIC,DOWN,-30.0,1,0.09311397296436337,0.7842293196882818,0.18577851871636247,0.24287989383754827,0.09395811473102596,0.24287989383754827,0.23450357887751497
2026-07-30,2026-07-30 10:55:48,Metapally,3,PANIC,DOWN,-45.0,1,0.09111468864472885,0.7865583350834134,0.18805267519306074,0.24313202498152806,0.09063094988083806,0.24313202498152806,0.23505232496304512
2026-07-30,2026-07-30 10:55:48,Navapur,3,PANIC,DOWN,-60.0,1,0.08921697413995461,0.7887927864158581,0.19023449502137466,0.24337391894744778,0.08743887654877404,0.24337391894744778,0.23557879053495578
2026-07-30,2026-07-30 10:55:48,Siddipet,3,PANIC,DOWN,-45.0,1,0.0874143888463688,0.7909373433078389,0.19232853783265902,0.24360608125244373,0.08437522384594442,0.24360608125244373,0.23608407581650911
2026-07-30,2026-07-30 10:55:48,Wankaner,3,PANIC,DOWN,-25.0,1,0.08570099140310264,0.7929963872258474,0.19433908188991741,0.24382898621891036,0.08143373253450382,0.24382898621891036,0.2365692131377581
2026-07-30,2026-07-30 10:55:48,Vij/God,3,PANIC,DOWN,0.0,0,1.6740193606795954,0.7949740333314066,0.19627014542387944,0.2440430793399881,0.07860852381227625,0.2440430793399881,0.23703517208386815
2026-07-30,2026-07-30 10:55:48,Barwala,3,PANIC,DOWN,10.0,0,1.2639674273424086,0.7949740333314066,0.1962701454238794,0.24404307933998806,0.07860852381227623,0.24404307933998806,0.23703517208386815
2026-07-30,2026-07-30 10:55:48,Benglore,3,PANIC,DOWN,-50.0,1,0.1834631638868624,0.652948686136783,0.19447742759099004,0.24181400685735868,0.08702444935646272,0.24181400685735868,0.23487010933782987
2026-07-30,2026-07-30 10:55:48,Surat,3,PANIC,DOWN,-40.0,1,0.08733984462916886,0.7910265033201951,0.1928304338259271,0.24321468656950435,0.08424785239972127,0.24321468656950435,0.23649234063534288
2026-07-31,2026-07-31 11:25:15,Navapur,3,PANIC,DOWN,-30.0,1,0.08556300795091704,0.7931630981293267,0.1949016726909216,0.24346051675204622,0.08119557410096175,0.24346051675204622,0.23698171970402426
2026-07-31,2026-07-31 11:25:15,Surat,3,PANIC,DOWN,-15.0,1,0.08387826840234924,0.7952095358636672,0.19688551228092774,0.2436959737323044,0.07827209162333261,0.2436959737323044,0.23745044863113085
2026-07-31,2026-07-31 11:25:15,Namakkal,3,PANIC,DOWN,-50.0,1,0.0822796006488383,0.7971705141641897,0.19878650654155872,0.2439215980067423,0.07547069405115747,0.2439215980067423,0.23789960339379926
2026-07-31,2026-07-31 11:25:15,Nagpur,3,PANIC,DOWN,-25.0,1,0.0807614654363821,0.7990504224483389,0.20060891062309685,0.2441378946085496,0.07278511078808723,0.2441378946085496,0.23833018937171666
2026-07-31,2026-07-31 11:25:15,Jabalpur,3,PANIC,DOWN,-25.0,1,0.07931876305236445,0.8008533667716619,0.20235670498163755,0.24434533596814714,0.07020947604048301,0.24434533596814714,0.23874314704158517
2026-07-31,2026-07-31 11:25:15,Siddipet,3,PANIC,DOWN,-10.0,1,0.07794679191315342,0.8025831923148976,0.20403361717832405,0.24454436450048364,0.06773829669300348,0.24454436450048364,0.23913935712770532
2026-07-31,2026-07-31 11:25:15,Pune,3,PANIC,DOWN,-20.0,1,0.07664121164259238,0.8042435037571009,0.2056431416292816,0.24473539494910626,0.06536642320414165,0.24473539494910626,0.23951964526836433
2026-07-31,2026-07-31 11:25:15,Anand,3,PANIC,DOWN,-10.0,1,0.07539801009287078,0.8058376837632096,0.20718855752767154,0.2449188165132846,0.06308902319541482,0.2449188165132846,0.2398847862503444
2026-07-31,2026-07-31 11:25:15,Mysuru,3,PANIC,DOWN,-45.0,1,0.07421347383353703,0.8073689097866896,0.20867294513236276,0.24509499478127258,0.060901557447586276,0.24509499478127258,0.24023550785750578
2026-07-31,2026-07-31 11:25:15,Raipur,3,PANIC,DOWN,-40.0,1,0.07308416169767404,0.8088401693638618,0.2100992005944234,0.24526427349002772,0.05879975805162591,0.24526427349002772,0.2405724943738952
2026-07-31,2026-07-31 11:25:15,Gujrat Necc Selling rate,3,PANIC,DOWN,-20.0,1,0.07200688102827543,0.8102542740556781,0.21147004947243375,0.24542697612930997,0.05677960849188842,0.24542697612930997,0.24089638977705788
2026-07-31,2026-07-31 11:25:15,Hospet,3,PANIC,DOWN,-50.0,1,0.0709786663141003,0.8116138721745941,0.21278805907005924,0.24558340740599766,0.05483732546486542,0.24558340740599766,0.24120780065308
2026-07-31,2026-07-31 11:25:15,Vij/God,3,PANIC,DOWN,-17.0,1,0.06999675994395799,0.8129214604184141,0.21405564971402907,0.24573385458264246,0.05296934225940828,0.24573385458264246,0.24150729886127761
2026-07-31,2026-07-31 11:25:15,Bilashpur,3,PANIC,DOWN,-65.0,1,0.06905859484249897,0.8141793945192044,0.2152751050773122,0.24587858870270177,0.05117229354399375,0.24587858870270177,0.24179542397329054
2026-07-31,2026-07-31 11:25:15,Nasik,3,PANIC,DOWN,-40.0,1,0.06816177878000107,0.8153898990033305,0.21644858164060632,0.24601786571349887,0.04944300142381374,0.24601786571349887,0.24207268550858227
2026-07-31,2026-07-31 11:25:15,Wankaner,3,PANIC,DOWN,-20.0,1,0.06730408017404885,0.8165550761481135,0.2175781173750205,0.24615192749674922,0.047778462645552106,0.24615192749674922,0.24233956498592898
2026-07-31,2026-07-31 11:25:15,Metapally,3,PANIC,DOWN,-10.0,1,0.0664834152230036,0.8176769142113325,0.21866563971984618,0.2462810028154221,0.046175836840953534,0.2462810028154221,0.24259651780835603
2026-07-31,2026-07-31 11:25:15,Bhopal,3,PANIC,DOWN,-25.0,1,0.06569783623024306,0.8187572950016428,0.2197129729214061,0.24640530818477038,0.04463243571193883,0.24640530818477038,0.24284397499711433
2026-07-31,2026-07-31 11:25:15,Barwala,3,PANIC,DOWN,15.0,0,1.3441375243979345,0.8197980008507993,0.22072184479200477,0.2465250486745334,0.04314571307028659,0.2465250486745334,0.24308234478864182
2026-07-31,2026-07-31 11:25:15,Davangere,3,PANIC,DOWN,-30.0,1,0.06912012234585971,0.8140966348531317,0.21884304548349515,0.24442661074503672,0.051290521638383275,0.24442661074503672,0.2410132113880481
2026-07-31,2026-07-31 11:25:15,Mahuva,3,PANIC,DOWN,-20.0,1,0.0682177237790899,0.8153141535213243,0.21989960866671485,0.24461560989414888,0.04955120925525086,0.24461560989414888,0.2413179622897364
2026-07-31,2026-07-31 11:25:15,Mumbai,3,PANIC,DOWN,-30.0,1,0.06735492128191858,0.8164858026174561,0.22091636621710461,0.24479748856920502,0.04787742483220559,0.24479748856920502,0.24161123181227973
2026-07-31,2026-07-31 11:25:15,Benglore,3,PANIC,DOWN,-10.0,1,0.06652958843053089,0.8176136128564814,0.22189508038990763,0.24497256200430248,0.046266267347883666,0.24497256200430248,0.2418935282536037
2026-08-01,2026-08-01 11:13:08,Surat,3,PANIC,DOWN,0.0,0,1.7031387489450251,0.8186995049768867,0.22283741800274415,0.24514112836155505,0.04471499289016184,0.24514112836155505,0.24216533238398386
2026-08-01,2026-08-01 11:13:08,Namakkal,3,PANIC,DOWN,-10.0,1,0.06573973899125185,0.8186995049768867,0.22283741800274418,0.24514112836155505,0.04471499289016185,0.24514112836155505,0.24216533238398388
2026-08-01,2026-08-01 11:13:08,Vij/God,3,PANIC,DOWN,-17.0,1,0.06496099958729218,0.819776528183352,0.22377205916854556,0.24530831797015315,0.043176388309496945,0.24530831797015315,0.2424349165816511
2026-08-01,2026-08-01 11:13:08,Navapur,3,PANIC,DOWN,-15.0,1,0.06421673120855173,0.8208119267242491,0.22467057843305516,0.2454690460545217,0.04169724753678694,0.2454690460545217,0.24269408192111444
2026-08-01,2026-08-01 11:13:08,Gujrat Necc Selling rate,3,PANIC,DOWN,-5.0,0,1.7071202818237516,0.82180761475123,0.22553463689783612,0.24562360975427994,0.04027483606967134,0.24562360975427994,0.24294330752393262
2026-08-01,2026-08-01 11:13:08,Anand,3,PANIC,DOWN,0.0,0,1.7071202818237516,0.82180761475123,0.22553463689783612,0.24562360975427994,0.04027483606967134,0.24562360975427994,0.24294330752393262
2026-08-01,2026-08-01 11:13:08,Nasik,3,PANIC,DOWN,-10.0,1,0.06350505232129207,0.8218076147512301,0.22553463689783615,0.24562360975427994,0.04027483606967135,0.24562360975427994,0.24294330752393264
2026-08-01,2026-08-01 11:13:08,Benglore,3,PANIC,DOWN,-10.0,1,0.06278310176689147,0.8228233906988687,0.22641612766813224,0.2457812917634415,0.038823727573044746,0.2457812917634415,0.24319756123193997
2026-08-01,2026-08-01 11:13:08,Pune,3,PANIC,DOWN,-5.0,0,1.70968860442005,0.8237966988868556,0.22726076489975666,0.24593238137229861,0.037433287304492004,0.24593238137229861,0.24344118505115414
2026-08-01,2026-08-01 11:13:08,Siddipet,3,PANIC,DOWN,-15.0,1,0.06209520664633887,0.8237966988868556,0.22726076489975666,0.24593238137229861,0.037433287304492004,0.24593238137229861,0.24344118505115414
2026-08-01,2026-08-01 11:13:08,Mahuva,3,PANIC,DOWN,-5.0,0,1.7109348966955937,0.8247575223883149,0.22809456791546,0.2460815329450563,0.0360606823024073,0.2460815329450563,0.24368168389202013
2026-08-01,2026-08-01 11:13:08,Mumbai,3,PANIC,DOWN,-30.0,1,0.061419851918963944,0.8247575223883148,0.22809456791545996,0.24608153294505627,0.0360606823024073,0.24608153294505627,0.24368168389202008
2026-08-01,2026-08-01 11:13:08,Bilashpur,3,PANIC,DOWN,5.0,0,1.7121666519999803,0.8257043536706108,0.22891622847782298,0.2462285124628097,0.03470806618484156,0.2462285124628097,0.24391868041171594
2026-08-01,2026-08-01 11:13:08,Raipur,3,PANIC,DOWN,0.0,0,1.7121666519999803,0.8257043536706108,0.228916228477823,0.2462285124628097,0.03470806618484157,0.2462285124628097,0.24391868041171597
2026-08-01,2026-08-01 11:13:08,Bhopal,3,PANIC,DOWN,-15.0,1,0.06075794465875897,0.8257043536706109,0.22891622847782303,0.24622851246280972,0.03470806618484157,0.24622851246280972,0.243918680411716
2026-08-01,2026-08-01 11:13:08,Mysuru,3,PANIC,DOWN,-45.0,1,0.22332651025197273,0.6658394770084498,0.22974853235555923,0.24637739586816895,0.033337929060941164,0.24637739586816895,0.2441587468471618
2026-08-01,2026-08-01 11:13:08,Wankaner,3,PANIC,DOWN,-5.0,0,1.7143221301910638,0.8273546472795703,0.22294368601181713,0.24895291522866148,0.03235050388632812,0.24895291522866148,0.24679997964453187
2026-08-01,2026-08-01 11:13:08,Barwala,3,PANIC,DOWN,12.0,0,1.3690314247502042,0.8273546472795702,0.22294368601181708,0.24895291522866145,0.032350503886328104,0.24895291522866145,0.24679997964453182
2026-08-01,2026-08-01 11:13:08,Jabalpur,3,PANIC,DOWN,-35.0,1,0.06456912171857634,0.8203209504163377,0.22062862356812266,0.24636777117455458,0.04239864226237467,0.24636777117455458,0.24423719182039347
2026-08-01,2026-08-01 11:13:08,Nagpur,3,PANIC,DOWN,-20.0,1,0.06369619426710976,0.8215396482869237,0.22183468759024735,0.24651691980286808,0.0406576453043946,0.24651691980286808,0.24447382749962182
2026-08-01,2026-08-01 11:13:08,Davangere,3,PANIC,DOWN,-40.0,1,0.06287375978588405,0.8226955164330523,0.22297857322343984,0.24665837910354238,0.039006405095639546,0.24665837910354238,0.2446982634738359
2026-08-01,2026-08-01 11:13:08,Metapally,3,PANIC,DOWN,-15.0,1,0.06209795800319481,0.823792795261949,0.22406447691598919,0.24679266803286387,0.03743886391150135,0.24679266803286387,0.24491132310678168
2026-08-01,2026-08-01 11:13:08,Hospet,3,PANIC,DOWN,-30.0,1,0.06136530384591844,0.8248353576689655,0.22509623141418791,0.24692026056969416,0.03594948904433491,0.24692026056969416,0.24511375840208885
2026-08-02,2026-08-02 11:00:41,Metapally,3,PANIC,DOWN,-5.0,0,1.6567276600275567,0.8258267480563498,0.22607734437660693,0.24704159049072738,0.034533217062357464,0.24704159049072738,0.24530625757958094
2026-08-02,2026-08-02 11:00:41,Anand,3,PANIC,DOWN,-10.0,1,0.054798175047041986,0.8224130245912231,0.2249353867111971,0.2457937386163442,0.03940996486968115,0.2457937386163442,0.2440671711864333
2026-08-02,2026-08-02 11:00:41,Mahuva,3,PANIC,DOWN,-10.0,1,0.05573031057923475,0.8201660585038539,0.22481392245263912,0.24473847758313597,0.04261991642306594,0.24473847758313597,0.24308920595802302
2026-08-02,2026-08-02 11:00:41,Surat,3,PANIC,DOWN,-10.0,1,0.05662621013272867,0.8180509230223826,0.22469958456189357,0.24374512923395553,0.04564153853945336,0.24374512923395553,0.24216861843074197
2026-08-02,2026-08-02 11:00:41,Mumbai,3,PANIC,DOWN,-20.0,1,0.057487047523232415,0.8160572454836201,0.22459181232384748,0.24280882217028207,0.04848964930911427,0.24280882217028207,0.24130089402647423
2026-08-02,2026-08-02 11:00:41,Barwala,3,PANIC,DOWN,0.0,0,1.4556635369121085,0.6570326333304021,0.22449010185933213,0.2419251787747123,0.05117756481152206,0.2419251787747123,0.24048197577972125
2026-08-02,2026-08-02 11:00:41,Wankaner,3,PANIC,DOWN,-15.0,1,0.059775711172186996,0.8109260959461214,0.2233917404170306,0.24074151283092585,0.05581986293411226,0.24074151283092585,0.2393053709870055
2026-08-02,2026-08-02 11:00:41,Gujrat Necc Selling rate,3,PANIC,DOWN,-10.0,1,0.060548260664546626,0.8092453874254969,0.2233409543068582,0.2399373160793549,0.05822087510643304,0.2399373160793549,0.23856353842799888
2026-08-02,2026-08-02 11:00:41,Mysuru,3,PANIC,DOWN,-35.0,1,0.06128783894143405,0.8076589608418392,0.22329301712187383,0.23917823198504148,0.06048719879737241,0.23917823198504148,0.23786332011067074
2026-08-02,2026-08-02 11:00:41,Jabalpur,3,PANIC,DOWN,-25.0,1,0.06199599776275589,0.8061597758274668,0.22324771612269736,0.23846089182536045,0.06262889167504734,0.23846089182536045,0.23720160855153438
2026-08-02,2026-08-02 11:00:41,Hospet,3,PANIC,DOWN,15.0,0,1.372157166379969,0.8047414688837453,0.22320485902295745,0.237782250750555,0.06465504445179242,0.237782250750555,0.23657559502414013
2026-08-02,2026-08-02 11:00:41,Nasik,3,PANIC,DOWN,0.0,0,1.5706824990699095,0.8016220676750927,0.22214143851256823,0.23664937880698925,0.06911133189272466,0.23664937880698925,0.23544847198072857
2026-08-02,2026-08-02 11:00:41,Nagpur,3,PANIC,DOWN,0.0,0,1.5595349270640038,0.7984371548840832,0.22105568475432577,0.23549271504292127,0.07366120730845255,0.23549271504292127,0.2342976778513791
2026-08-02,2026-08-02 11:00:41,Namakkal,3,PANIC,DOWN,0.0,0,1.5481979376417598,0.7951861690585986,0.21994740634620844,0.23431205555596413,0.0783054727734306,0.23431205555596413,0.23312300976843287
2026-08-02,2026-08-02 11:00:41,Bilashpur,3,PANIC,DOWN,0.0,0,1.5366722969359803,0.7918685877732508,0.21881642519061464,0.2331072106170558,0.08304487460964192,0.2331072106170558,0.2319242789656318
2026-08-02,2026-08-02 11:00:41,Siddipet,3,PANIC,DOWN,0.0,0,1.5249589948115125,0.7884839300217209,0.21766257730992497,0.23187800553928492,0.08788009996897019,0.23187800553928492,0.230701311642535
2026-08-02,2026-08-02 11:00:41,Pune,3,PANIC,DOWN,0.0,0,1.5130592517064094,0.785031758630578,0.2164857136693848,0.23062428155451564,0.09281177338488857,0.23062428155451564,0.22945394983669531
2026-08-02,2026-08-02 11:00:41,Vij/God,3,PANIC,DOWN,-10.0,1,0.20684352114611615,0.6308116919844399,0.21528570100506375,0.2293458966954204,0.0978404533028793,0.2293458966954204,0.22818205230121621
2026-08-02,2026-08-02 11:00:41,Davangere,3,PANIC,DOWN,-20.0,1,0.0754062194405222,0.7806805289634794,0.2113385860709753,0.23024885384916877,0.09902781576645768,0.23024885384916877,0.22913589046422936
2026-08-02,2026-08-02 11:00:41,Benglore,3,PANIC,DOWN,0.0,0,1.4967316045004282,0.7802723555980364,0.2118637988035007,0.229861511873456,0.09961092057423367,0.229861511873456,0.22880225687535363
2026-08-02,2026-08-02 11:00:41,Navapur,3,PANIC,DOWN,-5.0,0,1.4849021413694312,0.776807531479216,0.21069911056439372,0.22859788400963835,0.10456066931540564,0.22859788400963835,0.22754445210092394
2026-08-02,2026-08-02 11:00:41,Raipur,3,PANIC,DOWN,0.0,0,1.4728916409632042,0.7732752032693175,0.20951173106643087,0.22730963727701736,0.1096068524724036,0.22730963727701736,0.22626214190713104
2026-08-02,2026-08-02 11:00:41,Bhopal,3,PANIC,DOWN,-20.0,1,0.0820016706063787,0.7696750654170769,0.20830155759964716,0.22599666024047305,0.11474990654703321,0.22599666024047305,0.2249552153723737
2026-08-03,2026-08-03 10:50:19,Gujrat Necc Selling rate,3,PANIC,DOWN,0.0,0,1.4611397322504813,0.7698046319269566,0.20900966160278928,0.22580466547996417,0.11456481153291918,0.22580466547996417,0.22481619590436322
2026-08-03,2026-08-03 10:50:19,Wankaner,3,PANIC,DOWN,-5.0,0,1.4490324437247777,0.7662141355578785,0.20779887937814867,0.22449659066128122,0.11969409206017362,0.22449659066128122,0.2235138472391153
2026-08-03,2026-08-03 10:50:19,Mysuru,3,PANIC,DOWN,0.0,0,1.4367497151264987,0.7625558832479474,0.2065652485887511,0.22316383127786532,0.12492016678864659,0.22316383127786532,0.2221869220668717
2026-08-03,2026-08-03 10:50:19,Anand,3,PANIC,DOWN,0.0,0,1.4242938835683656,0.7588296839188341,0.2053087047994264,0.22180631771684814,0.13024330868737977,0.22180631771684814,0.22083535107949745
2026-08-03,2026-08-03 10:50:19,Nasik,3,PANIC,DOWN,20.0,0,1.3015967351595825,0.7550354035248208,0.20402920280746276,0.22042400114324703,0.13566370925025623,0.22042400114324703,0.2194590856557871
2026-08-03,2026-08-03 10:50:19,Davangere,3,PANIC,DOWN,10.0,0,1.2965276092997189,0.7511729673805901,0.20272671742758072,0.21901685434801543,0.1411814751705855,0.21901685434801543,0.21805809870580287
2026-08-03,2026-08-03 10:50:19,Namakkal,3,PANIC,DOWN,20.0,0,1.2914302803113877,0.7472423624474193,0.2014012442628802,0.21758487258093961,0.14679662507511523,0.21758487258093961,0.2166323855001253
2026-08-03,2026-08-03 10:50:19,Kolkata Sell,3,PANIC,DOWN,10.0,0,1.1472652410564663,0.603206679246972,0.20005280045841764,0.2161280743647698,0.1525090863316223,0.2161280743647698,0.21518196448042046
2026-08-03,2026-08-03 10:50:19,Nagpur,3,PANIC,DOWN,10.0,0,1.2821136273199347,0.7399314427934552,0.2041371175183812,0.21318510446001915,0.15724079600934954,0.21318510446001915,0.21225187755223088
2026-08-03,2026-08-03 10:50:19,Bilashpur,3,PANIC,DOWN,-5.0,0,1.3486068382536134,0.735819597152663,0.20271427368280398,0.2116991957952683,0.16311486121048133,0.2116991957952683,0.21077247351617803
2026-08-03,2026-08-03 10:50:19,Hospet,3,PANIC,DOWN,30.0,0,1.2718063741545393,0.731640158944111,0.20126804043119087,0.2101888610233916,0.16908548722269848,0.2101888610233916,0.20926875029932743
2026-08-03,2026-08-03 10:50:19,Jabalpur,3,PANIC,DOWN,-15.0,1,0.11184670974813479,0.7273934341321944,0.19979852363803027,0.20865421071156146,0.1751522369540079,0.20865421071156146,0.20774081798483893
2026-08-03,2026-08-03 10:50:19,Pune,3,PANIC,DOWN,0.0,0,1.3305653002767253,0.730237635818373,0.20122121481574937,0.2095150450740522,0.1710890916880383,0.2095150450740522,0.2086596033481078
2026-08-03,2026-08-03 10:50:19,Benglore,3,PANIC,DOWN,20.0,0,1.265013583249769,0.726051144533424,0.19976937713723536,0.2080033663132784,0.1770697935236801,0.2080033663132784,0.20715409671252782
2026-08-03,2026-08-03 10:50:19,Surat,3,PANIC,DOWN,-10.0,1,0.11633214553152069,0.7217979508819846,0.1982944076754868,0.20646760233558817,0.18314578445430785,0.20646760233558817,0.2056246031990291
2026-08-03,2026-08-03 10:50:19,Mumbai,3,PANIC,DOWN,-10.0,1,0.11372534786361943,0.7250308175447784,0.1998284989356202,0.20747768307771372,0.1785274035074596,0.20747768307771372,0.20668873140149288
2026-08-03,2026-08-03 10:50:19,Siddipet,3,PANIC,DOWN,0.0,0,0.9105155200741384,0.5871047953587628,0.20121687252464987,0.20839181997530135,0.17434770553426043,0.20839181997530135,0.20765178199048712
2026-08-03,2026-08-03 10:50:19,Barwala,3,PANIC,DOWN,10.0,0,0.8519711217431502,0.5809833179885409,0.20540121040624024,0.20547337610631758,0.1789083353244156,0.20547337610631758,0.20474370205670894
2026-08-03,2026-08-03 10:50:19,Navapur,3,PANIC,DOWN,5.0,0,1.3056756227988016,0.7224727653026157,0.2151788987561116,0.20111784805084323,0.18218176385340612,0.20111784805084323,0.20040364128879587
2026-08-03,2026-08-03 10:50:19,Bhopal,3,PANIC,DOWN,-20.0,1,0.11917264972987093,0.7183328161876311,0.21362279033408416,0.19966342487561048,0.18809597687481275,0.19966342487561048,0.19895438303988217
2026-08-03,2026-08-03 10:50:19,Mahuva,3,PANIC,DOWN,-5.0,0,1.3032797725656893,0.7217213354008066,0.21416351516888096,0.2010819025293828,0.18325523514170455,0.2010819025293828,0.20041744463064887
2026-08-03,2026-08-03 10:50:19,Metapally,3,PANIC,DOWN,-5.0,0,0.8626823477329275,0.5687904735754201,0.2126320012834799,0.19964393712438014,0.18909589360877696,0.19964393712438014,0.19898423085898287
2026-08-04,2026-08-04 10:58:02,Hospet,3,PANIC,DOWN,40.0,0,1.2513364405937444,0.7144705862378287,0.21680756733226247,0.19674303497304424,0.1936134482316733,0.19674303497304424,0.1960929144899758
2026-08-04,2026-08-04 10:58:02,Vij/God,3,PANIC,DOWN,7.0,0,1.246512734055281,0.7102741962176751,0.21519577544437912,0.19528040693072535,0.19960829111760695,0.19528040693072535,0.19463511957656313
2026-08-04,2026-08-04 10:58:02,Nagpur,3,PANIC,DOWN,20.0,0,1.2416864349390582,0.706012842179017,0.21355903151973873,0.1937951360466425,0.20569593974426142,0.1937951360466425,0.19315475664271486
2026-08-04,2026-08-04 10:58:02,Metapally,3,PANIC,DOWN,20.0,0,1.2368614210183269,0.7016870262754715,0.2118975284305773,0.19228739734360295,0.21187567674932645,0.19228739734360295,0.19165200013289038
2026-08-04,2026-08-04 10:58:02,Pune,3,PANIC,DOWN,10.0,0,1.2320416682105448,0.6972973266583286,0.21021148823908517,0.1907573923329737,0.21814667620238767,0.1907573923329737,0.19012705089257975
2026-08-04,2026-08-04 10:58:02,Mumbai,3,PANIC,DOWN,0.0,0,1.2129200415538524,0.6928443988054651,0.2085011627078295,0.18920534947786694,0.22450800170647833,0.18920534947786694,0.18858013662995832
2026-08-04,2026-08-04 10:58:02,Kolkata Sell,3,PANIC,DOWN,10.0,0,1.1118782165153993,0.5435921930723085,0.20676683375195665,0.18763152460349278,0.23095860471617385,0.18763152460349278,0.18701151232488383
2026-08-04,2026-08-04 10:58:02,Wankaner,3,PANIC,DOWN,0.0,0,1.1894165942076644,0.6851534694414229,0.2117111820079262,0.18446777742813597,0.23549504365511015,0.18446777742813597,0.18385821948069167
2026-08-04,2026-08-04 10:58:02,Siddipet,3,PANIC,DOWN,20.0,0,1.2143537000945264,0.6805422666551724,0.20988695167382354,0.18287829258346533,0.2420824762068966,0.18287829258346533,0.18227398695234923
2026-08-04,2026-08-04 10:58:02,Jabalpur,3,PANIC,DOWN,5.0,0,1.1613642385608325,0.6758709072007093,0.20803892285935927,0.18126807169293807,0.2487558468561296,0.18126807169293807,0.180669086898635
2026-08-04,2026-08-04 10:58:02,Mysuru,3,PANIC,DOWN,0.0,0,1.147201038184763,0.6711404151313488,0.20616750068857753,0.1796374677484524,0.2555136926695017,0.1796374677484524,0.17904387114501585
2026-08-04,2026-08-04 10:58:02,Bhopal,3,PANIC,DOWN,0.0,0,1.1329552677726795,0.6663518961237908,0.20427312257641528,0.17798686187754478,0.26235443410887044,0.17798686187754478,0.17739871955962483
2026-08-04,2026-08-04 10:58:02,Barwala,3,PANIC,DOWN,20.0,0,1.101745760400171,0.5198571568205875,0.20235625828481418,0.17631666339228114,0.26927637482863204,0.17631666339228114,0.17573404010199137
2026-08-04,2026-08-04 10:58:02,Mahuva,3,PANIC,DOWN,5.0,0,1.1096214146634424,0.6584410046702606,0.20800579242098693,0.1729700215214639,0.27365570761391356,0.1729700215214639,0.17239845692217182
2026-08-04,2026-08-04 10:58:02,Surat,3,PANIC,DOWN,0.0,0,0.7166129228210858,0.5093213682645389,0.2059903930531085,0.17129408900064866,0.2806933665689789,0.17129408900064866,0.17072806237661534
2026-08-04,2026-08-04 10:58:02,Davangere,3,PANIC,DOWN,30.0,0,1.1854575838008914,0.6505078533010452,0.21174896536960297,0.16793906462188246,0.2849887809985067,0.16793906462188246,0.16738412438812533
2026-08-04,2026-08-04 10:58:02,Anand,3,PANIC,DOWN,15.0,0,1.1809950926485264,0.6455052070230161,0.20963250472568645,0.16626049008798588,0.29213541853854863,0.16626049008798588,0.16571109655979316
2026-08-04,2026-08-04 10:58:02,Namakkal,3,PANIC,DOWN,20.0,0,0.785817004302996,0.4952053649536954,0.2074944264473963,0.16456477051024118,0.2993550521901816,0.16456477051024118,0.16402098034193963
2026-08-04,2026-08-04 10:58:02,Gujrat Necc Selling rate,3,PANIC,DOWN,5.0,0,1.0554111990339408,0.6397241422513796,0.22153556855520268,0.15953250347343292,0.300394082498029,0.15953250347343292,0.15900534199990243
2026-08-04,2026-08-04 10:58:02,Navapur,3,PANIC,DOWN,10.0,0,1.1716407092876322,0.6346314734094481,0.21923180774370987,0.1578735160157604,0.30766932370078826,0.1578735160157604,0.15735183652398105
2026-08-04,2026-08-04 10:58:02,Benglore,3,PANIC,DOWN,20.0,0,1.167383142655516,0.6294910054935376,0.21690642415703246,0.15619895753497975,0.31501284929494616,0.15619895753497975,0.1556828114780618
2026-08-04,2026-08-04 10:58:02,Nasik,3,PANIC,DOWN,10.0,0,0.7654520104536703,0.47411233597773594,0.21456020552136534,0.15450939528958016,0.3224221716532975,0.15450939528958016,0.15399883224617678
2026-08-04,2026-08-04 10:58:02,Bilashpur,3,PANIC,DOWN,-5.0,0,0.9104795525609345,0.4636205342219471,0.22919528983106466,0.1495077900902753,0.3227753755661537,0.1495077900902753,0.149013754422231
2026-08-05,2026-08-05 11:06:04,Gujrat Necc Selling rate,3,PANIC,DOWN,10.0,0,1.1588993132075283,0.6188418339878269,0.2266737676705135,0.14786296045103825,0.33022595144596145,0.14786296045103825,0.1473743599814485
2026-08-05,2026-08-05 11:06:04,Siddipet,3,PANIC,DOWN,10.0,0,0.7448583484723964,0.45669173322979845,0.22413169106028571,0.14620472281223043,0.3377372614685738,0.14620472281223043,0.1457216018466797
2026-08-05,2026-08-05 11:06:04,Navapur,3,PANIC,DOWN,10.0,0,1.1549557616548531,0.613687256664107,0.23896631360701232,0.141303659626216,0.33758963333699005,0.141303659626216,0.14083673380356562
2026-08-05,2026-08-05 11:06:04,Mumbai,3,PANIC,DOWN,0.0,0,0.9678391999279639,0.6084066139305223,0.23624487645430983,0.13969444105764398,0.34513340867068243,0.13969444105764398,0.13923283275971973
2026-08-05,2026-08-05 11:06:04,Benglore,3,PANIC,DOWN,0.0,0,0.8586712706322008,0.4396347181787752,0.23350340886249227,0.13807337824915308,0.3527327080249718,0.13807337824915308,0.1376171266142298
2026-08-05,2026-08-05 11:06:04,Jabalpur,3,PANIC,DOWN,-5.0,0,0.9388834353879123,0.5977307913972395,0.23074297421560053,0.13644109999253543,0.3603845837182292,0.13644109999253543,0.13599024208109944
2026-08-05,2026-08-05 11:06:04,Kolkata Sell,3,PANIC,DOWN,10.0,0,1.0838705759610656,0.4327645335038809,0.22796466837174595,0.13479825428189202,0.36808599805128145,0.13479825428189202,0.13435282501318868
2026-08-05,2026-08-05 11:06:04,Mysuru,3,PANIC,DOWN,0.0,0,0.9184737116126833,0.5901028911426724,0.23455466103926356,0.13153279790901995,0.37128158408189643,0.13153279790901995,0.1310981590608002
2026-08-05,2026-08-05 11:06:04,Barwala,3,PANIC,DOWN,12.0,0,1.0837623825210787,0.42748822437480294,0.23166190037881096,0.1299106050194624,0.3790355630137649,0.1299106050194624,0.12948132656849953
2026-08-05,2026-08-05 11:06:04,Vij/God,3,PANIC,DOWN,7.0,0,1.1334099571546963,0.5825753108115233,0.23831621766752795,0.12668904838554024,0.3820352702692524,0.12668904838554024,0.12627041529213914
2026-08-05,2026-08-05 11:06:04,Bhopal,3,PANIC,DOWN,5.0,0,0.8842596659896642,0.5771156592160873,0.23530836334600913,0.12509007117196608,0.3898347725484467,0.12509007117196608,0.124676721761612
2026-08-05,2026-08-05 11:06:04,Wankaner,3,PANIC,DOWN,10.0,0,1.126750464067845,0.5716295742131257,0.2322859462199471,0.12348335236250954,0.3976720368383917,0.12348335236250954,0.12307531221664202
2026-08-05,2026-08-05 11:06:04,Namakkal,3,PANIC,DOWN,30.0,0,0.7205798891937043,0.40564423543037026,0.2292502719919136,0.12186958606946352,0.40554367739327196,0.12186958606946352,0.12146687847588755
2026-08-05,2026-08-05 11:06:04,Surat,3,PANIC,DOWN,10.0,0,1.1246955512770187,0.5680831074533588,0.2462432180753289,0.11713514234376268,0.40273841792377296,0.11713514234376268,0.1167480793133726
2026-08-05,2026-08-05 11:06:04,Pune,3,PANIC,FLAT,10.0,0,0.6989150413903483,0.3924758074807352,0.2429991836931659,0.11559199150252214,0.4106068056200697,0.11559199150252214,0.1152100276817203
2026-08-05,2026-08-05 11:06:04,Davangere,3,PANIC,FLAT,10.0,0,0.6746877855641203,0.38298299473574204,0.25958556451109355,0.11106661991368245,0.40758158586641774,0.11106661991368245,0.11069960979512375
2026-08-05,2026-08-05 11:06:04,Bilashpur,3,PANIC,DOWN,-10.0,1,0.2904946085065099,0.5667091903868382,0.27537810217262015,0.10675783778491892,0.404701156590231,0.10675783778491892,0.10640506566731091
2026-08-05,2026-08-05 11:06:04,Nagpur,3,PANIC,FLAT,10.0,0,0.6654359389207132,0.39994721566046354,0.26968354054436694,0.11912747692286782,0.37324900851211384,0.11912747692286782,0.11881249709778366
2026-08-05,2026-08-05 11:06:04,Hospet,3,PANIC,FLAT,10.0,0,0.6449470964656288,0.3910723182656413,0.2837792547234645,0.11489760730099255,0.37183171918276214,0.11489760730099255,0.1145938114917882
2026-08-05,2026-08-05 11:06:04,Nasik,3,PANIC,FLAT,5.0,1,0.823185697544204,0.3825594238652843,0.2973000111858751,0.1108402721210602,0.3704722404351473,0.1108402721210602,0.11054720413685722
2026-08-05,2026-08-05 11:06:04,Mahuva,3,PANIC,DOWN,10.0,0,1.1351973744216637,0.5853860567843474,0.29373555377817384,0.10951136053623513,0.3780199188795035,0.10951136053623513,0.10922180626985235
2026-08-05,2026-08-05 11:06:04,Anand,3,PANIC,DOWN,15.0,0,1.1318435874880775,0.5800702864640379,0.29014924063271835,0.10817430063042473,0.385613876479946,0.10817430063042473,0.10788828162648634
2026-08-05,2026-08-05 11:06:04,Metapally,3,PANIC,FLAT,15.0,0,0.6375074488544119,0.37414452565649836,0.28654254846938126,0.10682964295871263,0.39325098630704974,0.10682964295871263,0.10654717930614384
2026-08-06,2026-08-06 10:56:49,Siddipet,3,NORMAL,UP,0.0,0,0.5181324251395332,0.41773206933968127,0.3004834439008237,0.10302723959036326,0.39070561987596103,0.10302723959036326,0.10275645704248872
2026-08-06,2026-08-06 10:56:49,Davangere,3,NORMAL,UP,-10.0,0,0.9170911343934205,0.4280642004526109,0.2894845524136287,0.11145736040179391,0.3886055655572848,0.11145736040179391,0.0989951612254986
2026-08-06,2026-08-06 10:56:49,Nasik,3,NORMAL,UP,0.0,0,0.49741281424273476,0.42758702623467343,0.27235519585625084,0.11669659832161898,0.3774454122634383,0.11669659832161898,0.1168061952370728
2026-08-06,2026-08-06 10:56:49,Mumbai,3,NORMAL,DOWN,0.0,0,0.5096367283953851,0.4372056127857839,0.2627386493761822,0.1243457904913547,0.37588786585412476,0.1243457904913547,0.11268190378698369
2026-08-06,2026-08-06 10:56:49,Kolkata Sell,3,NORMAL,UP,0.0,0,0.49179781245793314,0.44643557776515963,0.25351064204247203,0.13168593090304806,0.3743932492869891,0.13168593090304806,0.10872424686444274
2026-08-06,2026-08-06 10:56:49,Bhopal,3,NORMAL,DOWN,5.0,0,0.4749937365183641,0.45529597802532923,0.24465212104448858,0.13873217454089193,0.3729584766686863,0.13873217454089193,0.1049250532050411
2026-08-06,2026-08-06 10:56:49,Navapur,3,NORMAL,UP,-5.0,0,0.4357145269827295,0.4638047039292785,0.23614519981373397,0.14549874873691063,0.37158065099657656,0.14549874873691063,0.10127665171586821
2026-08-06,2026-08-06 10:56:49,Metapally,3,NORMAL,UP,5.0,0,0.422363279114523,0.4719785670821616,0.22797307031074093,0.1519990229397047,0.37025704995225006,0.1519990229397047,0.09777183385759954
2026-08-06,2026-08-06 10:56:49,Raipur Td,3,NORMAL,FLAT,-10.0,0,1.171042898566974,0.6339173264319814,0.22011992313780085,0.1582455722583751,0.36898511296256503,0.1582455722583751,0.09440381938288374
2026-08-06,2026-08-06 10:56:49,Mahuva,3,NORMAL,UP,-5.0,0,0.4069056804239155,0.4818753655629487,0.22147080303213856,0.16239379490934922,0.36360578955694256,0.16239379490934922,0.0901358175922204
2026-08-06,2026-08-06 10:56:49,Anand,3,NORMAL,UP,-15.0,0,0.9518122298228818,0.48924264751762925,0.21399050235505862,0.16816737376266247,0.3625833203570026,0.16816737376266247,0.08709142976261382
2026-08-06,2026-08-06 10:56:49,Benglore,3,NORMAL,UP,-10.0,0,1.0910571132999314,0.48544465774545975,0.20225302886981975,0.16991340735908034,0.3536655534896391,0.16991340735908034,0.10425460292238053
2026-08-06,2026-08-06 10:56:49,Barwala,3,NORMAL,UP,-10.0,0,1.0928585154803097,0.49248524090610374,0.19561614323328902,0.1752759938453353,0.35299835646090616,0.1752759938453353,0.10083351261513417
2026-08-06,2026-08-06 10:56:49,Wankaner,3,NORMAL,FLAT,-10.0,0,0.9401503923992325,0.49927567550560686,0.18921506297744253,0.18044805019183874,0.3523548646243324,0.18044805019183874,0.09753397201454765
2026-08-06,2026-08-06 10:56:49,Pune,3,NORMAL,FLAT,10.0,0,1.1601558600302135,0.6204556983439131,0.1791428461709285,0.18148883137679842,0.3442447744239221,0.18148883137679842,0.11363471665155264
2026-08-06,2026-08-06 10:56:49,Vij/God,3,NORMAL,FLAT,0.0,1,0.3818629816592862,0.4963150426104988,0.18212281311507408,0.18437013561736137,0.34028121820884694,0.18437013561736137,0.10885569744135612
2026-08-06,2026-08-06 10:56:49,Gujrat Necc Selling rate,3,NORMAL,FLAT,-15.0,0,0.9300112670517587,0.5027297788450411,0.17638714258054378,0.1890614964043763,0.34006240554130585,0.1890614964043763,0.10542745906939759
2026-08-06,2026-08-06 10:56:49,Surat,3,NORMAL,DOWN,0.0,0,0.3975837053584353,0.498482881141662,0.16733238429170555,0.18962301979350168,0.33287236204394244,0.18962301979350168,0.12054921407734871
2026-08-06,2026-08-06 10:56:49,Mysuru,3,NORMAL,FLAT,0.0,1,0.22198704911581124,0.6182125743158536,0.1621825462921683,0.1940458626085701,0.3328865489419111,0.1940458626085701,0.11683917954878047
2026-08-06,2026-08-06 10:56:49,Hospet,3,NORMAL,FLAT,0.0,1,0.36748672568865703,0.5055093238373934,0.1657467871274661,0.19631686925900105,0.32952243839256,0.19631686925900105,0.11209703596197186
2026-08-06,2026-08-06 10:56:49,Namakkal,3,NORMAL,FLAT,30.0,0,0.8565872164103705,0.5114270534440042,0.1607036421873726,0.20048584230204752,0.3296383917444823,0.20048584230204752,0.10868628146405002
2026-08-06,2026-08-06 10:56:49,Jabalpur,3,NORMAL,DOWN,-10.0,1,0.7109297070063054,0.5068847424560579,0.17259244790212278,0.2004617045141186,0.32319765162327396,0.2004617045141186,0.10328649144636609
2026-08-06,2026-08-06 10:56:49,Nagpur,3,NORMAL,FLAT,-10.0,0,0.9109288958447478,0.4930423535527435,0.18016128286725414,0.19660745825315926,0.3111313028547438,0.19660745825315926,0.11549249777168372
2026-08-06,2026-08-06 10:56:49,Bilashpur,3,NORMAL,DOWN,-15.0,1,0.671324644356888,0.4896125416411187,0.1717015429501179,0.19676676007638974,0.3059129679059615,0.19676676007638974,0.12885196899114104
2026-08-07,2026-08-07 11:21:14,Surat,3,NORMAL,FLAT,-15.0,0,0.5926935251578099,0.41059816292120466,0.17893801042384347,0.1933450794635918,0.2955637021505718,0.1933450794635918,0.1388081284984012
2026-08-07,2026-08-07 11:21:14,Siddipet,3,NORMAL,FLAT,-5.0,1,0.9506462158060531,0.39896208391017196,0.1709481734885831,0.18471194638309116,0.29129664678707307,0.20257251589838896,0.1504707174428638
2026-08-07,2026-08-07 11:21:14,Bilashpur,3,NORMAL,DOWN,-40.0,1,0.3575274461460436,0.5134479091895094,0.1693886999572979,0.18302691292869253,0.2977617882291512,0.20072454952201532,0.14909804936284296
2026-08-07,2026-08-07 11:21:14,Barwala,3,NORMAL,UP,-25.0,0,0.7929756930912414,0.5040824286187539,0.17657368997076037,0.1717220350462399,0.28819391609857853,0.20597404301748726,0.15753631586693387
2026-08-07,2026-08-07 11:21:14,Pune,3,NORMAL,FLAT,5.0,1,0.9540887407516112,0.410094588505868,0.1718830147514922,0.16716024390664785,0.28939304347633416,0.21821232989821493,0.1533513679673108
2026-08-07,2026-08-07 11:21:14,Mahuva,3,NORMAL,FLAT,-20.0,0,0.5420161310983533,0.40774170149087624,0.17032811383706084,0.16564806647316024,0.2958213889885273,0.2162383212866631,0.15196410941458866
2026-08-07,2026-08-07 11:21:14,Hospet,3,NORMAL,UP,-25.0,0,0.7607055169202173,0.48881561422638065,0.16273952419788243,0.15826798591763516,0.2915522804819561,0.22442541348035724,0.16301479592216908
2026-08-07,2026-08-07 11:21:14,Nasik,3,NORMAL,FLAT,0.0,1,0.9500140193483926,0.42645021075368833,0.15837496117559788,0.15402334650165883,0.29267281981747423,0.2362860222052466,0.1586428503000224
2026-08-07,2026-08-07 11:21:14,Davangere,3,NORMAL,FLAT,-10.0,0,0.5101624598352156,0.42392564071282346,0.15692866572472092,0.1526167904165261,0.29913219998329094,0.23412823541568992,0.15719410845977227
2026-08-07,2026-08-07 11:21:14,Wankaner,3,NORMAL,FLAT,-20.0,0,0.4871644995584824,0.4367865265037034,0.14987371101913408,0.14575568228992447,0.2946755688285081,0.2415852400405226,0.16810979782191085
2026-08-07,2026-08-07 11:21:14,Raipur Td,3,NORMAL,DOWN,-40.0,1,0.45715944342415793,0.4488882341014131,0.14323521034738082,0.13929958543201731,0.2904820126471546,0.24860205762150825,0.17838113395193908
2026-08-07,2026-08-07 11:21:14,Nagpur,3,NORMAL,DOWN,-10.0,1,0.4517624125374064,0.4576043188211417,0.14445247382554616,0.1320629759972718,0.2840498090041225,0.2530038449443676,0.18643089622869194
2026-08-07,2026-08-07 11:21:14,Metapally,3,NORMAL,DOWN,-5.0,0,0.9777067072838662,0.4683876147214488,0.13828091906075443,0.12642074733074965,0.2804588840064262,0.25928407536974096,0.19555537423232866
2026-08-07,2026-08-07 11:21:14,Anand,3,NORMAL,DOWN,-20.0,1,0.4372014980511498,0.46560742091778723,0.1370734356771006,0.12531682820157528,0.28674199195305655,0.2570199798258181,0.19384776434244938
2026-08-07,2026-08-07 11:21:14,Benglore,3,NORMAL,UP,-30.0,0,0.7012178839331022,0.46767101547835366,0.1311693904436681,0.11991916512734337,0.2830058293508782,0.26317843425147375,0.20272718082663654
2026-08-07,2026-08-07 11:21:14,Mumbai,3,NORMAL,DOWN,-10.0,1,0.4075486691989238,0.4797809168654704,0.127765393733877,0.11680712471796385,0.28431188602605845,0.273649418456974,0.19746617706512665
2026-08-07,2026-08-07 11:21:14,Gujrat Necc Selling rate,3,NORMAL,DOWN,-15.0,1,0.4028019121087863,0.4867333286708025,0.12974118500194662,0.11087450401774135,0.2783366985934514,0.2766807577671467,0.20436685461971393
2026-08-07,2026-08-07 11:21:14,Vij/God,3,NORMAL,DOWN,-13.0,1,0.3879833363485342,0.49606802036780584,0.12431675709612929,0.10623888462187665,0.2750614720422715,0.28183668677212764,0.21254619946759493
2026-08-07,2026-08-07 11:21:14,Mysuru,3,NORMAL,DOWN,0.0,0,0.8312730198550041,0.5049080351798076,0.11917978797164765,0.10184892237648167,0.27195981082357407,0.28671938566065047,0.22029209316764614
2026-08-07,2026-08-07 11:21:14,Kolkata Sell,3,NORMAL,UP,-20.0,0,0.6744746559254693,0.4596127547021843,0.12556018294465768,0.10014250992301398,0.27578047587944354,0.28191558883172185,0.21660124242116305
2026-08-07,2026-08-07 11:21:14,Jabalpur,3,NORMAL,DOWN,-20.0,1,0.3781472725568896,0.501934356973119,0.12238922641596298,0.09761346338777424,0.2772339430918072,0.2916322753924668,0.21113109171198877
2026-08-07,2026-08-07 11:21:14,Navapur,3,NORMAL,DOWN,-10.0,1,0.36488197007078654,0.5105873827476816,0.1172993080839427,0.0935539185136135,0.27402194090575593,0.29613906805904144,0.21898576443764647
2026-08-07,2026-08-07 11:21:14,Bhopal,3,NORMAL,DOWN,-15.0,1,0.34889801591030206,0.518785546824129,0.11247695036668182,0.08970777083982447,0.2709787833304525,0.30040895314914756,0.22642754231389373
2026-08-07,2026-08-07 11:21:14,Namakkal,3,NORMAL,UP,20.0,1,0.4650776247028966,0.4524471085323551,0.11509963238816649,0.08536608068469181,0.2659302698545257,0.30200243224210993,0.23160158483050605
2026-08-08,2026-08-08 10:47:50,Namakkal,3,PANIC,FLAT,0.0,1,0.7912322549272327,0.36584636391655273,0.30061530534272685,0.10287465162758108,0.39103274620505496,0.10287465162758108,0.10260264519705602
2026-08-08,2026-08-08 10:47:50,Navapur,3,PANIC,FLAT,5.0,1,0.7796071825778667,0.36313482903915945,0.2968388744113716,0.10158230553091155,0.3986827983898292,0.10158230553091155,0.10131371613697612
2026-08-08,2026-08-08 10:47:50,Nagpur,3,PANIC,FLAT,-15.0,0,0.616110556336542,0.36040983993791964,0.2930437054038385,0.10028354700937639,0.40637080897056194,0.10028354700937639,0.1000183916068467
2026-08-08,2026-08-08 10:47:50,Anand,3,PANIC,FLAT,-5.0,1,0.8033499829472495,0.3933189880689921,0.2682899521045341,0.1159471039306335,0.38411149351119156,0.1159471039306335,0.1157043465230075
2026-08-08,2026-08-08 10:47:50,Raipur Td,3,PANIC,DOWN,-20.0,1,0.27759709819249834,0.5758244723691976,0.26499329503688457,0.1145223847540559,0.39167932518686055,0.1145223847540559,0.11428261026814314
2026-08-08,2026-08-08 10:47:50,Nasik,3,PANIC,FLAT,-5.0,1,0.8378896212084815,0.41349286168124433,0.2606160437297247,0.12554453648686992,0.36296558243992644,0.12554453648686992,0.12532930085660926
2026-08-08,2026-08-08 10:47:50,Siddipet,3,PANIC,FLAT,-5.0,1,0.8262914547730741,0.41043973837753467,0.25759625445970485,0.12408983692667773,0.3703469764295311,0.12408983692667773,0.12387709525740843
2026-08-08,2026-08-08 10:47:50,Pune,3,PANIC,FLAT,0.0,1,0.8146944587361313,0.40736538426414026,0.2545554661782131,0.12262502167627629,0.3777796991587293,0.12262502167627629,0.12241479131050502
2026-08-08,2026-08-08 10:47:50,Surat,3,PANIC,FLAT,-15.0,0,0.533927972689074,0.4042710176557047,0.2514948838983203,0.12115067121722493,0.38526080516495875,0.12115067121722493,0.12094296850227114
2026-08-08,2026-08-08 10:47:50,Mumbai,3,PANIC,DOWN,-10.0,1,0.5200975310019074,0.4318734792155732,0.23141592546609407,0.13428917297807708,0.36590767565451565,0.13428917297807708,0.13409805292323618
2026-08-08,2026-08-08 10:47:50,Vij/God,3,PANIC,DOWN,-23.0,1,0.45122419706548256,0.45277707937781353,0.22226646719366486,0.1442377909022117,0.3451948479808872,0.1442377909022117,0.1440631030210246
2026-08-08,2026-08-08 10:47:50,Mysuru,3,PANIC,DOWN,0.0,0,0.6369250256303498,0.47416983968092685,0.2062687330817051,0.15442062853702035,0.3306314959455423,0.15442062853702035,0.15425851389871198
2026-08-08,2026-08-08 10:47:50,Metapally,3,PANIC,DOWN,-5.0,0,0.8946000239896077,0.4674399744914273,0.21236668417501692,0.15121480897788175,0.3341476379800869,0.15121480897788175,0.15105605988913262
2026-08-08,2026-08-08 10:47:50,Kolkata Sell,3,PANIC,DOWN,-20.0,1,0.43251325240428484,0.46407895626555307,0.21011816995678007,0.14961376383600572,0.3411976068067156,0.14961376383600572,0.14945669556449293
2026-08-08,2026-08-08 10:47:50,Hospet,3,PANIC,DOWN,-25.0,1,0.4004664636256977,0.4843747010853308,0.19520319656502708,0.1592746877952986,0.3271186590273574,0.1592746877952986,0.1591287688170182
2026-08-08,2026-08-08 10:47:50,Jabalpur,3,PANIC,DOWN,-10.0,1,0.20802170178401452,0.6298121769245769,0.18189246721678826,0.1678964895711683,0.31455403296489015,0.1678964895711683,0.1677605206759851
2026-08-08,2026-08-08 10:47:50,Gujrat Necc Selling rate,3,PANIC,DOWN,-5.0,0,0.9669641903467515,0.5119519040988659,0.18523544968693034,0.17239961566022166,0.297690401600404,0.17239961566022166,0.17227491739222228
2026-08-08,2026-08-08 10:47:50,Wankaner,3,PANIC,DOWN,-10.0,1,0.3644294013767166,0.5085475010425106,0.18349318469559248,0.1707780803904201,0.30429609952939246,0.1707780803904201,0.1706545549941749
2026-08-08,2026-08-08 10:47:50,Davangere,3,PANIC,DOWN,-20.0,1,0.34209181095529223,0.5238946348453767,0.17183004403812885,0.17808362218234672,0.29403476332561873,0.17808362218234672,0.17796794827155898
2026-08-08,2026-08-08 10:47:50,Bilashpur,3,PANIC,DOWN,-30.0,1,0.18424894918957088,0.6506836231742891,0.16126288449673468,0.18470266485008727,0.2847376811795871,0.18470266485008727,0.18459410462350365
2026-08-08,2026-08-08 10:47:50,Mahuva,3,PANIC,DOWN,-10.0,1,0.3151382970115305,0.5437438317880142,0.1658574031144802,0.18753052209571758,0.27165140861692827,0.18753052209571758,0.18743014407715647
2026-08-08,2026-08-08 10:47:50,Barwala,3,PANIC,DOWN,-2.0,0,1.1288967713991351,0.6649820171460706,0.15640516481293493,0.19312602952341268,0.26431140407704196,0.19312602952341268,0.19303137206319787
2026-08-08,2026-08-08 10:47:50,Bhopal,3,PANIC,DOWN,-25.0,1,0.30328935773049204,0.5521232815734087,0.1551033440674145,0.19151856680289275,0.27043482511343014,0.19151856680289275,0.19142469721336988
2026-08-08,2026-08-08 10:47:50,Benglore,3,PANIC,DOWN,-30.0,1,0.2953525414305892,0.5633354168358552,0.14631484339300702,0.1968559058793427,0.2632059896986283,0.1968559058793427,0.19676735514967927
2026-08-09,2026-08-09 11:10:16,Mahuva,3,PANIC,DOWN,-10.0,1,0.16196012724505718,0.6718102221207803,0.14498092450941572,0.20018175300811672,0.2545568255417426,0.20018175300811672,0.2000987439326084
2026-08-09,2026-08-09 11:10:16,Davangere,3,PANIC,DOWN,-10.0,1,0.15517086914056147,0.6786051247077555,0.1502078604644793,0.2016732365073974,0.24484982184606358,0.2016732365073974,0.2015958446746623
2026-08-09,2026-08-09 11:10:16,Namakkal,3,PANIC,DOWN,0.0,0,1.095624288610605,0.5762773098489179,0.1549041771850646,0.20301331011005241,0.23612823731648122,0.20301331011005241,0.20294096527834932
2026-08-09,2026-08-09 11:10:16,Gujrat Necc Selling rate,3,PANIC,DOWN,0.0,0,1.1760526229694,0.6807455335525973,0.1537556137148857,0.20150803325961647,0.2417920949248612,0.20150803325961647,0.20143622484102022
2026-08-09,2026-08-09 11:10:16,Barwala,3,PANIC,DOWN,1.0,0,1.1639138007986434,0.6767192962797494,0.15258922314970325,0.19997939269083487,0.24754386245750096,0.19997939269083487,0.19990812901112606
2026-08-09,2026-08-09 11:10:16,Navapur,3,PANIC,DOWN,-10.0,1,0.16112922578409258,0.6726319891665223,0.1514051408090967,0.19842756574996287,0.2533828726192537,0.19842756574996287,0.19835685507172382
2026-08-09,2026-08-09 11:10:16,Nagpur,3,PANIC,DOWN,-10.0,1,0.15446650663058564,0.6793208325573924,0.1561614743614638,0.2000257016895934,0.24382738206086813,0.2000257016895934,0.19995974019848137
2026-08-09,2026-08-09 11:10:16,Vij/God,3,PANIC,DOWN,-23.0,1,0.28151676056766767,0.5730292905882169,0.1604393728834434,0.2014630826677768,0.23523306913338973,0.2014630826677768,0.20140139264761345
2026-08-09,2026-08-09 11:10:16,Jabalpur,3,PANIC,DOWN,-10.0,1,0.14452042798131898,0.689659366044324,0.15845413505760117,0.20418201690384852,0.2290580485081088,0.20418201690384852,0.20412378262659311
2026-08-09,2026-08-09 11:10:16,Bilashpur,3,PANIC,DOWN,-25.0,1,0.13982970899383496,0.694696169165779,0.1623443505291678,0.20528257188299662,0.22186261547745856,0.20528257188299662,0.20522789022738047
2026-08-09,2026-08-09 11:10:16,Raipur Td,3,PANIC,DOWN,-30.0,1,0.13564590705895027,0.6992834664242003,0.16588738652582385,0.20628490862653195,0.2153093336797139,0.20628490862653195,0.20623346254139832
2026-08-09,2026-08-09 11:10:16,Benglore,3,PANIC,DOWN,-20.0,1,0.13189488010045447,0.703476998823537,0.16912629506106602,0.2072012066931865,0.20931857310923283,0.2072012066931865,0.20715271844332805
2026-08-09,2026-08-09 11:10:16,Pune,3,PANIC,DOWN,-20.0,1,0.2641978648262293,0.5868555576983066,0.1720973016512164,0.20804171440279037,0.20382333020834575,0.20804171440279037,0.2079959393348571
2026-08-09,2026-08-09 11:10:16,Mysuru,3,PANIC,DOWN,0.0,0,0.928500158723061,0.5938610314269552,0.1647073893227324,0.2113769990749648,0.20120542292447446,0.2113769990749648,0.21133318960286368
2026-08-09,2026-08-09 11:10:16,Mumbai,3,PANIC,DOWN,-10.0,1,0.26046068257965627,0.5883171502885421,0.16889523697902942,0.20873687328041435,0.20493740546591024,0.20873687328041435,0.20869361099423153
2026-08-09,2026-08-09 11:10:16,Siddipet,3,PANIC,DOWN,-15.0,1,0.12681617594227163,0.7092847062187388,0.16674512577010348,0.2107580563832074,0.20102184825894442,0.2107580563832074,0.21071691320453712
2026-08-09,2026-08-09 11:10:16,Hospet,3,PANIC,DOWN,-15.0,1,0.12391977422831327,0.7126679790654348,0.16972735586049345,0.21137432476264287,0.19618860133509308,0.21137432476264287,0.21133539327912773
2026-08-09,2026-08-09 11:10:16,Wankaner,3,PANIC,DOWN,-5.0,0,1.2844637569646702,0.715795092601323,0.1724837909768332,0.21194393332760222,0.19172129628382423,0.21194393332760222,0.21190704608413816
2026-08-09,2026-08-09 11:10:16,Metapally,3,PANIC,DOWN,-10.0,1,0.12413703492951476,0.7124123299324314,0.1714525488597927,0.2106767678202763,0.19655381438224073,0.2106767678202763,0.21064010111741394
2026-08-09,2026-08-09 11:10:16,Nasik,3,PANIC,DOWN,-10.0,1,0.1214837481713606,0.7155557972020226,0.17412088348459634,0.21128356974944928,0.19206314685425352,0.21128356974944928,0.21124883016225157
2026-08-09,2026-08-09 11:10:16,Bhopal,3,PANIC,DOWN,-30.0,1,0.25630988263204624,0.5948531060238793,0.17659320691542987,0.21184579707034976,0.1879023559075996,0.21184579707034976,0.21181284303627093
2026-08-09,2026-08-09 11:10:16,Anand,3,PANIC,DOWN,0.0,0,1.2968983807218697,0.71971642134848,0.1696033800197667,0.21476962385669185,0.18611939807360015,0.21476962385669185,0.21473797419324966
2026-08-09,2026-08-09 11:10:16,Surat,3,PANIC,DOWN,-5.0,0,1.2864240539371916,0.7164145733865379,0.16862042682819245,0.21352490522432416,0.19083632373351728,0.21352490522432416,0.21349343898964201
2026-08-09,2026-08-09 11:10:16,Kolkata Sell,3,PANIC,DOWN,-30.0,1,0.2506043461074017,0.5957171837861853,0.16761892980371113,0.21225670444190825,0.1956422362160241,0.21225670444190825,0.21222542509644823
2026-08-10,2026-08-10 11:05:10,Surat,3,PANIC,DOWN,0.0,0,1.2830865299290877,0.7153595795361399,0.16562875490203344,0.2140192019957482,0.1923434578055143,0.2140192019957482,0.21398938330095588
2026-08-10,2026-08-10 11:05:10,Jabalpur,3,PANIC,DOWN,0.0,0,1.2724180946324215,0.7119777934072923,0.16463802078141315,0.2127390129005,0.19717458084672515,0.2127390129005,0.21270937257086164
2026-08-10,2026-08-10 11:05:10,Nagpur,3,PANIC,DOWN,-10.0,1,0.12746548261131324,0.7085335099705808,0.16362897733755696,0.211435165191442,0.20209498575631313,0.211435165191442,0.21140570652324586
2026-08-10,2026-08-10 11:05:10,Benglore,3,PANIC,DOWN,20.0,0,1.2484424788816297,0.7119603447182467,0.1667816453763756,0.21201557356446857,0.19719950754536184,0.21201557356446857,0.21198769994932534
2026-08-10,2026-08-10 11:05:10,Mysuru,3,PANIC,DOWN,0.0,0,0.9248251184162619,0.5924859992600077,0.16576000931780305,0.21071685298617235,0.20211713459647163,0.21071685298617235,0.21068915011338057
2026-08-10,2026-08-10 11:05:10,Hospet,3,PANIC,DOWN,-5.0,0,1.2534135142004579,0.7059172536832753,0.16992883566994227,0.20808867564636432,0.20583249473817805,0.20808867564636432,0.208061318299151
2026-08-10,2026-08-10 11:05:10,Barwala,3,PANIC,DOWN,10.0,0,1.2376138057713024,0.7023660088865455,0.16884331639618533,0.20675938819980386,0.21090570159064922,0.20675938819980386,0.20673220561355773
2026-08-10,2026-08-10 11:05:10,Gujrat Necc Selling rate,3,PANIC,DOWN,0.0,0,1.231134682865366,0.6987521188550523,0.1677386481722328,0.20540665164485342,0.2160684016356396,0.20540665164485342,0.2053796469024208
2026-08-10,2026-08-10 11:05:10,Nasik,3,PANIC,DOWN,-20.0,1,0.2739504034632879,0.5784452399235527,0.16661484578861388,0.20403048409345736,0.22132052574916802,0.20403048409345736,0.20400366027530337
2026-08-10,2026-08-10 11:05:10,Mumbai,3,PANIC,DOWN,-15.0,1,0.13625838071854887,0.6986061167803458,0.16443580303279498,0.20643754673483955,0.21627697602807736,0.20643754673483955,0.2064121274694485
2026-08-10,2026-08-10 11:05:10,Navapur,3,PANIC,DOWN,-5.0,0,1.2437604417221646,0.7028208153945754,0.1677442141395367,0.20734125726806332,0.2102559780077492,0.20734125726806332,0.2073172933165873
2026-08-10,2026-08-10 11:05:10,Bhopal,3,PANIC,DOWN,-10.0,1,0.1357041463075993,0.699218970784081,0.1666512947399499,0.20599034758950666,0.21540147030845577,0.20599034758950666,0.20596653977258103
2026-08-10,2026-08-10 11:05:10,Metapally,3,PANIC,DOWN,-10.0,1,0.13198032434093337,0.7033805916205291,0.1698191691175307,0.20691566127561503,0.20945629768495835,0.20691566127561503,0.20689321064628088
2026-08-10,2026-08-10 11:05:10,Pune,3,PANIC,DOWN,-20.0,1,0.2649374095917711,0.5862922485308568,0.17272790260122756,0.20776528174060388,0.20399745664040558,0.20776528174060388,0.20774407727715902
2026-08-10,2026-08-10 11:05:10,Siddipet,3,PANIC,DOWN,-15.0,1,0.12704001541766968,0.7090254466173507,0.16536782894170787,0.21108675095485704,0.2013922191180705,0.21108675095485704,0.2110664500305076
2026-08-10,2026-08-10 11:05:10,Bilashpur,3,PANIC,DOWN,0.0,0,1.2737600050889004,0.7124039640136759,0.16840728079533895,0.21168205638037899,0.19656576569474873,0.21168205638037899,0.2116628407491544
2026-08-10,2026-08-10 11:05:10,Wankaner,3,PANIC,DOWN,10.0,0,1.2450403125349576,0.7089809082799033,0.16738227466981048,0.21039365956386583,0.2014558453144237,0.21039365956386583,0.21037456088803422
2026-08-10,2026-08-10 11:05:10,Raipur Td,3,PANIC,DOWN,0.0,0,1.2520959343839002,0.705495334510047,0.1663385480281917,0.20908173171399247,0.2064352364142186,0.20908173171399247,0.20906275212960482
2026-08-10,2026-08-10 11:05:10,Namakkal,3,PANIC,DOWN,0.0,0,1.140100553691677,0.5862539189113702,0.16527608072179562,0.2077462475045647,0.21150403511910396,0.2077462475045647,0.20772738914997096
2026-08-10,2026-08-10 11:05:10,Kolkata Sell,3,PANIC,DOWN,-10.0,1,0.13650275666338135,0.6983364203677823,0.16419486956699794,0.20638720293387822,0.21666225661745386,0.20638720293387822,0.20636846794779168
2026-08-10,2026-08-10 11:05:10,Mahuva,3,PANIC,DOWN,10.0,0,1.2378340768052436,0.7025644761179317,0.16751543828117677,0.20729334921199144,0.2106221769743833,0.20729334921199144,0.20727568632045706
2026-08-10,2026-08-10 11:05:10,Anand,3,PANIC,DOWN,10.0,0,1.2338648078339491,0.6989660634403002,0.16642454354786904,0.2059434126018176,0.21576276651385703,0.2059434126018176,0.20592586473463886
2026-08-10,2026-08-10 11:05:10,Davangere,3,PANIC,DOWN,-10.0,1,0.13926949756032952,0.6953050963121629,0.16531468480828548,0.20457000882697082,0.2209927195540531,0.20457000882697082,0.2045525779837198
2026-08-11,2026-08-11 11:11:53,Nasik,3,PANIC,DOWN,-20.0,1,0.1351917173346046,0.6997870814822065,0.16863070494990143,0.20559860886525716,0.21458988359684797,0.20559860886525716,0.20558219372273637
2026-08-11,2026-08-11 11:11:53,Navapur,3,PANIC,DOWN,-25.0,1,0.2676232742999626,0.5837245056515885,0.17166764431951725,0.20654064052322466,0.2087259190353564,0.20654064052322466,0.2065251555986771
2026-08-11,2026-08-11 11:11:53,Bilashpur,3,PANIC,DOWN,0.0,0,1.2533467543066965,0.7058958811220278,0.16420635589777488,0.20998180967605395,0.2058630269685316,0.20998180967605395,0.20996699778158556
2026-08-11,2026-08-11 11:11:53,Gujrat Necc Selling rate,3,PANIC,DOWN,-5.0,0,1.1422432038416648,0.5881468040641662,0.16316193762736148,0.20864624116361055,0.2109140565666869,0.20864624116361055,0.20863152347873057
2026-08-11,2026-08-11 11:11:53,Siddipet,3,PANIC,DOWN,-15.0,1,0.1361173865057856,0.6987618660506306,0.1620990357006375,0.2072870363456155,0.21605447707052763,0.2072870363456155,0.2072724145376039
2026-08-11,2026-08-11 11:11:53,Namakkal,3,PANIC,DOWN,0.0,0,0.9104519612378856,0.587080796141183,0.1655259230386814,0.2081383085807207,0.2100729396167714,0.2081383085807207,0.20812452018310587
2026-08-11,2026-08-11 11:11:53,Raipur Td,3,PANIC,DOWN,-10.0,1,0.26980732610938396,0.5814470010978045,0.1698371588869721,0.2054554897939614,0.21380998240187865,0.2054554897939614,0.2054418791232264
2026-08-11,2026-08-11 11:11:53,Pune,3,PANIC,DOWN,-20.0,1,0.26336336542801375,0.5861686515181824,0.16757421282867893,0.2077036657777132,0.20932771357391755,0.2077036657777132,0.20769074204197713
2026-08-11,2026-08-11 11:11:53,Bhopal,3,PANIC,DOWN,-5.0,0,1.2548908863054793,0.706390071061016,0.16546858136139178,0.20979555395067198,0.20515704134140572,0.20979555395067198,0.20978326939585856
2026-08-11,2026-08-11 11:11:53,Wankaner,3,PANIC,DOWN,0.0,0,1.143132049667094,0.5877719501279963,0.16442065590496507,0.2084669023128732,0.21019084391218312,0.2084669023128732,0.20845469555710544
2026-08-11,2026-08-11 11:11:53,Hospet,3,PANIC,DOWN,-5.0,0,1.2327696199123195,0.6992801882756394,0.1633541255518218,0.2071146617581892,0.21531401674908635,0.2071146617581892,0.2071025341827134
2026-08-11,2026-08-11 11:11:53,Barwala,3,PANIC,DOWN,-10.0,1,0.26799638509593715,0.5820431362266385,0.16226899831488115,0.20573884244610052,0.22052652136134962,0.20573884244610052,0.20572679543156816
2026-08-11,2026-08-11 11:11:53,Davangere,3,PANIC,DOWN,0.0,0,1.2291744682678352,0.6981185123471806,0.15484604090240742,0.20939730041150603,0.21697355378974195,0.20939730041150603,0.20938580448483857
2026-08-11,2026-08-11 11:11:53,Nagpur,3,PANIC,DOWN,-5.0,0,1.2178581632298007,0.6944505062802288,0.15380981204919594,0.20799601482999253,0.2222135624568161,0.20799601482999253,0.207984595834003
2026-08-11,2026-08-11 11:11:53,Vij/God,3,PANIC,DOWN,-12.0,1,0.14352414485388626,0.6907200981156447,0.15275595431182037,0.20657088982235153,0.22754271697765044,0.20657088982235153,0.2065595490658262
2026-08-11,2026-08-11 11:11:53,Benglore,3,PANIC,DOWN,20.0,0,1.2301897215781725,0.6955916864744487,0.15690812906544205,0.2075064095962813,0.2205833050365019,0.2075064095962813,0.20749574670549348
2026-08-11,2026-08-11 11:11:53,Mumbai,3,PANIC,DOWN,-20.0,1,0.14243843843121387,0.6918815339454917,0.15584111667082903,0.20609531692492244,0.22588352293501182,0.20609531692492244,0.2060847265443143
2026-08-11,2026-08-11 11:11:53,Surat,3,PANIC,DOWN,0.0,0,1.2246367530252205,0.6966497758132314,0.15978085347799645,0.20705245317412643,0.21907174883824085,0.20705245317412643,0.20704249133550984
2026-08-11,2026-08-11 11:11:53,Mahuva,3,PANIC,DOWN,5.0,0,1.1173171385221072,0.5818671606985836,0.1587019298774509,0.2056543270944508,0.22434498341028672,0.2056543270944508,0.20564443252336068
2026-08-11,2026-08-11 11:11:53,Metapally,3,PANIC,DOWN,-10.0,1,0.1449486479916168,0.6892049110015045,0.1576047859000369,0.20423259008989744,0.22970726999785085,0.20423259008989744,0.2042227639223175
2026-08-11,2026-08-11 11:11:53,Jabalpur,3,PANIC,DOWN,0.0,0,1.2171148175039916,0.6942089499947305,0.1614997346311375,0.20531695212644432,0.22255864286467067,0.20531695212644432,0.20530771825130317
2026-08-11,2026-08-11 11:11:53,Anand,3,PANIC,DOWN,0.0,0,1.109508070103184,0.5782025733414734,0.1603922919138737,0.20390904415753927,0.22788974616973573,0.20390904415753927,0.2038998736013119
2026-08-11,2026-08-11 11:11:53,Mysuru,3,PANIC,DOWN,0.0,0,0.8792615522084573,0.5751967210808038,0.1592663866455305,0.20247766447999793,0.23330972609617825,0.20247766447999793,0.20246855829829535
2026-08-11,2026-08-11 11:11:53,Kolkata Sell,3,PANIC,DOWN,-10.0,1,0.14989294928373392,0.684019762964124,0.16412766901271986,0.1995888943043877,0.23711462433696565,0.1995888943043877,0.19957991804153905
2026-08-12,2026-08-12 11:02:56,Barwala,3,CAPITULATION,DOWN,8.0,0,1.4449999999999998,0.85,0.15328588693656642,0.22701011745158645,0.16568376070867433,0.22701011745158645,0.22701011745158645
2026-08-12,2026-08-12 11:02:56,Siddipet,3,CONFLICTED,DOWN,10.0,0,1.4449999999999998,0.85,0.1793119246782106,0.21379205021452624,0.1793119246782106,0.21379205021452624,0.21379205021452624
2026-08-12,2026-08-12 11:02:56,Anand,3,CONFLICTED,DOWN,20.0,0,1.445,0.8500000000000001,0.17931192467821067,0.21379205021452627,0.17931192467821067,0.21379205021452627,0.21379205021452627
2026-08-12,2026-08-12 11:02:56,Navapur,3,CONFLICTED,DOWN,-5.0,0,1.7449999999999997,0.8499999999999999,0.17931192467821064,0.2137920502145262,0.17931192467821064,0.2137920502145262,0.2137920502145262
2026-08-12,2026-08-12 11:02:56,Mumbai,3,CONFLICTED,DOWN,-10.0,1,0.04499999999999997,0.8500000000000001,0.17931192467821067,0.21379205021452624,0.17931192467821067,0.21379205021452624,0.21379205021452624
2026-08-12,2026-08-12 11:02:56,Vij/God,3,CONFLICTED,DOWN,3.0,0,1.7449999999999999,0.85,0.18015941195386284,0.21322705869742478,0.18015941195386284,0.21322705869742478,0.21322705869742478
2026-08-12,2026-08-12 11:02:56,Gujrat Necc Selling rate,3,CONFLICTED,DOWN,10.0,0,1.4449999999999998,0.85,0.18015941195386284,0.21322705869742475,0.18015941195386284,0.21322705869742475,0.21322705869742475
2026-08-12,2026-08-12 11:02:56,Nasik,3,CONFLICTED,DOWN,0.0,0,1.7449999999999999,0.85,0.18015941195386284,0.21322705869742478,0.18015941195386284,0.21322705869742478,0.21322705869742478
2026-08-12,2026-08-12 11:02:56,Davangere,3,CONFLICTED,DOWN,0.0,0,1.7449999999999999,0.85,0.18015941195386284,0.21322705869742475,0.18015941195386284,0.21322705869742475,0.21322705869742475
2026-08-12,2026-08-12 11:02:56,Benglore,3,CONFLICTED,DOWN,20.0,0,1.4449999999999998,0.85,0.18015941195386284,0.21322705869742475,0.18015941195386284,0.21322705869742475,0.21322705869742475
2026-08-12,2026-08-12 11:02:56,Surat,3,CAPITULATION,DOWN,5.0,0,1.7449999999999997,0.8499999999999999,0.15328588693656642,0.22701011745158642,0.1656837607086743,0.22701011745158642,0.22701011745158642
2026-08-12,2026-08-12 11:02:56,Namakkal,3,CAPITULATION,DOWN,-10.0,1,0.10021666812793018,0.7426998791444035,0.15328588693656642,0.22701011745158642,0.16568376070867433,0.22701011745158642,0.22701011745158642
2026-08-12,2026-08-12 11:02:56,Kolkata Sell,3,CONFLICTED,DOWN,10.0,0,1.4449999999999998,0.85,0.18015941195386287,0.21322705869742475,0.18015941195386287,0.21322705869742475,0.21322705869742475
2026-08-12,2026-08-12 11:02:56,Wankaner,3,CONFLICTED,DOWN,25.0,0,1.4449999999999998,0.85,0.18015941195386287,0.21322705869742475,0.18015941195386287,0.21322705869742475,0.21322705869742475
2026-08-12,2026-08-12 11:02:56,Bilashpur,3,CONFLICTED,DOWN,0.0,0,1.7449999999999999,0.85,0.18015941195386287,0.21322705869742473,0.18015941195386287,0.21322705869742473,0.21322705869742473
2026-08-12,2026-08-12 11:02:56,Hospet,3,CONFLICTED,DOWN,-5.0,0,1.7449999999999999,0.85,0.18015941195386292,0.21322705869742475,0.18015941195386292,0.21322705869742475,0.21322705869742475
2026-08-12,2026-08-12 11:02:56,Pune,3,CONFLICTED,DOWN,0.0,0,1.745,0.8500000000000001,0.18015941195386292,0.21322705869742478,0.18015941195386292,0.21322705869742478,0.21322705869742478
2026-08-12,2026-08-12 11:02:56,Nagpur,3,CONFLICTED,DOWN,0.0,0,1.7449999999999999,0.85,0.18015941195386287,0.21322705869742473,0.18015941195386287,0.21322705869742473,0.21322705869742473
2026-08-12,2026-08-12 11:02:56,Raipur Td,3,CONFLICTED,DOWN,20.0,0,1.445,0.8500000000000001,0.1801594119538629,0.21322705869742478,0.1801594119538629,0.21322705869742478,0.21322705869742478
2026-08-12,2026-08-12 11:02:56,Jabalpur,3,CONFLICTED,DOWN,0.0,0,1.7449999999999999,0.85,0.18015941195386292,0.21322705869742475,0.18015941195386292,0.21322705869742475,0.21322705869742475
2026-08-12,2026-08-12 11:02:56,Mysuru,3,CAPITULATION,DOWN,0.0,0,1.374911119849166,0.7438898338144044,0.15158595169370787,0.22681713214982224,0.16796265185682532,0.22681713214982224,0.22681713214982224
2026-08-12,2026-08-12 11:02:56,Metapally,3,CONFLICTED,DOWN,5.0,0,1.7449999999999999,0.85,0.1801594119538629,0.21322705869742473,0.1801594119538629,0.21322705869742473,0.21322705869742473
2026-08-12,2026-08-12 11:02:56,Mahuva,3,CONFLICTED,DOWN,25.0,0,1.4449999999999998,0.85,0.1801594119538629,0.21322705869742473,0.1801594119538629,0.21322705869742473,0.21322705869742473
2026-08-12,2026-08-12 11:02:56,Bhopal,3,CONFLICTED,DOWN,0.0,0,1.7449999999999999,0.85,0.1801594119538629,0.21322705869742475,0.1801594119538629,0.21322705869742475,0.21322705869742475
2026-08-13,2026-08-13 11:17:21,Benglore,3,CONFLICTED,DOWN,0.0,0,1.5191206143354303,0.5977768232645919,0.1801594119538629,0.21322705869742473,0.1801594119538629,0.21322705869742473,0.21322705869742473
2026-08-13,2026-08-13 11:17:21,Anand,3,CONFLICTED,DOWN,10.0,0,0.7146742608646144,0.5977768232645919,0.18015941195386287,0.21322705869742473,0.18015941195386287,0.21322705869742473,0.21322705869742473
2026-08-13,2026-08-13 11:17:21,Raipur Td,3,CAPITULATION,DOWN,30.0,0,0.9386203323743998,0.6241269059847353,0.1554851260367523,0.22577471713558828,0.16719072255648282,0.22577471713558828,0.22577471713558828
2026-08-13,2026-08-13 11:17:21,Mahuva,3,CONFLICTED,DOWN,15.0,0,0.6854601309825962,0.5854315207531092,0.1889774851763506,0.20734834321576628,0.1889774851763506,0.20734834321576628,0.20734834321576628
2026-08-13,2026-08-13 11:17:21,Nasik,3,CONFLICTED,DOWN,10.0,0,1.013029994290148,0.7116986701863887,0.1975733283051591,0.20161778112989395,0.1975733283051591,0.20161778112989395,0.20161778112989395
2026-08-13,2026-08-13 11:17:21,Metapally,3,CONFLICTED,DOWN,5.0,0,1.5830762741555624,0.7038090701558233,0.19479822019155432,0.1987858647722549,0.20884418549168096,0.1987858647722549,0.1987858647722549
2026-08-13,2026-08-13 11:17:21,Bhopal,3,CONFLICTED,DOWN,0.0,0,1.5830762741555624,0.7038090701558233,0.19479822019155432,0.1987858647722549,0.208844185491681,0.1987858647722549,0.1987858647722549
2026-08-13,2026-08-13 11:17:21,Wankaner,3,CONFLICTED,DOWN,10.0,0,0.6439997223063345,0.5674503160217353,0.1947982201915543,0.1987858647722549,0.208844185491681,0.1987858647722549,0.1987858647722549
2026-08-13,2026-08-13 11:17:21,Surat,3,CAPITULATION,DOWN,5.0,0,1.2462922651058328,0.6174821451835818,0.15797762072853802,0.22261054532551514,0.17419074329491643,0.22261054532551514,0.22261054532551514
2026-08-13,2026-08-13 11:17:21,Kolkata Sell,3,CONFLICTED,DOWN,10.0,0,0.9736352770860507,0.6977231818873624,0.2039117691117742,0.19284997309958118,0.21753831158948234,0.19284997309958118,0.19284997309958118
2026-08-13,2026-08-13 11:17:21,Navapur,3,CAPITULATION,DOWN,-5.0,0,1.604562471844702,0.7286509040488386,0.16201341322350124,0.2215435784725656,0.17335585135880197,0.2215435784725656,0.2215435784725656
2026-08-13,2026-08-13 11:17:21,Pune,3,CONFLICTED,DOWN,-15.0,1,0.1929194337594147,0.6894203534039821,0.20082071052476355,0.18992659811268933,0.22939949513716829,0.18992659811268933,0.18992659811268933
2026-08-13,2026-08-13 11:17:21,Siddipet,3,CONFLICTED,DOWN,10.0,0,0.9768321610747716,0.6988677131885446,0.2037140687521021,0.1934608881247967,0.2159032668735078,0.1934608881247967,0.1934608881247967
2026-08-13,2026-08-13 11:17:21,Bilashpur,3,CAPITULATION,DOWN,20.0,0,0.9223159510667431,0.6152415147923879,0.16201341322350124,0.2215435784725656,0.17335585135880197,0.2215435784725656,0.2215435784725656
2026-08-13,2026-08-13 11:17:21,Mumbai,3,CONFLICTED,DOWN,5.0,0,1.5727097037679199,0.6906694833578774,0.20067126861057447,0.1905712358716549,0.22761502377446102,0.1905712358716549,0.1905712358716549
2026-08-13,2026-08-13 11:17:21,Vij/God,3,CONFLICTED,DOWN,3.0,0,1.5727097037679199,0.6906694833578774,0.2006712686105744,0.19057123587165486,0.22761502377446097,0.19057123587165486,0.19057123587165486
2026-08-13,2026-08-13 11:17:21,Davangere,3,CONFLICTED,DOWN,0.0,0,1.5727097037679199,0.6906694833578774,0.20067126861057447,0.1905712358716549,0.22761502377446102,0.1905712358716549,0.1905712358716549
2026-08-13,2026-08-13 11:17:21,Barwala,3,CAPITULATION,DOWN,10.0,0,0.7399085510570094,0.6082386665845115,0.1645921327860708,0.2182088888497674,0.18078120066462694,0.2182088888497674,0.2182088888497674
2026-08-13,2026-08-13 11:17:21,Hospet,3,CONFLICTED,DOWN,0.0,0,1.5727097037679199,0.6906694833578774,0.20067126861057444,0.19057123587165486,0.22761502377446094,0.19057123587165486,0.19057123587165486
2026-08-13,2026-08-13 11:17:21,Namakkal,3,CAPITULATION,DOWN,-10.0,1,0.25423888091749686,0.5989498353866746,0.17139109430583618,0.21378563589841645,0.18725199799891434,0.21378563589841645,0.21378563589841645
2026-08-13,2026-08-13 11:17:21,Mysuru,3,CAPITULATION,DOWN,0.0,0,1.217265720507609,0.604278984137471,0.1703843978079717,0.2163233257797481,0.1806456248527839,0.2163233257797481,0.2163233257797481
2026-08-13,2026-08-13 11:17:21,Nagpur,3,CONFLICTED,DOWN,0.0,0,1.5727097037679194,0.6906694833578773,0.20067126861057444,0.19057123587165484,0.22761502377446097,0.19057123587165484,0.19057123587165484
2026-08-13,2026-08-13 11:17:21,Jabalpur,3,CAPITULATION,DOWN,0.0,0,1.2087936409134803,0.6019307641976124,0.1746727755835451,0.21520512580838685,0.17971184699129436,0.21520512580838685,0.21520512580838685
2026-08-13,2026-08-13 11:17:21,Gujrat Necc Selling rate,3,CAPITULATION,DOWN,15.0,0,0.9005852850993423,0.5995351984553351,0.17904761744342854,0.21406438021682622,0.17875924190609266,0.21406438021682622,0.21406438021682622
2026-08-14,2026-08-14 10:46:30,Nasik,3,PANIC,DOWN,-20.0,1,0.19282638451994397,0.6894952620973844,0.16773410672909878,0.20099394319349248,0.22929248271802222,0.20099394319349248,0.200985524165894
2026-08-14,2026-08-14 10:46:30,Wankaner,3,PANIC,DOWN,10.0,0,0.8355614306706511,0.5776210564647085,0.17216212818732934,0.2036317297961117,0.21695064829165875,0.2036317297961117,0.20362376392878873
2026-08-14,2026-08-14 10:46:30,Navapur,3,PANIC,DOWN,0.0,0,1.5735111292510737,0.6917174082485389,0.17544755980034607,0.1994807518228479,0.22611798821637297,0.1994807518228479,0.19947294833758514
2026-08-14,2026-08-14 10:46:30,Barwala,3,PANIC,DOWN,5.0,0,1.5735111292510735,0.6917174082485389,0.17544755980034604,0.1994807518228479,0.2261179882163729,0.1994807518228479,0.1994729483375851
2026-08-14,2026-08-14 10:46:30,Gujrat Necc Selling rate,3,PANIC,DOWN,10.0,0,0.6473037872870973,0.5689041163882967,0.17544755980034607,0.19948075182284794,0.22611798821637297,0.19948075182284794,0.19947294833758517
2026-08-14,2026-08-14 10:46:30,Vij/God,3,PANIC,DOWN,5.0,0,1.5693208641023384,0.6861731238690727,0.18483330646234922,0.19371195896027263,0.2340383944727534,0.19371195896027263,0.19370438114435223
2026-08-14,2026-08-14 10:46:30,Hospet,3,PANIC,DOWN,0.0,0,1.569320864102338,0.6861731238690726,0.18483330646234916,0.1937119589602726,0.23403839447275335,0.1937119589602726,0.1937043811443522
2026-08-14,2026-08-14 10:46:30,Anand,3,PANIC,DOWN,10.0,0,0.6200297835818366,0.5567898093454282,0.18483330646234916,0.1937119589602726,0.23403839447275337,0.1937119589602726,0.19370438114435223
2026-08-14,2026-08-14 10:46:30,Kolkata Sell,3,PANIC,DOWN,10.0,0,0.926038566104342,0.6804552028254108,0.19451299723504945,0.18776249824580965,0.24220685310655599,0.18776249824580965,0.1877551531667753
2026-08-14,2026-08-14 10:46:30,Siddipet,3,PANIC,DOWN,10.0,0,0.9036740327586421,0.6721882298726459,0.19148157501779456,0.18483628037430247,0.25401681446764873,0.18483628037430247,0.1848290497659518
2026-08-14,2026-08-14 10:46:30,Jabalpur,3,PANIC,DOWN,-5.0,0,1.149547640399691,0.5320134407108719,0.18845374945260823,0.18191353433443283,0.2658127638175749,0.18191353433443283,0.18190641806095123
2026-08-14,2026-08-14 10:46:30,Bhopal,3,PANIC,DOWN,0.0,0,1.5547377569497671,0.66543542085927,0.19501504939925468,0.18044277495095007,0.263663684486757,0.18044277495095007,0.18043571621208812
2026-08-14,2026-08-14 10:46:30,Mysuru,3,PANIC,DOWN,0.0,0,1.1373090498339224,0.5289248862797917,0.19501504939925468,0.18044277495095007,0.263663684486757,0.18044277495095007,0.18043571621208812
2026-08-14,2026-08-14 10:46:30,Mahuva,3,PANIC,FLAT,10.0,0,0.5527138557324105,0.5256966119980281,0.20187316906182132,0.17890548143765436,0.26141738522671004,0.17890548143765436,0.17889848283615986
2026-08-14,2026-08-14 10:46:30,Benglore,3,PANIC,FLAT,0.0,1,1.5003351735411132,0.512945530910571,0.2119915445654558,0.1728334588855478,0.26951483984801416,0.1728334588855478,0.1728266978154345
2026-08-14,2026-08-14 10:46:30,Bilashpur,3,PANIC,DOWN,25.0,0,0.7225040035561094,0.512945530910571,0.21199154456545577,0.17283345888554777,0.26951483984801416,0.17283345888554777,0.17282669781543447
2026-08-14,2026-08-14 10:46:30,Pune,3,PANIC,DOWN,-15.0,1,0.23940900753475053,0.6540166134517796,0.21518782401575037,0.1682808308208999,0.27997626649745766,0.1682808308208999,0.1682742478449921
2026-08-14,2026-08-14 10:46:30,Davangere,3,PANIC,DOWN,0.0,0,1.0945542889228403,0.5149735286193104,0.21753853614543042,0.1737989645423771,0.261070708684126,0.1737989645423771,0.1737928260856893
2026-08-14,2026-08-14 10:46:30,Raipur Td,3,PANIC,DOWN,30.0,0,0.8946591805765631,0.6688270256862244,0.22428858227193893,0.1722996561654236,0.258818534733965,0.1722996561654236,0.17229357066324885
2026-08-14,2026-08-14 10:46:30,Surat,3,PANIC,DOWN,5.0,0,1.086574443463276,0.5055017186483157,0.22036888684613365,0.16928852574006564,0.27177151508484404,0.16928852574006564,0.16928254658889103
2026-08-14,2026-08-14 10:46:30,Mumbai,3,PANIC,DOWN,10.0,0,0.8750543801066185,0.6614583811951507,0.22732934528914803,0.1677771369198758,0.2693451697212133,0.1677771369198758,0.16777121114988694
2026-08-14,2026-08-14 10:46:30,Nagpur,3,PANIC,DOWN,0.0,0,1.546337975622055,0.6522136255761212,0.22322030275606605,0.16474451748042065,0.2825519634626839,0.16474451748042065,0.1647386988204087
2026-08-14,2026-08-14 10:46:30,Metapally,3,PANIC,DOWN,5.0,0,1.5463379756220554,0.6522136255761213,0.2232203027560661,0.16474451748042065,0.2825519634626839,0.16474451748042065,0.16473869882040876
2026-08-14,2026-08-14 10:46:30,Namakkal,3,PANIC,DOWN,-10.0,1,0.3994276536717384,0.4959594136468749,0.2232203027560661,0.16474451748042063,0.2825519634626839,0.16474451748042063,0.16473869882040873
2026-08-16,2026-08-16 10:44:37,Vij/God,3,NORMAL,DOWN,0.0,0,0.5848435787891552,0.38167566564684197,0.1244849276892709,0.09638698088635751,0.25916017351178716,0.2853896621605963,0.23457825575198815
2026-08-16,2026-08-16 10:44:37,Kolkata Sell,3,NORMAL,UP,0.0,0,0.5813699382678471,0.39733666560602193,0.12250007540568239,0.09485013684690857,0.26300024867958105,0.2888115207506218,0.23083801831720613
2026-08-16,2026-08-16 10:44:37,Nagpur,3,NORMAL,DOWN,0.0,0,0.43748168688532374,0.4757051709148414,0.12051902603489485,0.09331623735094986,0.2668329663875111,0.29222682317022464,0.2271049470564195
2026-08-16,2026-08-16 10:44:37,Barwala,3,NORMAL,UP,-19.0,0,0.9273362774839196,0.3931796147975404,0.12571123361114603,0.09103952353075827,0.2684554311243174,0.29322973287216886,0.2215640788616094
2026-08-16,2026-08-16 10:44:37,Surat,3,NORMAL,DOWN,0.0,0,0.5644133180238697,0.39177850827049016,0.12163211361987307,0.10430960932409573,0.267856583146422,0.2918270000971353,0.2143746938124738
2026-08-16,2026-08-16 10:44:37,Navapur,3,NORMAL,DOWN,0.0,0,0.5916369675701105,0.45315100471839986,0.11963116927046134,0.10259363385384547,0.2716755257297762,0.29525161038679554,0.21084806075912155
2026-08-16,2026-08-16 10:44:37,Pune,3,NORMAL,DOWN,-20.0,1,0.6592707786827516,0.4842498451867249,0.11763611056670813,0.10088270581211543,0.27548323514572987,0.2986661474114548,0.20733180106399177
2026-08-16,2026-08-16 10:44:37,Anand,3,NORMAL,DOWN,5.0,0,0.5675409253718837,0.39044477652747983,0.11906761738519167,0.11137346066521447,0.26795558309589895,0.28982266908621496,0.2117806697674799
2026-08-16,2026-08-16 10:44:37,Bilashpur,3,NORMAL,DOWN,25.0,0,1.0892649621189014,0.47751172306686185,0.11710974748928873,0.10954210844176708,0.27177116946896934,0.2932786874229732,0.2082982871770017
2026-08-16,2026-08-16 10:44:37,Gujrat Necc Selling rate,3,NORMAL,DOWN,5.0,0,0.5534852617792119,0.39729877633546334,0.12247151089188217,0.10682575876236798,0.27329774556335745,0.2942719349158758,0.2031330498665165
2026-08-16,2026-08-16 10:44:37,Siddipet,3,NORMAL,DOWN,0.0,0,0.5440661550258168,0.40237121172124746,0.12041922706534937,0.10503565447306394,0.27709664840068415,0.297719368343955,0.19972910171694755
2026-08-16,2026-08-16 10:44:37,Benglore,3,NORMAL,DOWN,0.0,0,0.5347621834448927,0.40742558094424347,0.11837425272447334,0.10325192588163253,0.2808820209331659,0.301154523272896,0.19633727718783212
2026-08-16,2026-08-16 10:44:37,Namakkal,3,NORMAL,DOWN,0.0,0,0.559145222581798,0.4375403508904436,0.11633749209736115,0.10147536170091744,0.2846521893792934,0.3045758807772158,0.19295907604521223
2026-08-16,2026-08-16 10:44:37,Mahuva,3,NORMAL,DOWN,0.0,0,0.5165121869890985,0.4174712179870922,0.11430983457771153,0.09970673770445175,0.2884055074169534,0.3079819468503211,0.18959597345056217
2026-08-16,2026-08-16 10:44:37,Raipur Td,3,NORMAL,UP,15.0,1,0.6371483510382301,0.4224581297208964,0.11229215322403348,0.09794681541740152,0.29214035896146806,0.31137125492552686,0.1862494174715701
2026-08-16,2026-08-16 10:44:37,Davangere,3,NORMAL,DOWN,0.0,0,0.396221398931501,0.49928213630885715,0.12373430663536873,0.09287661769404755,0.28564523784596424,0.30388065024560584,0.19386318757901358
2026-08-16,2026-08-16 10:44:37,Bhopal,3,NORMAL,DOWN,0.0,0,0.3873927263302114,0.5044986763812679,0.1291816629483607,0.09046280863350231,0.2868846236012331,0.3046461082807888,0.188824796536115
2026-08-16,2026-08-16 10:44:37,Mumbai,3,NORMAL,DOWN,0.0,0,0.5171901195604496,0.41544393387899037,0.1345088106245015,0.0881022659062232,0.28809665941579443,0.3053946746970489,0.18389758935643197
2026-08-16,2026-08-16 10:44:37,Jabalpur,3,NORMAL,DOWN,-5.0,0,0.3733128456904014,0.5129545864286308,0.1321390204835533,0.08655007107102677,0.2918299943922838,0.3088232514507782,0.18065766260235785
2026-08-16,2026-08-16 10:44:37,Mysuru,3,NORMAL,DOWN,0.0,0,0.3651857613912485,0.5179153887757187,0.13747507871855033,0.08425459754130055,0.29293074237267835,0.3094733057312266,0.1758662756362442
2026-08-16,2026-08-16 10:44:37,Wankaner,3,NORMAL,FLAT,-5.0,1,0.5025932069351439,0.42288005505569276,0.1426877445775386,0.08201220512883806,0.29400603637511646,0.3101083279901589,0.17118568592834796
2026-08-16,2026-08-16 10:44:37,Hospet,3,NORMAL,DOWN,-10.0,1,0.5394823475711434,0.42785800558962134,0.14012462147051152,0.08053900658157431,0.29770633936636687,0.3135193829045209,0.1681106496770265
2026-08-16,2026-08-16 10:44:37,Metapally,3,NORMAL,FLAT,0.0,1,0.5248357343126264,0.410419342319406,0.14770231205379059,0.09222609236226437,0.2857954343118929,0.3005179118586871,0.173758249413365
2026-08-16,2026-08-16 10:44:37,Nasik,3,NORMAL,FLAT,-60.0,0,0.6808889278942656,0.4154766877016508,0.14512278339398615,0.09061542124193964,0.28953638330971365,0.30400174197835883,0.1707236700760017
2026-08-17,2026-08-17 11:04:25,Pune,3,CONFLICTED,DOWN,-10.0,1,0.30949108346401144,0.557269618247719,0.20067126861057447,0.1905712358716549,0.227615023774461,0.1905712358716549,0.1905712358716549
2026-08-17,2026-08-17 11:04:25,Vij/God,3,CONFLICTED,DOWN,0.0,0,0.7953203690851056,0.42466583139548886,0.20569345796414074,0.18775349470825842,0.21417328819118814,0.19618987956820633,0.19618987956820633
2026-08-17,2026-08-17 11:04:25,Anand,3,CONFLICTED,FLAT,5.0,1,1.1222207569612337,0.4448657607849743,0.2107252783397696,0.19309203838002786,0.21051152278162222,0.19283558024929007,0.19283558024929007
2026-08-17,2026-08-17 11:04:25,Hospet,3,CONFLICTED,DOWN,-20.0,1,0.5088123596779031,0.4176113550336743,0.20888438150059535,0.20014118942518963,0.20867249331182314,0.19115096788119593,0.19115096788119593
2026-08-17,2026-08-17 11:04:25,Raipur Td,3,CONFLICTED,UP,-5.0,0,1.152371697740223,0.5721943157470828,0.20672001331606535,0.19842505693588103,0.19797451718290932,0.1984402062825722,0.1984402062825722
2026-08-17,2026-08-17 11:04:25,Mahuva,3,CONFLICTED,FLAT,0.0,1,1.0996401076650184,0.43081256847739224,0.204914972088037,0.20542426226861774,0.19624584002252335,0.19670746281041096,0.19670746281041096
2026-08-17,2026-08-17 11:04:25,Benglore,3,CONFLICTED,DOWN,0.0,0,0.7635471192254601,0.42293353499569375,0.20308681047215824,0.21251311892866195,0.19449502060533153,0.19495252499692414,0.19495252499692414
2026-08-17,2026-08-17 11:04:25,Wankaner,3,CONFLICTED,DOWN,0.0,0,0.747575725776988,0.4180036157017204,0.208449867312028,0.21770591109243984,0.19098191345021728,0.19143115407265743,0.19143115407265743
2026-08-17,2026-08-17 11:04:25,Bhopal,3,CONFLICTED,DOWN,0.0,0,0.7318716698298708,0.4131042590694187,0.21377967628678074,0.2228665109340781,0.1874905855371142,0.1879316136210134,0.1879316136210134
2026-08-17,2026-08-17 11:04:25,Barwala,3,CONFLICTED,UP,-10.0,0,0.8601826877269447,0.5612862914709938,0.2190740970327913,0.2279928460415565,0.1840224389258905,0.18445530899988088,0.18445530899988088
2026-08-17,2026-08-17 11:04:25,Metapally,3,CONFLICTED,FLAT,-15.0,0,0.5495338827947199,0.42432071151830764,0.21298181457181864,0.23092228412597748,0.17890491616862084,0.19786523667542635,0.17932574845815666
2026-08-17,2026-08-17 11:04:25,Namakkal,3,CONFLICTED,DOWN,0.0,0,1.1018303098839515,0.5698191092090028,0.20326916929088423,0.2295121300356121,0.1707462853800979,0.20708322206570098,0.18938919322770467
2026-08-17,2026-08-17 11:04:25,Davangere,3,CONFLICTED,DOWN,0.0,0,0.7333624999006315,0.42494545696933794,0.20137569108631806,0.23668932268981394,0.16915576198195684,0.2051542154736997,0.18762500876821167
2026-08-17,2026-08-17 11:04:25,Mumbai,3,CONFLICTED,FLAT,0.0,1,1.0354905901659268,0.4197642439887539,0.20700312047801026,0.24165128392475824,0.165968104184726,0.2012881843853867,0.18408930702711881
2026-08-17,2026-08-17 11:04:25,Jabalpur,3,CONFLICTED,DOWN,-5.0,0,0.709723337969742,0.4171690530388019,0.20501170524471962,0.24894676421438527,0.16437145477117796,0.19935174808558198,0.18231832768413514
2026-08-17,2026-08-17 11:04:25,Nasik,3,CONFLICTED,FLAT,-60.0,0,0.5457308483297736,0.41197269318445406,0.2107491412049626,0.2538296761418795,0.1611744781039377,0.19547441495562717,0.1787722895935929
2026-08-17,2026-08-17 11:04:25,Siddipet,3,CONFLICTED,FLAT,-10.0,0,0.5185213762826067,0.4261990964744036,0.20068898159130694,0.2512601039441355,0.15348077664398094,0.20523749165837699,0.1893326461621996
2026-08-17,2026-08-17 11:04:25,Gujrat Necc Selling rate,3,CONFLICTED,FLAT,0.0,1,1.024336904165338,0.43951032138018786,0.19127598770408438,0.24885583121696037,0.1462820076786869,0.2143725138501446,0.19921365955012377
2026-08-17,2026-08-17 11:04:25,Bilashpur,3,CONFLICTED,FLAT,0.0,1,1.0118712237453182,0.43673734121675856,0.18944391305778108,0.25605042058420985,0.14488089319121092,0.21231921666316703,0.197305556503631
2026-08-17,2026-08-17 11:04:25,Kolkata Sell,3,CONFLICTED,UP,0.0,0,1.022477025486087,0.5185025105485381,0.18759155786489673,0.2633246520146737,0.14346426876385016,0.21024319005884326,0.19537633129773607
2026-08-17,2026-08-17 11:04:25,Mysuru,3,CONFLICTED,DOWN,0.0,0,0.7111704144462536,0.4311001019020366,0.18571945683560812,0.27067642569208056,0.14203254332654464,0.2081450333134659,0.19342654083230082
2026-08-17,2026-08-17 11:04:25,Navapur,3,CONFLICTED,DOWN,0.0,0,1.026389326781754,0.5598717625668354,0.19205590854003,0.2752999946176549,0.13916891600115183,0.20394846123863605,0.18952671960252732
2026-08-17,2026-08-17 11:04:25,Nagpur,3,CONFLICTED,DOWN,-15.0,1,0.5036627200626121,0.42259959052353335,0.19008046604368234,0.28275409065988766,0.13773745683423946,0.20185069470566036,0.18757729175653023
2026-08-17,2026-08-17 11:04:25,Surat,3,CONFLICTED,FLAT,0.0,1,0.9786013561472715,0.43420820138552807,0.18867991067298095,0.275810029060718,0.1294983440012612,0.20971565983664006,0.19629605642840003
2026-08-18,2026-08-18 11:19:16,Pune,3,PANIC,DOWN,-10.0,1,0.16891380482464133,0.6650348053828731,0.21801089171395516,0.17258618581690352,0.2642359923101813,0.17258618581690352,0.1725807443420565
2026-08-18,2026-08-18 11:19:16,Vij/God,3,PANIC,DOWN,0.0,0,1.040993389993547,0.5206749786044635,0.21834410710489313,0.17651356488224654,0.2521202091744449,0.17651356488224654,0.17650855395616905
2026-08-18,2026-08-18 11:19:16,Barwala,3,PANIC,DOWN,0.0,0,1.1402674455959745,0.6688136344528697,0.21638294044824466,0.17492812013412282,0.258837665067329,0.17492812013412282,0.17492315421618077
2026-08-18,2026-08-18 11:19:16,Metapally,3,PANIC,DOWN,-15.0,1,0.3608431531125197,0.5139752406519293,0.21439766241474914,0.1733231832864049,0.26563770808249454,0.1733231832864049,0.1733182629299465
2026-08-18,2026-08-18 11:19:16,Benglore,3,PANIC,DOWN,0.0,0,0.7624932981796229,0.5286320477656993,0.20108386774195391,0.18030251339626047,0.25801320687847573,0.18030251339626047,0.1802978985870495
2026-08-18,2026-08-18 11:19:16,Mahuva,3,PANIC,DOWN,0.0,0,1.0254719435252608,0.5218308185296497,0.2064531890918949,0.17706380517628778,0.2623599272943197,0.17706380517628778,0.1770592732612098
2026-08-18,2026-08-18 11:19:16,Mumbai,3,PANIC,DOWN,-10.0,1,0.35337131177004166,0.5184195883461197,0.20455915741130096,0.17543939599198052,0.26912714495138523,0.17543939599198052,0.1754349056533527
2026-08-18,2026-08-18 11:19:16,Anand,3,PANIC,DOWN,0.0,0,1.0323532145359282,0.5327993929132762,0.19185721649587892,0.18228682903498553,0.2612865079137266,0.18228682903498553,0.1822826175204234
2026-08-18,2026-08-18 11:19:16,Raipur Td,3,PANIC,DOWN,-5.0,0,1.0203423131347622,0.5293304346357234,0.19011859127443717,0.18063493141922043,0.2679807878173866,0.18063493141922043,0.18063075806973533
2026-08-18,2026-08-18 11:19:16,Wankaner,3,PANIC,DOWN,0.0,0,1.0082579646134504,0.5258193985344798,0.18835887684993244,0.17896299659024317,0.27475626810081083,0.17896299659024317,0.17895886186877039
2026-08-18,2026-08-18 11:19:16,Davangere,3,PANIC,DOWN,-30.0,1,0.35813746095136345,0.5222671723391775,0.18657851814819115,0.1772714472797056,0.2816112356529839,0.1772714472797056,0.17726735163941376
2026-08-18,2026-08-18 11:19:16,Kolkata Sell,3,PANIC,DOWN,0.0,0,1.0188182475443126,0.5333123255462893,0.1821253552124266,0.18253094531709588,0.2702856082928744,0.18253094531709588,0.18252714586050728
2026-08-18,2026-08-18 11:19:16,Jabalpur,3,PANIC,DOWN,0.0,0,1.1027170131461543,0.6560837890235819,0.1804437675316121,0.18084561276878242,0.2770231585377401,0.18084561276878242,0.18084184839308295
2026-08-18,2026-08-18 11:19:16,Hospet,3,PANIC,DOWN,-20.0,1,0.35184517529672177,0.5261922923909809,0.17874237355200984,0.1791404298133867,0.28384006588944594,0.1791404298133867,0.17913670093177075
2026-08-18,2026-08-18 11:19:16,Nagpur,3,PANIC,DOWN,-10.0,1,0.33494775334754057,0.536929289080237,0.1748646732892197,0.18425319569574794,0.27237919945329886,0.18425319569574794,0.1842497358659856
2026-08-18,2026-08-18 11:19:16,Bhopal,3,PANIC,DOWN,0.0,0,0.806246196831224,0.5464886148720763,0.1714122925902293,0.18880517574951822,0.26217540044966176,0.18880517574951822,0.18880195546107253
2026-08-18,2026-08-18 11:19:16,Siddipet,3,PANIC,DOWN,-10.0,1,0.3218734254295562,0.5395376763756542,0.1771728437365026,0.1854951862183825,0.26634476144113434,0.1854951862183825,0.18549202238559806
2026-08-18,2026-08-18 11:19:16,Namakkal,3,PANIC,DOWN,0.0,0,1.1399334825602236,0.6687013791032741,0.16663218109632116,0.19145758821865838,0.25899802985246545,0.19145758821865838,0.1914546126138965
2026-08-18,2026-08-18 11:19:16,Mysuru,3,PANIC,DOWN,0.0,0,0.811420683455564,0.5485666297419883,0.16518483908579673,0.18979461646350643,0.2654342612827914,0.18979461646350643,0.18979166670439904
2026-08-18,2026-08-18 11:19:16,Navapur,3,PANIC,DOWN,0.0,0,0.7940284011514785,0.5415542965349761,0.17107553664020472,0.18645539287521767,0.2695611825955435,0.18645539287521767,0.18645249501381622
2026-08-18,2026-08-18 11:19:16,Gujrat Necc Selling rate,3,PANIC,DOWN,5.0,0,1.0143356179830971,0.5345787986038072,0.17693529078919845,0.18313370998534498,0.27366642549107706,0.18313370998534498,0.1831308637490346
2026-08-18,2026-08-18 11:19:16,Bilashpur,3,PANIC,DOWN,-5.0,0,1.0025315124489758,0.5310793716633588,0.17532529011950046,0.18146730757118804,0.2802756075042725,0.18146730757118804,0.1814644872338509
2026-08-18,2026-08-18 11:19:16,Surat,3,PANIC,DOWN,0.0,0,0.9906562377138193,0.5275377655438255,0.17369588384204732,0.1797808197296024,0.28696445109534485,0.1797808197296024,0.17977802560340314
2026-08-18,2026-08-18 11:19:16,Nasik,3,PANIC,DOWN,20.0,0,1.180012300631335,0.6443881271073426,0.17204748833719286,0.17807467742763042,0.2937312469895105,0.17807467742763042,0.17807190981803578
2026-08-19,2026-08-19 10:41:53,Siddipet,3,PANIC,DOWN,-10.0,1,0.3612628728295811,0.5203316958115072,0.17038054756203438,0.17634934017512988,0.30057417270724096,0.17634934017512988,0.17634659938046482
2026-08-19,2026-08-19 10:41:53,Barwala,3,PANIC,DOWN,10.0,0,1.1838264248104182,0.6486922269664485,0.16702260647730463,0.18179913286891156,0.2875825329050735,0.18179913286891156,0.18179659487979874
2026-08-19,2026-08-19 10:41:53,Wankaner,3,PANIC,DOWN,5.0,0,1.0676198955979321,0.6439818828030134,0.16544501228786276,0.18008196857774997,0.2943115959956951,0.18008196857774997,0.18007945456094224
2026-08-19,2026-08-19 10:41:53,Surat,3,PANIC,DOWN,0.0,0,0.752606722526068,0.5245234451320765,0.1638495244710836,0.1783453276061413,0.3011169824830927,0.1783453276061413,0.17834283783354093
2026-08-19,2026-08-19 10:41:53,Anand,3,PANIC,DOWN,0.0,0,0.9586195857328785,0.5172217042578432,0.17040314267300116,0.17486829196194806,0.304994422672937,0.17486829196194806,0.17486585073016567
2026-08-19,2026-08-19 10:41:53,Mahuva,3,PANIC,DOWN,0.0,0,0.7265746217063915,0.5135680171850963,0.1687077097715116,0.17312843287854782,0.31190940853549387,0.17312843287854782,0.17312601593589894
2026-08-19,2026-08-19 10:41:53,Nasik,3,PANIC,DOWN,60.0,0,1.1669956268868145,0.6290166989327277,0.17536739052674963,0.1696481825780334,0.31569043009610304,0.1696481825780334,0.16964581422108038
2026-08-19,2026-08-19 10:41:53,Nagpur,3,PANIC,DOWN,-15.0,1,0.39058363428343734,0.5026058509617839,0.17356888316105698,0.16790832943300743,0.322708472607823,0.16790832943300743,0.167905985365105
2026-08-19,2026-08-19 10:41:53,Jabalpur,3,PANIC,DOWN,5.0,0,1.041657704559066,0.6348970716093516,0.16978117010412327,0.17431036448580056,0.30728989770092624,0.17431036448580056,0.17430820322334933
2026-08-19,2026-08-19 10:41:53,Benglore,3,PANIC,DOWN,-30.0,1,0.374214110756964,0.5124081249243,0.16809188104236975,0.17257601083577245,0.3141822262086303,0.17257601083577245,0.17257387107745514
2026-08-19,2026-08-19 10:41:53,Gujrat Necc Selling rate,3,PANIC,DOWN,5.0,0,0.9700576952793373,0.5247386084381009,0.16482392113647515,0.17844761556090233,0.2998352096662379,0.17844761556090233,0.17844563807548236
2026-08-19,2026-08-19 10:41:53,Namakkal,3,PANIC,DOWN,-40.0,1,0.3600013520849527,0.5211118025462042,0.1632287175603215,0.176720558756671,0.30661156451652966,0.176720558756671,0.17671860040980683
2026-08-19,2026-08-19 10:41:53,Vij/God,3,PANIC,DOWN,0.0,0,0.7718314799514314,0.5324872344137905,0.16040284670610472,0.18213738282083333,0.29318681841705163,0.18213738282083333,0.18213556923517693
2026-08-19,2026-08-19 10:41:53,Davangere,3,PANIC,DOWN,-40.0,1,0.35321185247825415,0.5253364837277149,0.16675175029925976,0.1787322521446104,0.2970532729468618,0.1787322521446104,0.17873047246465779
2026-08-19,2026-08-19 10:41:53,Mumbai,3,PANIC,DOWN,-20.0,1,0.33631600555750685,0.5360488426823319,0.1637633149923176,0.18383333299537102,0.2847383383186368,0.18383333299537102,0.1838316806983034
2026-08-19,2026-08-19 10:41:53,Hospet,3,PANIC,DOWN,-20.0,1,0.1759361783305885,0.6583671266229645,0.16109953104072436,0.1883802533434444,0.2737612476814793,0.1883802533434444,0.18837871459090752
2026-08-19,2026-08-19 10:41:53,Kolkata Sell,3,PANIC,DOWN,0.0,0,0.817110330594752,0.550843562959128,0.16561141790629688,0.19087836217893187,0.2617549207235203,0.19087836217893187,0.19087693701231906
2026-08-19,2026-08-19 10:41:53,Mysuru,3,PANIC,DOWN,0.0,0,0.80051178085324,0.5441775919932988,0.17117225207084266,0.18770408239033637,0.26571690222444466,0.18770408239033637,0.18770268092403994
2026-08-19,2026-08-19 10:41:53,Bilashpur,3,PANIC,DOWN,-5.0,0,1.0219547856437408,0.5375336446396983,0.17671471386984175,0.1845402900622365,0.26966579378773187,0.1845402900622365,0.18453891221795332
2026-08-19,2026-08-19 10:41:53,Navapur,3,PANIC,DOWN,0.0,0,0.7759886924202386,0.534195655114282,0.17519259605621837,0.18295076728462645,0.2759564680662358,0.18295076728462645,0.18294940130829293
2026-08-19,2026-08-19 10:41:53,Metapally,3,PANIC,DOWN,-15.0,1,0.34977594137544477,0.5274915463946428,0.18086039609506877,0.1797583266156847,0.27986596619829857,0.1797583266156847,0.17975698447526323
2026-08-19,2026-08-19 10:41:53,Bhopal,3,PANIC,DOWN,0.0,0,0.7838013329151587,0.5373933919120775,0.17711063803607716,0.18447346111637158,0.26947023066095505,0.18447346111637158,0.18447220907022466
2026-08-19,2026-08-19 10:41:53,Pune,3,PANIC,DOWN,-10.0,1,0.1756597198586348,0.6586264654112248,0.18260189590962747,0.1813361903817305,0.2733907636982504,0.1813361903817305,0.18133495962866125
2026-08-19,2026-08-19 10:41:53,Raipur Td,3,PANIC,DOWN,-10.0,1,0.3261203616690914,0.537083952430031,0.18549921989578547,0.18432607188385786,0.2615237052041701,0.18432607188385786,0.18432493113232876
2026-08-20,2026-08-20 10:50:15,Jabalpur,3,PANIC,DOWN,5.0,0,1.1483769361860139,0.6715343046993936,0.17522477603225567,0.18994176941622226,0.2549509932865806,0.18994176941622226,0.18994069184871923
2026-08-20,2026-08-20 10:50:15,Mumbai,3,PANIC,DOWN,-20.0,1,0.32156355913628826,0.5456495293687589,0.17380698026335603,0.1884048940775084,0.26097940635270267,0.1884048940775084,0.1884038252289245
2026-08-20,2026-08-20 10:50:15,Vij/God,3,PANIC,DOWN,0.0,0,0.8243814976419925,0.5537414005940727,0.17075372659322888,0.19225814380131723,0.25247284398666714,0.19225814380131723,0.19225714181746956
2026-08-20,2026-08-20 10:50:15,Anand,3,PANIC,DOWN,0.0,0,1.0474581219810255,0.5473351167955889,0.17597797425258058,0.18920752716911485,0.2564004303251494,0.18920752716911485,0.1892065410840402
2026-08-20,2026-08-20 10:50:15,Surat,3,PANIC,DOWN,0.0,0,0.8003485208207356,0.5441116703877966,0.17455032402742598,0.18767255002262137,0.26243300399000746,0.18767255002262137,0.1876715719373239
2026-08-20,2026-08-20 10:50:15,Kolkata Sell,3,PANIC,DOWN,0.0,0,0.7843755578490454,0.5376277653881864,0.17990460541443418,0.1845849708494801,0.26634144403101384,0.1845849708494801,0.1845840088555918
2026-08-20,2026-08-20 10:50:15,Metapally,3,PANIC,DOWN,5.0,0,1.1166508053068875,0.660833135060826,0.18524312497517012,0.1815064808300481,0.27023837848453436,0.1815064808300481,0.1815055348801994
2026-08-20,2026-08-20 10:50:15,Benglore,3,PANIC,DOWN,-30.0,1,0.34910446450536425,0.5279140744716805,0.1836641902683089,0.17995939571074226,0.2764585604864332,0.17995939571074226,0.17995845782377332
2026-08-20,2026-08-20 10:50:15,Gujrat Necc Selling rate,3,PANIC,DOWN,5.0,0,0.7842456163397291,0.5375747368034896,0.1798111028222091,0.18455969057324495,0.2665107017442342,0.18455969057324495,0.1845588142870667
2026-08-20,2026-08-20 10:50:15,Hospet,3,PANIC,DOWN,-20.0,1,0.17343591307969028,0.6607218197810399,0.1851410161742481,0.18148748173744542,0.27039740031280013,0.18148748173744542,0.18148662003806093
2026-08-20,2026-08-20 10:50:15,Nagpur,3,PANIC,DOWN,0.0,0,1.1399742926149679,0.6687150975390266,0.18779930594767694,0.18440768729693735,0.2589784320871048,0.18440768729693735,0.18440688737134356
2026-08-20,2026-08-20 10:50:15,Namakkal,3,PANIC,DOWN,-50.0,1,0.3393533541200564,0.5341014491456534,0.18626971090841032,0.1829057164442303,0.2650139331692278,0.1829057164442303,0.18290492303390138
2026-08-20,2026-08-20 10:50:15,Davangere,3,PANIC,DOWN,-40.0,1,0.32564323653354704,0.5429703960858877,0.18241305083777604,0.18712900786377298,0.25620066903952715,0.18712900786377298,0.18712826439515082
2026-08-20,2026-08-20 10:50:15,Barwala,3,PANIC,DOWN,0.0,0,1.0620749052258982,0.5510160137635804,0.1789144153571215,0.19096023927513403,0.24820556498062074,0.19096023927513403,0.19095954111198968
2026-08-20,2026-08-20 10:50:15,Siddipet,3,PANIC,DOWN,0.0,0,1.1502332893234324,0.6721557030912072,0.17752037751714464,0.18947234463596138,0.2540632812982753,0.18947234463596138,0.18947165191265727
2026-08-20,2026-08-20 10:50:15,Mahuva,3,PANIC,DOWN,0.0,0,0.801857726744873,0.5447207946909934,0.17610578577311461,0.18796251225394,0.2600073646683234,0.18796251225394,0.187961825050682
2026-08-20,2026-08-20 10:50:15,Nasik,3,PANIC,DOWN,30.0,0,1.1992182682225572,0.6652792835666,0.1813413901829449,0.18492418271666047,0.26388673776200006,0.18492418271666047,0.1849235066217343
2026-08-20,2026-08-20 10:50:15,Bilashpur,3,PANIC,DOWN,0.0,0,1.1172047960999851,0.6610213298879268,0.1798428955528471,0.18339608207456998,0.2699695287315331,0.18339608207456998,0.18339541156647984
2026-08-20,2026-08-20 10:50:15,Navapur,3,PANIC,DOWN,15.0,0,1.1065958561863973,0.5318780992214901,0.17832376277148188,0.18184693552976494,0.2761360954835322,0.18184693552976494,0.18184627068545606
2026-08-20,2026-08-20 10:50:15,Bhopal,3,PANIC,DOWN,0.0,0,0.7545685742800197,0.5253409757296347,0.18383032963521453,0.1787340157875828,0.2799682764653076,0.1787340157875828,0.17873336232431244
2026-08-20,2026-08-20 10:50:15,Pune,3,PANIC,DOWN,-5.0,0,1.0889221116292114,0.6513511931666429,0.1893132623651651,0.17563445666799177,0.2837840097619387,0.17563445666799177,0.17563381453691262
2026-08-20,2026-08-20 10:50:15,Raipur Td,3,PANIC,DOWN,-10.0,1,0.18841887482080227,0.6469093000289273,0.18763597647766775,0.1740783628589946,0.2901295713872467,0.1740783628589946,0.17407772641709637
2026-08-20,2026-08-20 10:50:15,Mysuru,3,PANIC,DOWN,0.0,0,0.7495415502836722,0.5232439094063859,0.1902631624830014,0.17773539098792177,0.27653125265073303,0.17773539098792177,0.17773480289042207
2026-08-20,2026-08-20 10:50:15,Wankaner,3,PANIC,DOWN,0.0,0,0.7343459446341702,0.5168597573049591,0.19556105759204234,0.17469531520563217,0.28035357482944456,0.17469531520563217,0.17469473716724876
2026-08-21,2026-08-21 10:39:26,Vij/God,3,CONFLICTED,DOWN,5.0,0,1.2094172014942892,0.629541081755114,0.18676040144358771,0.2831774765440974,0.12818091033482076,0.20758214629421304,0.19429906538328098
2026-08-21,2026-08-21 10:39:26,Metapally,3,CONFLICTED,DOWN,10.0,0,1.1588650343695182,0.7612046486883531,0.19520113446651335,0.2802383359982393,0.12685050187378127,0.2054276207640918,0.19228240689737416
2026-08-21,2026-08-21 10:39:26,Surat,3,CONFLICTED,DOWN,0.0,0,1.1914026745858834,0.6146208283842323,0.19111129498288387,0.27436680346578446,0.14514466446821292,0.20112351670893233,0.18825372037418647
2026-08-21,2026-08-21 10:39:26,Kolkata Sell,3,CONFLICTED,DOWN,10.0,0,0.9529596305993491,0.6096565554114001,0.19975392159587957,0.27143531261587106,0.1435938563878346,0.19897459875863022,0.18624231064178456
2026-08-21,2026-08-21 10:39:26,Gujrat Necc Selling rate,3,CONFLICTED,DOWN,5.0,0,1.518032165870323,0.594953056481409,0.20402686128188624,0.26275263686236805,0.1603259151732438,0.19260979711379247,0.1802847895687094
2026-08-21,2026-08-21 10:39:26,Mahuva,3,CONFLICTED,DOWN,5.0,0,1.1574923418166425,0.5949530564814091,0.20402686128188624,0.2627526368623681,0.1603259151732438,0.19260979711379247,0.1802847895687094
2026-08-21,2026-08-21 10:39:26,Wankaner,3,CONFLICTED,DOWN,5.0,0,1.1402619375098522,0.5899671654871836,0.21294608376203514,0.2598083801890896,0.15852939411341685,0.1904515212263914,0.17826462070906698
2026-08-21,2026-08-21 10:39:26,Davangere,3,CONFLICTED,DOWN,-10.0,1,0.13489159195852468,0.7402967155015895,0.2219342920011273,0.25684135115178697,0.15671897785487213,0.1882765521462336,0.17622882684597996
2026-08-21,2026-08-21 10:39:26,Mumbai,3,CONFLICTED,DOWN,-10.0,1,0.12526030388090678,0.7497398314943958,0.2243501516288983,0.25625245654604,0.1432288121508631,0.19358962622805373,0.18257895344614483
2026-08-21,2026-08-21 10:39:26,Bilashpur,3,CONFLICTED,DOWN,0.0,0,1.6330370156147058,0.7579118217673496,0.2264408154938774,0.2557428322870956,0.1315545403323576,0.19818751422913233,0.18807429765753697
2026-08-21,2026-08-21 10:39:26,Mysuru,3,CONFLICTED,DOWN,0.0,0,1.1259987685955513,0.5994032509216355,0.2264408154938774,0.25574283228709566,0.1315545403323576,0.19818751422913236,0.18807429765753697
2026-08-21,2026-08-21 10:39:26,Jabalpur,3,CONFLICTED,DOWN,15.0,0,0.956460313440724,0.5945890444546287,0.23472752374759936,0.25300320191156495,0.1301452698886452,0.19606444188658656,0.18605956256560377
2026-08-21,2026-08-21 10:39:26,Bhopal,3,CONFLICTED,DOWN,10.0,0,0.92230611166545,0.5803316135803117,0.23788969234241766,0.24488969640074007,0.14735085968570852,0.18977689327967343,0.1800928582914604
2026-08-21,2026-08-21 10:39:26,Namakkal,3,CONFLICTED,DOWN,-50.0,1,0.2864248565261763,0.5665598919473556,0.2409441350416812,0.23705259444685178,0.1639703050335252,0.18370354318375456,0.17432942229418721
2026-08-21,2026-08-21 10:39:26,Nagpur,3,CONFLICTED,DOWN,0.0,0,1.1011593631637209,0.579672099864753,0.23393292550212566,0.24053090799716703,0.15224978897679872,0.19099522045143566,0.18229115707247306
2026-08-21,2026-08-21 10:39:26,Nasik,3,CONFLICTED,DOWN,0.0,0,1.5113088732788256,0.5751959881869563,0.241913433846081,0.23802517582024407,0.1506637258868386,0.18900552659666797,0.18039213785016842
2026-08-21,2026-08-21 10:39:26,Benglore,3,CONFLICTED,DOWN,-30.0,1,0.274396448097613,0.5751959881869563,0.24191343384608094,0.23802517582024402,0.15066372588683857,0.18900552659666792,0.18039213785016836
2026-08-21,2026-08-21 10:39:26,Navapur,3,CONFLICTED,DOWN,15.0,0,0.938170786869891,0.5877693453215624,0.23478848224962995,0.24145537289587277,0.13982673871956652,0.19596162419316301,0.18796778194176772
2026-08-21,2026-08-21 10:39:26,Pune,3,CONFLICTED,DOWN,-5.0,0,1.6159329302572092,0.7407622585219796,0.23782375866457361,0.2340183146370932,0.15605391639717212,0.1899258172523992,0.18217819304876198
2026-08-21,2026-08-21 10:39:26,Barwala,3,CONFLICTED,DOWN,17.0,0,0.9062471742448284,0.574285627456778,0.2378237586645736,0.23401831463709316,0.15605391639717212,0.18992581725239918,0.18217819304876198
2026-08-21,2026-08-21 10:39:26,Raipur Td,3,CONFLICTED,DOWN,5.0,0,1.605278526928287,0.7294324812753055,0.24085121987340136,0.22660040525809985,0.1722393124638494,0.18390555126042188,0.17640351114422756
2026-08-21,2026-08-21 10:39:26,Siddipet,3,CONFLICTED,DOWN,10.0,0,1.0641434894788977,0.7294324812753055,0.24085121987340136,0.22660040525809988,0.17223931246384944,0.18390555126042188,0.17640351114422756
2026-08-21,2026-08-21 10:39:26,Anand,3,CONFLICTED,DOWN,0.0,0,1.08215751224375,0.5518121915924064,0.2355606829069542,0.22162290163050757,0.19042190053246533,0.17986588263101025,0.17252863229906262
2026-08-21,2026-08-21 10:39:26,Hospet,3,CONFLICTED,DOWN,-15.0,1,0.15882582526945718,0.7181970322464141,0.2441192772571121,0.21914163140885887,0.18828995393369416,0.17785212026629327,0.17059701713404166
2026-08-22,2026-08-22 10:40:41,Bhopal,3,PANIC,DOWN,25.0,0,0.7042933559716428,0.5105028271973754,0.20083636250182935,0.17166820229185087,0.28415959864477724,0.17166820229185087,0.17166763426969173
2026-08-22,2026-08-22 10:40:41,Barwala,3,PANIC,FLAT,30.0,0,0.5021923050259675,0.5010949535896203,0.20429407395636598,0.16718825753749794,0.2941417066298908,0.16718825753749794,0.16718770433874733
2026-08-22,2026-08-22 10:40:41,Bilashpur,3,PANIC,DOWN,25.0,0,0.8169249560639524,0.6391106930978202,0.21453416778234755,0.16139864260927456,0.3012704384316854,0.16139864260927456,0.16139810856741807
2026-08-22,2026-08-22 10:40:41,Davangere,3,PANIC,DOWN,10.0,0,0.7951439781595219,0.6305330991151542,0.21077185587092484,0.15856817489472205,0.3135241441212082,0.15856817489472205,0.15856765021842284
2026-08-22,2026-08-22 10:40:41,Anand,3,PANIC,DOWN,5.0,0,1.1016504817989792,0.4770793661847048,0.2070288757795844,0.155752250921862,0.32571488681369437,0.155752250921862,0.1557517355629972
2026-08-22,2026-08-22 10:40:41,Gujrat Necc Selling rate,3,PANIC,FLAT,10.0,0,0.44956531260658655,0.5258875066998411,0.21422176157400316,0.1543394527519337,0.32276039085434116,0.1543394527519337,0.15433894206778823
2026-08-22,2026-08-22 10:40:41,Benglore,3,PANIC,DOWN,20.0,0,0.7677940890061214,0.6195942579648884,0.22452597175561842,0.14877448682160022,0.3291510600501594,0.14877448682160022,0.14877399455102186
2026-08-22,2026-08-22 10:40:41,Mahuva,3,PANIC,FLAT,25.0,0,0.6057589883052475,0.4567253088287483,0.22042909646300377,0.14605983196690817,0.34139189092449873,0.14605983196690817,0.1460593486786812
2026-08-22,2026-08-22 10:40:41,Jabalpur,3,PANIC,UP,25.0,1,0.40196021620682076,0.5516919495442778,0.22352745224191176,0.14205160927318633,0.3503181899641993,0.14205160927318633,0.14205113924751628
2026-08-22,2026-08-22 10:40:41,Kolkata Sell,3,PANIC,FLAT,15.0,0,0.579272009807374,0.4374644816312057,0.23357729533238264,0.13688799937585383,0.35575915948018066,0.13688799937585383,0.13688754643572906
2026-08-22,2026-08-22 10:40:41,Surat,3,PANIC,FLAT,0.0,1,1.0451062236034259,0.42960591833829415,0.23630437707142782,0.1331458222518108,0.364258596731009,0.1331458222518108,0.13314538169394147
2026-08-22,2026-08-22 10:40:41,Vij/God,3,PANIC,FLAT,15.0,0,0.5682416109955606,0.42700365363130566,0.243412016917678,0.1319066472150734,0.3608684778947425,0.1319066472150734,0.13190621075743272
2026-08-22,2026-08-22 10:40:41,Metapally,3,PANIC,DOWN,20.0,0,0.6995148791050279,0.5914029417854749,0.24592791468477537,0.12821604689445876,0.36942436887789276,0.12821604689445876,0.12821562264841427
2026-08-22,2026-08-22 10:40:41,Mumbai,3,PANIC,DOWN,15.0,0,0.67995322834348,0.5830751359573996,0.2412880726553725,0.12579703641332923,0.3813212343465721,0.12579703641332923,0.12579662017139698
2026-08-22,2026-08-22 10:40:41,Mysuru,3,PANIC,FLAT,10.0,0,0.5252489989559088,0.42518754295505795,0.23668451612620434,0.12339694360328088,0.39312506136436853,0.12339694360328088,0.12339653530286535
2026-08-22,2026-08-22 10:40:41,Nagpur,3,PANIC,DOWN,20.0,0,0.6482619251332438,0.5693250060963613,0.23945429924084427,0.11986060678440327,0.4009642770051981,0.11986060678440327,0.11986021018515108
2026-08-22,2026-08-22 10:40:41,Namakkal,3,PANIC,DOWN,0.0,0,1.5074970890887334,0.5612253586707888,0.23482901963626307,0.11754538913447911,0.4125352018988732,0.11754538913447911,0.11754500019590554
2026-08-22,2026-08-22 10:40:41,Nasik,3,PANIC,UP,-10.0,0,0.7275917996620743,0.6031549550745954,0.23482901963626307,0.11754538913447911,0.4125352018988732,0.11754538913447911,0.11754500019590554
2026-08-22,2026-08-22 10:40:41,Navapur,3,PANIC,FLAT,30.0,0,0.5370787020312243,0.4231346488539073,0.22120550774916548,0.13006424062667973,0.38860213674525274,0.13006424062667973,0.13006387425222235
2026-08-22,2026-08-22 10:40:41,Pune,3,PANIC,DOWN,10.0,0,0.6551158469007418,0.5723267628290423,0.22446126527140506,0.1262876791211966,0.3966760531013681,0.1262876791211966,0.12628732338483362
2026-08-22,2026-08-22 10:40:41,Raipur Td,3,PANIC,DOWN,30.0,0,0.6363356411271607,0.5640636671188638,0.22006953573539123,0.12381677916542659,0.40848047554448036,0.12381677916542659,0.12381643038927517
2026-08-22,2026-08-22 10:40:41,Siddipet,3,PANIC,DOWN,15.0,0,0.6179980774522249,0.5558768197416694,0.21571833121176792,0.12136867962359424,0.42017597179761507,0.12136867962359424,0.12136833774342849
2026-08-22,2026-08-22 10:40:41,Hospet,3,PANIC,DOWN,5.0,0,1.5045637383445956,0.547768914288457,0.21140908330965072,0.11894418595579705,0.4317586938736328,0.11894418595579705,0.11894385090512224
2026-08-22,2026-08-22 10:40:41,Wankaner,3,PANIC,UP,25.0,1,0.31965218411853324,0.6002174440282986,0.21140908330965075,0.11894418595579706,0.4317586938736328,0.11894418595579706,0.11894385090512226
2026-07-28,2026-07-28 11:06:02,Anand,7,PANIC,DOWN,-120.0,1,0.28579999999999994,0.5700000000000001,0.2,0.2,0.2,0.2,0.2
2026-07-28,2026-07-28 11:06:02,Benglore,7,PANIC,DOWN,-110.0,1,0.27881876710372444,0.5749508840864439,0.19646365422396853,0.2023575638506876,0.19646365422396853,0.2023575638506876,0.2023575638506876
2026-07-28,2026-07-28 11:06:02,Nagpur,7,PANIC,DOWN,-80.0,1,0.2723678193203226,0.579588781797462,0.19315087014467,0.20456608657022,0.19315087014467,0.20456608657022,0.20456608657022
2026-07-28,2026-07-28 11:06:02,Mysuru,7,PANIC,DOWN,-85.0,1,0.2663931562993854,0.5839405064366442,0.19004249540239693,0.206638336398402,0.19004249540239693,0.206638336398402,0.206638336398402
2026-07-28,2026-07-28 11:06:02,Bhopal,7,PANIC,DOWN,-95.0,1,0.260847680924045,0.5880299116211908,0.18712149169914938,0.2085856722005671,0.18712149169914938,0.2085856722005671,0.2085856722005671
2026-07-28,2026-07-28 11:06:02,Mumbai,7,PANIC,DOWN,-85.0,1,0.2556901486847379,0.5918782889957952,0.18437265071728912,0.21041823285514055,0.18437265071728912,0.21041823285514055,0.21041823285514055
2026-07-28,2026-07-28 11:06:02,Navapur,7,PANIC,DOWN,-130.0,1,0.25088430085803526,0.5955047034796739,0.18178235465737586,0.21214509689508282,0.18178235465737586,0.21214509689508282,0.21214509689508282
2026-07-28,2026-07-28 11:06:02,Bilashpur,7,PANIC,DOWN,-115.0,1,0.24639814539971155,0.5989262772012197,0.17933837342770018,0.21377441771486658,0.17933837342770018,0.21377441771486658,0.21377441771486658
2026-07-28,2026-07-28 11:06:02,Siddipet,7,PANIC,DOWN,-85.0,1,0.24220335727769052,0.6021584310550371,0.177029692103545,0.2153135385976367,0.177029692103545,0.2153135385976367,0.2153135385976367
2026-07-28,2026-07-28 11:06:02,Davangere,7,PANIC,DOWN,-90.0,1,0.23827477594432153,0.6052150910812695,0.17484636351337882,0.21676909099108074,0.17484636351337882,0.21676909099108074,0.21676909099108074
2026-07-28,2026-07-28 11:06:02,Barwala,7,PANIC,DOWN,-40.0,1,0.234589982246516,0.6081088655022706,0.17277938178409244,0.21814707881060505,0.17277938178409244,0.21814707881060505,0.21814707881060505
2026-07-28,2026-07-28 11:06:02,Mahuva,7,PANIC,DOWN,-110.0,1,0.23112894063762796,0.6108511971711272,0.17082057344919485,0.2194529510338701,0.17082057344919485,0.2194529510338701,0.2194529510338701
2026-07-28,2026-07-28 11:06:02,Wankaner,7,PANIC,DOWN,-105.0,1,0.22787369533714216,0.6134524953260401,0.1689625033385428,0.22069166444097146,0.1689625033385428,0.22069166444097146,0.22069166444097146
2026-07-28,2026-07-28 11:06:02,Namakkal,7,PANIC,DOWN,-70.0,1,0.22480811126893155,0.6159222498553709,0.16719839296044933,0.2218677380263671,0.16719839296044933,0.2218677380263671,0.2218677380263671
2026-07-28,2026-07-28 11:06:02,Metapally,7,PANIC,DOWN,-85.0,1,0.221917652334548,0.6182691307232446,0.1655220494833967,0.2229853003444022,0.1655220494833967,0.2229853003444022,0.2229853003444022
2026-07-28,2026-07-28 11:06:02,Nasik,7,PANIC,DOWN,-70.0,1,0.21918919094893002,0.6205010747564698,0.16392780374537874,0.22404813083641417,0.16392780374537874,0.22404813083641417,0.22404813083641417
2026-07-28,2026-07-28 11:06:02,Jabalpur,7,PANIC,DOWN,-95.0,1,0.2166108438608565,0.6226253616282803,0.16241045597979975,0.22505969601346681,0.16241045597979975,0.22505969601346681,0.22505969601346681
2026-07-28,2026-07-28 11:06:02,Hospet,7,PANIC,DOWN,-90.0,1,0.21417183015953162,0.6246486805759531,0.16096522816003353,0.22602318122664436,0.16096522816003353,0.22602318122664436,0.22602318122664436
2026-07-28,2026-07-28 11:06:02,Vij/God,7,PANIC,DOWN,-47.0,1,0.21186234807790053,0.6265771891444116,0.15958772203970598,0.22694151864019604,0.15958772203970598,0.22694151864019604,0.22694151864019604
2026-07-28,2026-07-28 11:06:02,Raipur,7,PANIC,DOWN,-125.0,1,0.20967346777817797,0.6284165650460414,0.1582738821099704,0.2278174119266864,0.1582738821099704,0.2278174119266864,0.2278174119266864
2026-07-28,2026-07-28 11:06:02,Pune,7,PANIC,DOWN,-85.0,1,0.2075970377731898,0.6301720520598583,0.15701996281438693,0.22865335812374207,0.15701996281438693,0.22865335812374207,0.22865335812374207
2026-07-28,2026-07-28 11:06:02,Surat,7,PANIC,DOWN,-120.0,1,0.20562560301993552,0.6318485007543578,0.1558224994611729,0.22945166702588468,0.1558224994611729,0.22945166702588468,0.22945166702588468
2026-07-28,2026-07-28 11:06:02,Gujrat Necc Selling rate,7,PANIC,DOWN,-105.0,1,0.20375233303614726,0.633450404702607,0.15467828235528075,0.23021447842981285,0.15467828235528075,0.23021447842981285,0.23021447842981285
2026-07-29,2026-07-29 10:53:12,Pune,7,CONFLICTED,DOWN,-50.0,1,0.045000000000000005,0.85,0.1535843337419667,0.2309437775053555,0.1535843337419667,0.2309437775053555,0.2309437775053555
2026-07-29,2026-07-29 10:53:12,Benglore,7,CONFLICTED,DOWN,-50.0,1,0.045000000000000005,0.85,0.15568911451261513,0.22954059032492322,0.15568911451261513,0.22954059032492322,0.22954059032492322
2026-07-29,2026-07-29 10:53:12,Jabalpur,7,CONFLICTED,DOWN,-75.0,1,0.045000000000000005,0.85,0.15766808126570178,0.2282212791561988,0.15766808126570178,0.2282212791561988,0.2282212791561988
2026-07-29,2026-07-29 10:53:12,Mysuru,7,CONFLICTED,DOWN,-25.0,1,0.04500000000000004,0.8499999999999999,0.15953134817618053,0.22697910121587964,0.15953134817618053,0.22697910121587964,0.22697910121587964
2026-07-29,2026-07-29 10:53:12,Hospet,7,CONFLICTED,DOWN,-30.0,1,0.045000000000000005,0.85,0.161287981820844,0.22580801211943735,0.161287981820844,0.22580801211943735,0.22580801211943735
2026-07-29,2026-07-29 10:53:12,Gujrat Necc Selling rate,7,CONFLICTED,DOWN,-60.0,1,0.04500000000000004,0.8499999999999999,0.16294613351153753,0.22470257765897497,0.16294613351153753,0.22470257765897497,0.22470257765897497
2026-07-29,2026-07-29 10:53:12,Bhopal,7,CONFLICTED,DOWN,-75.0,1,0.045000000000000005,0.85,0.16451315205719444,0.22365789862853705,0.16451315205719444,0.22365789862853705,0.22365789862853705
2026-07-29,2026-07-29 10:53:12,Mumbai,7,CONFLICTED,DOWN,-70.0,1,0.045000000000000005,0.85,0.16599568025028646,0.22266954649980902,0.16599568025028646,0.22266954649980902,0.22266954649980902
2026-07-29,2026-07-29 10:53:12,Mahuva,7,CONFLICTED,DOWN,-60.0,1,0.04499999999999997,0.8500000000000001,0.16739973775396574,0.2217335081640229,0.16739973775396574,0.2217335081640229,0.2217335081640229
2026-07-29,2026-07-29 10:53:12,Nagpur,7,CONFLICTED,DOWN,-55.0,1,0.045000000000000005,0.85,0.16873079257478166,0.2208461382834789,0.16873079257478166,0.2208461382834789,0.2208461382834789
2026-07-29,2026-07-29 10:53:12,Raipur,7,CONFLICTED,DOWN,-95.0,1,0.045000000000000005,0.85,0.16999382291369225,0.22000411805753853,0.16999382291369225,0.22000411805753853,0.22000411805753853
2026-07-29,2026-07-29 10:53:12,Bilashpur,7,CONFLICTED,DOWN,-95.0,1,0.04500000000000004,0.8499999999999999,0.17119337087337147,0.21920441941775232,0.17119337087337147,0.21920441941775232,0.21920441941775232
2026-07-29,2026-07-29 10:53:12,Siddipet,7,CONFLICTED,DOWN,-55.0,1,0.045000000000000005,0.85,0.17233358924592213,0.2184442738360519,0.17233358924592213,0.2184442738360519,0.2184442738360519
2026-07-29,2026-07-29 10:53:12,Wankaner,7,CONFLICTED,DOWN,-55.0,1,0.045000000000000005,0.85,0.17341828239924115,0.21772114506717255,0.17341828239924115,0.21772114506717255,0.21772114506717255
2026-07-29,2026-07-29 10:53:12,Metapally,7,CONFLICTED,DOWN,-70.0,1,0.045000000000000005,0.85,0.1744509421125717,0.21703270525828555,0.1744509421125717,0.21703270525828555,0.21703270525828555
2026-07-29,2026-07-29 10:53:12,Davangere,7,CONFLICTED,DOWN,-60.0,1,0.045000000000000005,0.85,0.1754347790745103,0.21637681395032649,0.1754347790745103,0.21637681395032649,0.21637681395032649
2026-07-29,2026-07-29 10:53:12,Vij/God,7,CAPITULATION,DOWN,-40.0,1,0.11252347786152181,0.7265390745492682,0.1763727506439025,0.21575149957073167,0.1763727506439025,0.21575149957073167,0.21575149957073167
2026-07-29,2026-07-29 10:53:12,Navapur,7,CONFLICTED,DOWN,-100.0,1,0.045000000000000005,0.85,0.1763727506439025,0.21575149957073167,0.1763727506439025,0.21575149957073167,0.21575149957073167
2026-07-29,2026-07-29 10:53:12,Nasik,7,CAPITULATION,DOWN,-60.0,1,0.11128753748795601,0.728102136263549,0.17413980533778706,0.21597289716164816,0.17794150317726848,0.21597289716164816,0.21597289716164816
2026-07-29,2026-07-29 10:53:12,Anand,7,CONFLICTED,DOWN,-55.0,1,0.045000000000000005,0.85,0.17726758538091578,0.2151549430793895,0.17726758538091578,0.2151549430793895,0.2151549430793895
2026-07-29,2026-07-29 10:53:12,Surat,7,CONFLICTED,DOWN,-70.0,1,0.045000000000000005,0.85,0.17812180477838088,0.2145854634810794,0.17812180477838088,0.2145854634810794,0.2145854634810794
2026-07-29,2026-07-29 10:53:12,Barwala,7,CONFLICTED,DOWN,5.0,0,1.7449999999999999,0.85,0.17893774255926498,0.21404150496049001,0.17893774255926498,0.21404150496049001,0.21404150496049001
2026-07-29,2026-07-29 10:53:12,Namakkal,7,CONFLICTED,DOWN,-40.0,1,0.045000000000000005,0.85,0.17893774255926498,0.21404150496049001,0.17893774255926498,0.21404150496049001,0.21404150496049001
2026-07-30,2026-07-30 10:55:48,Navapur,7,PANIC,DOWN,-55.0,1,0.13262180479117056,0.7424909663806233,0.1535843337419667,0.2309437775053555,0.1535843337419667,0.2309437775053555,0.2309437775053555
2026-07-30,2026-07-30 10:55:48,Bilashpur,7,PANIC,DOWN,-70.0,1,0.12859876129646225,0.7464267745832949,0.15711402382799147,0.23164140852557183,0.14796175059529293,0.23164140852557183,0.23164140852557183
2026-07-30,2026-07-30 10:55:48,Siddipet,7,PANIC,DOWN,-40.0,1,0.12480647385164002,0.7501936011111404,0.16049216868832444,0.23230908715681586,0.1425805698412279,0.23230908715681586,0.23230908715681586
2026-07-30,2026-07-30 10:55:48,Barwala,7,PANIC,DOWN,25.0,0,1.1364302725106066,0.7538004618301207,0.16372685388279476,0.23294841148198303,0.13742791167125615,0.23294841148198303,0.23294841148198303
2026-07-30,2026-07-30 10:55:48,Davangere,7,PANIC,DOWN,-30.0,1,0.12677775372702643,0.748228522537772,0.1622159638652597,0.23079873706290008,0.14538782494604005,0.23079873706290008,0.23079873706290008
2026-07-30,2026-07-30 10:55:48,Mahuva,7,PANIC,DOWN,-35.0,1,0.12304830996517516,0.7519593682829614,0.16543404329061148,0.23150263713311112,0.1400580453100552,0.23150263713311112,0.23150263713311112
2026-07-30,2026-07-30 10:55:48,Nasik,7,PANIC,DOWN,-30.0,1,0.1195314845538786,0.7555296699455345,0.1685136437638931,0.23217624729086161,0.13495761436352213,0.23217624729086161,0.23217624729086161
2026-07-30,2026-07-30 10:55:48,Surat,7,PANIC,DOWN,-50.0,1,0.1162121145853964,0.7589480195213112,0.1714621763995966,0.232821188591235,0.13007425782669846,0.232821188591235,0.232821188591235
2026-07-30,2026-07-30 10:55:48,Vij/God,7,PANIC,DOWN,-10.0,1,0.11307634739451762,0.7622224281029457,0.17428655124820586,0.23343897249009601,0.1253965312815061,0.23343897249009601,0.23343897249009601
2026-07-30,2026-07-30 10:55:48,Namakkal,7,PANIC,DOWN,-30.0,1,0.11011150802702413,0.7653603741617541,0.1769932189421826,0.23403100995344106,0.12091375119749426,0.23403100995344106,0.23403100995344106
2026-07-30,2026-07-30 10:55:48,Gujrat Necc Selling rate,7,PANIC,DOWN,-40.0,1,0.10730598200466887,0.7683688470815412,0.17958820824651892,0.2345986196709419,0.11661593274065536,0.2345986196709419,0.2345986196709419
2026-07-30,2026-07-30 10:55:48,Wankaner,7,PANIC,DOWN,-35.0,1,0.10464911140873741,0.7712543864805956,0.1820771599763277,0.23514303547484106,0.11249373359914903,0.23514303547484106,0.23514303547484106
2026-07-30,2026-07-30 10:55:48,Pune,7,PANIC,DOWN,-40.0,1,0.10213110258677707,0.7740231177899196,0.18446535768521222,0.23566541305251004,0.10853840315725767,0.23566541305251004,0.23566541305251004
2026-07-30,2026-07-30 10:55:48,Hospet,7,PANIC,DOWN,-20.0,1,0.09974294402551977,0.7766807844972585,0.18675775547768528,0.2361668360299423,0.1047417364324878,0.2361668360299423,0.2361668360299423
2026-07-30,2026-07-30 10:55:48,Jabalpur,7,PANIC,DOWN,-60.0,1,0.09747633313483964,0.7792327774160761,0.18895900325542558,0.23664832149394197,0.10109603226274855,0.23664832149394197,0.23664832149394197
2026-07-30,2026-07-30 10:55:48,Anand,7,PANIC,DOWN,-30.0,1,0.09532361085885897,0.7816841612950872,0.19107346966960442,0.23711082501255432,0.09759405529273249,0.23711082501255432,0.23711082501255432
2026-07-30,2026-07-30 10:55:48,Mumbai,7,PANIC,DOWN,-60.0,1,0.09327770317604886,0.7840396990462728,0.19310526301900885,0.23755524520617455,0.09422900136246742,0.23755524520617455,0.23755524520617455
2026-07-30,2026-07-30 10:55:48,Bhopal,7,PANIC,DOWN,-65.0,1,0.09133206867449109,0.7863038738365958,0.19505825030547974,0.2379824279156,0.09099446594772019,0.2379824279156,0.2379824279156
2026-07-30,2026-07-30 10:55:48,Metapally,7,PANIC,DOWN,-45.0,1,0.08948065149477541,0.7884809092602095,0.196936074633657,0.2383931700079284,0.08788441534255774,0.2383931700079284,0.2383931700079284
2026-07-30,2026-07-30 10:55:48,Mysuru,7,PANIC,FLAT,-45.0,0,0.5318857354728458,0.5156964880008618,0.1987421711206508,0.23878822285652734,0.08489316030976715,0.23878822285652734,0.23878822285652734
2026-07-30,2026-07-30 10:55:48,Benglore,7,PANIC,DOWN,-50.0,1,0.18123220065239565,0.654878566906622,0.19531546797674942,0.243292024002074,0.08342943644236207,0.243292024002074,0.23467104757674065
2026-07-30,2026-07-30 10:55:48,Nagpur,7,PANIC,DOWN,-40.0,1,0.08539915856010194,0.793361234808057,0.19373289547790767,0.24457182667536442,0.08091252170277581,0.24457182667536442,0.23621092946858765
2026-07-31,2026-07-31 11:25:15,Vij/God,7,PANIC,DOWN,-10.0,1,0.08379982687099115,0.7953053165431608,0.195664220248458,0.24475814451932942,0.07813526208119874,0.24475814451932942,0.23668422863168437
2026-07-31,2026-07-31 11:25:15,Barwala,7,PANIC,DOWN,30.0,0,1.2709746412449,0.7971745860364905,0.19752122369132435,0.24493729247154666,0.07546487709072788,0.24493729247154666,0.23713931427485457
2026-07-31,2026-07-31 11:25:15,Nagpur,7,PANIC,DOWN,-15.0,1,0.08692464106063805,0.79152381303775,0.1957965768624852,0.2427986345752911,0.08353740994607145,0.2427986345752911,0.2350687440408611
2026-07-31,2026-07-31 11:25:15,Mysuru,7,PANIC,DOWN,-45.0,1,0.08523814290327014,0.7935561300216568,0.19768039561248976,0.24304891521122593,0.08063409996906175,0.24304891521122593,0.23558767399599664
2026-07-31,2026-07-31 11:25:15,Davangere,7,PANIC,DOWN,-20.0,1,0.08363352119962479,0.7955085317187722,0.19949013836113147,0.24328935424815948,0.07784495468746828,0.24328935424815948,0.23608619845508125
2026-07-31,2026-07-31 11:25:15,Navapur,7,PANIC,DOWN,-25.0,1,0.08210584885953383,0.7973847872696452,0.20122929884373505,0.2435204158572329,0.07516458961479251,0.2435204158572329,0.23656527982700667
2026-07-31,2026-07-31 11:25:15,Mahuva,7,PANIC,DOWN,-20.0,1,0.0806505609076438,0.799188445417546,0.2029011665024318,0.24374253706757573,0.07258793511779141,0.24374253706757573,0.2370258242446254
2026-07-31,2026-07-31 11:25:15,Nasik,7,PANIC,DOWN,-20.0,1,0.0792634230421928,0.8009228503290837,0.20450884115078993,0.2439561297146212,0.0701102138155947,0.2439561297146212,0.23746868560437295
2026-07-31,2026-07-31 11:25:15,Namakkal,7,PANIC,DOWN,-20.0,1,0.0779405033267437,0.8025911560659659,0.2060552463881448,0.2441615822223092,0.06772691990576309,0.2441615822223092,0.2378946692614737
2026-07-31,2026-07-31 11:25:15,Bilashpur,7,PANIC,DOWN,-70.0,1,0.07667814666382969,0.8041963398403522,0.2075431418864047,0.2443592612354882,0.06543380022806827,0.2443592612354882,0.23830453541455052
2026-07-31,2026-07-31 11:25:15,Gujrat Necc Selling rate,7,PANIC,DOWN,-20.0,1,0.07547295174304833,0.8057412141716,0.20897513465852183,0.2445495131170234,0.06322683689771424,0.2445495131170234,0.2386990022097172
2026-07-31,2026-07-31 11:25:15,Wankaner,7,PANIC,DOWN,-20.0,1,0.07432175019379506,0.807228438049339,0.2103536894058986,0.24473266532253338,0.061102231358087115,0.24473266532253338,0.23907874859094758
2026-07-31,2026-07-31 11:25:15,Siddipet,7,PANIC,DOWN,-5.0,0,1.6905426420984613,0.8086605271965152,0.21168113803152705,0.24490902766428851,0.05905638971926402,0.24490902766428851,0.23944441692063187
2026-07-31,2026-07-31 11:25:15,Metapally,7,PANIC,DOWN,-5.0,0,1.6905426420984613,0.8086605271965152,0.21168113803152708,0.24490902766428854,0.05905638971926403,0.24490902766428854,0.2394444169206319
2026-07-31,2026-07-31 11:25:15,Pune,7,PANIC,DOWN,-15.0,1,0.07322158770543102,0.8086605271965152,0.21168113803152702,0.24490902766428851,0.05905638971926402,0.24490902766428851,0.23944441692063184
2026-07-31,2026-07-31 11:25:15,Bhopal,7,PANIC,DOWN,-45.0,1,0.07210621857763226,0.8101234367047472,0.21303715502247395,0.24508918554563022,0.05696651899321816,0.24508918554563022,0.2398179548930474
2026-07-31,2026-07-31 11:25:15,Surat,7,PANIC,DOWN,-15.0,1,0.07104413206971259,0.8115270151059938,0.21433817613793338,0.24526203677781008,0.054961406991437464,0.24526203677781008,0.240176343315009
2026-07-31,2026-07-31 11:25:15,Jabalpur,7,PANIC,DOWN,-40.0,1,0.07003213938008866,0.8128741875367155,0.21558691277920483,0.2454279415925338,0.053036874947549335,0.2454279415925338,0.2405203290881783
2026-07-31,2026-07-31 11:25:15,Anand,7,PANIC,DOWN,-5.0,0,1.6974026861398246,0.8141676989601451,0.21678590933933659,0.24558723803310312,0.05118900148550719,0.24558723803310312,0.24085061310895012
2026-07-31,2026-07-31 11:25:15,Benglore,7,PANIC,DOWN,10.0,0,1.3257380840601145,0.814167698960145,0.21678590933933653,0.24558723803310306,0.05118900148550718,0.24558723803310306,0.24085061310895006
2026-07-31,2026-07-31 11:25:15,Hospet,7,PANIC,DOWN,-10.0,1,0.07366994722757267,0.8080756044329269,0.21479743526278647,0.2433345830618985,0.05989199366724723,0.2433345830618985,0.2386414049461692
2026-07-31,2026-07-31 11:25:15,Mumbai,7,PANIC,DOWN,-40.0,1,0.07250158417918587,0.8096035922355862,0.2160804374101813,0.243577512641283,0.0577091539491626,0.243577512641283,0.23905538335809007
2026-08-01,2026-08-01 11:13:08,Surat,7,PANIC,DOWN,0.0,0,1.6935246857468331,0.811066460540857,0.2173087608128627,0.24381008909344826,0.05561934208449012,0.24381008909344826,0.2394517189157505
2026-08-01,2026-08-01 11:13:08,Mysuru,7,PANIC,DOWN,-45.0,1,0.23262975758101323,0.658950327971853,0.21730876081286277,0.24381008909344834,0.05561934208449013,0.24381008909344834,0.23945171891575057
2026-08-01,2026-08-01 11:13:08,Jabalpur,7,PANIC,DOWN,-40.0,1,0.07056865569204843,0.8121587695791358,0.21121200395924652,0.24632172944718211,0.054058900601234625,0.24632172944718211,0.2420856365451546
2026-08-01,2026-08-01 11:13:08,Davangere,7,PANIC,DOWN,-10.0,1,0.06951682972614469,0.8135639121224854,0.21265230235340474,0.24645831312541433,0.05205155411073508,0.24645831312541433,0.2423795172850315
2026-08-01,2026-08-01 11:13:08,Mahuva,7,PANIC,DOWN,0.0,0,1.6983332105269802,0.8149072963008164,0.2140292972240996,0.24658889372253867,0.0501324338559765,0.24658889372253867,0.24266048147484645
2026-08-01,2026-08-01 11:13:08,Benglore,7,PANIC,DOWN,10.0,0,1.3281478031286134,0.8149072963008164,0.21402929722409966,0.24658889372253873,0.050132433855976516,0.24658889372253873,0.2426604814748465
2026-08-01,2026-08-01 11:13:08,Hospet,7,PANIC,DOWN,10.0,0,1.3072048337010074,0.808456811988435,0.2119529286358544,0.2441966537826041,0.059347411445092785,0.2441966537826041,0.2403063523538445
2026-08-01,2026-08-01 11:13:08,Namakkal,7,PANIC,DOWN,30.0,0,1.286204471227979,0.8019365533594223,0.20985410015276978,0.24177853719543757,0.0686620666293967,0.24177853719543757,0.2379267588269585
2026-08-01,2026-08-01 11:13:08,Anand,7,PANIC,DOWN,15.0,0,1.2651583300528673,0.7953484550977852,0.2077334345369369,0.23933526146194717,0.07807363557459249,0.23933526146194717,0.23552240696457613
2026-08-01,2026-08-01 11:13:08,Gujrat Necc Selling rate,7,PANIC,DOWN,0.0,0,1.6666890932355147,0.7886945559198464,0.20559158803776725,0.23686758266468078,0.08757920582879093,0.23686758266468078,0.23309404080408025
2026-08-01,2026-08-01 11:13:08,Pune,7,PANIC,DOWN,10.0,0,1.2440782050752075,0.7886945559198464,0.20559158803776725,0.2368675826646808,0.08757920582879093,0.2368675826646808,0.23309404080408022
2026-08-01,2026-08-01 11:13:08,Nasik,7,PANIC,DOWN,5.0,0,1.6587903446305627,0.7817714895359028,0.20336309838058525,0.23430007996124833,0.09746930066299594,0.23430007996124833,0.23056744103392215
2026-08-01,2026-08-01 11:13:08,Nagpur,7,PANIC,DOWN,0.0,0,1.6587903446305625,0.7817714895359028,0.2033630983805852,0.2343000799612483,0.09746930066299594,0.2343000799612483,0.23056744103392213
2026-08-01,2026-08-01 11:13:08,Wankaner,7,PANIC,DOWN,-5.0,0,1.658790344630563,0.7817714895359029,0.20336309838058525,0.23430007996124835,0.09746930066299596,0.23430007996124835,0.23056744103392218
2026-08-01,2026-08-01 11:13:08,Barwala,7,PANIC,DOWN,24.0,0,1.2223333237023686,0.7817714895359028,0.20336309838058522,0.23430007996124833,0.09746930066299594,0.23430007996124833,0.23056744103392215
2026-08-01,2026-08-01 11:13:08,Siddipet,7,PANIC,DOWN,5.0,0,1.650294220648309,0.7741297326525428,0.20090326696588673,0.23146604221426015,0.10838609621065318,0.23146604221426015,0.2277785523949397
2026-08-01,2026-08-01 11:13:08,Bhopal,7,PANIC,DOWN,-10.0,1,0.10203475534322365,0.7741297326525427,0.2009032669658867,0.23146604221426018,0.10838609621065319,0.23146604221426018,0.2277785523949397
2026-08-01,2026-08-01 11:13:08,Mumbai,7,PANIC,DOWN,-30.0,1,0.09870983487992374,0.777840333453703,0.20330444971243516,0.2323724858187553,0.10308523792328132,0.2323724858187553,0.22886534072677284
2026-08-01,2026-08-01 11:13:08,Metapally,7,PANIC,DOWN,5.0,0,1.6582638488820942,0.781303971605534,0.20554581940325797,0.23321860018655008,0.09813718342066573,0.23321860018655008,0.22987979680297618
2026-08-01,2026-08-01 11:13:08,Navapur,7,PANIC,DOWN,-5.0,0,1.6582638488820942,0.781303971605534,0.20554581940325797,0.23321860018655005,0.09813718342066573,0.23321860018655005,0.22987979680297618
2026-08-01,2026-08-01 11:13:08,Bilashpur,7,PANIC,DOWN,-10.0,1,0.09565590567102616,0.781303971605534,0.20554581940325797,0.23321860018655008,0.09813718342066573,0.23321860018655008,0.2298797968029762
2026-08-01,2026-08-01 11:13:08,Vij/God,7,PANIC,DOWN,-10.0,1,0.09267688452904727,0.7847363424436823,0.20776695556906177,0.23405707642293805,0.09323379650902537,0.23405707642293805,0.23088509507603686
2026-08-02,2026-08-02 11:00:41,Surat,7,PANIC,DOWN,-10.0,1,0.07132451204134946,0.7879333883811425,0.20983580963241236,0.234838066348446,0.08866658802693923,0.234838066348446,0.2318214696437564
2026-08-02,2026-08-02 11:00:41,Barwala,7,PANIC,DOWN,5.0,0,1.375817216986472,0.6397375630151103,0.2105017036061058,0.2341598381273371,0.08987320637230817,0.2341598381273371,0.23130541376691194
2026-08-02,2026-08-02 11:00:41,Gujrat Necc Selling rate,7,PANIC,DOWN,-15.0,1,0.07397042218081984,0.7831895240456125,0.20921335113550124,0.23272668865253648,0.09544353707769652,0.23272668865253648,0.2298897344817293
2026-08-02,2026-08-02 11:00:41,Hospet,7,PANIC,DOWN,15.0,0,1.3395057905970487,0.7826001891757391,0.20991239101536865,0.23216222453396945,0.0962854440346585,0.23216222453396945,0.229477715882034
2026-08-02,2026-08-02 11:00:41,Wankaner,7,PANIC,DOWN,-20.0,1,0.07653972262021251,0.778730176351695,0.20862822503019288,0.2307419423374438,0.101814033783293,0.2307419423374438,0.22807385651162665
2026-08-02,2026-08-02 11:00:41,Namakkal,7,PANIC,DOWN,30.0,0,1.3335057204450753,0.7783806166480239,0.20935839514750054,0.23028432527690712,0.10231340478853727,0.23028432527690712,0.22775954951014798
2026-08-02,2026-08-02 11:00:41,Pune,7,PANIC,DOWN,10.0,0,1.3281036952021967,0.774538048860347,0.20807816179217392,0.2288761291822596,0.10780278734236134,0.2288761291822596,0.22636679250094555
2026-08-02,2026-08-02 11:00:41,Benglore,7,PANIC,DOWN,-10.0,1,0.08141295516963992,0.7706255280662636,0.2067746221018506,0.22744229722225492,0.11339210276248057,0.22744229722225492,0.22494868069115895
2026-08-02,2026-08-02 11:00:41,Nasik,7,PANIC,DOWN,0.0,0,1.464211764728668,0.7707132388489222,0.20762320108092364,0.22715554420691952,0.11326680164439683,0.22715554420691952,0.22479890886084053
2026-08-02,2026-08-02 11:00:41,Siddipet,7,PANIC,DOWN,5.0,0,1.451111827732512,0.7668318798110796,0.20632492010744918,0.2257351262597551,0.11881160026988617,0.2257351262597551,0.2233932271031544
2026-08-02,2026-08-02 11:00:41,Anand,7,PANIC,DOWN,-15.0,1,0.08631516034083736,0.762880969129412,0.20500337471164956,0.22428925526839122,0.12445575838655432,0.22428925526839122,0.2219623563650136
2026-08-02,2026-08-02 11:00:41,Bilashpur,7,PANIC,DOWN,-15.0,1,0.0859759056516822,0.7634049727688346,0.20596927710959945,0.22417330371154578,0.12370718175880786,0.22417330371154578,0.2219769337085013
2026-08-02,2026-08-02 11:00:41,Mysuru,7,PANIC,DOWN,-35.0,1,0.08566479548282989,0.7638870031890197,0.2068578097527214,0.2240666399911774,0.12301856687282899,0.2240666399911774,0.22199034339209486
2026-08-02,2026-08-02 11:00:41,Metapally,7,PANIC,DOWN,5.0,0,1.442705442079203,0.7643317109698653,0.20767754511253483,0.22396823502668678,0.12238327004304976,0.22396823502668678,0.22200271479104192
2026-08-02,2026-08-02 11:00:41,Mahuva,7,PANIC,DOWN,-10.0,1,0.08780467657901825,0.7606000660294867,0.20641604607771222,0.22260778119349076,0.12771419138644752,0.22260778119349076,0.2206542001488588
2026-08-02,2026-08-02 11:00:41,Nagpur,7,PANIC,DOWN,0.0,0,1.4322782430108427,0.7612201393804273,0.20725934816769884,0.22258721058341333,0.12682837231367516,0.22258721058341333,0.22073785835179943
2026-08-02,2026-08-02 11:00:41,Vij/God,7,PANIC,DOWN,-23.0,1,0.22805488880150349,0.6133071312962843,0.20600039328931388,0.22123514971326455,0.13213227628742297,0.22123514971326455,0.2193970309967342
2026-08-02,2026-08-02 11:00:41,Jabalpur,7,PANIC,DOWN,-30.0,1,0.08969807552878158,0.7577455897012255,0.20213608401742397,0.22260744277449118,0.13179201471253496,0.22260744277449118,0.22085701572105873
2026-08-02,2026-08-02 11:00:41,Mumbai,7,PANIC,DOWN,-20.0,1,0.08919144007388022,0.7585045945470563,0.20318919330988935,0.22258724579391148,0.1307077220756339,0.22258724579391148,0.22092859302665374
2026-08-02,2026-08-02 11:00:41,Navapur,7,PANIC,DOWN,0.0,0,1.425556065548439,0.7592080272775008,0.2041651970193842,0.22256852757719134,0.12970281817499893,0.22256852757719134,0.22099492965123418
2026-08-02,2026-08-02 11:00:41,Davangere,7,PANIC,DOWN,-20.0,1,0.09110852372509544,0.7556504742771692,0.20297294662756737,0.22126880843757316,0.13478503674690112,0.22126880843757316,0.21970439975038525
2026-08-02,2026-08-02 11:00:41,Bhopal,7,PANIC,DOWN,-15.0,1,0.09053300475981921,0.7565022184718457,0.20396230869087154,0.22131781139482862,0.13356825932593477,0.22131781139482862,0.21983380919353657
2026-08-03,2026-08-03 10:50:19,Siddipet,7,PANIC,DOWN,0.0,0,0.9828515202649789,0.6138764476540691,0.2048811591700661,0.22136332192370992,0.13243820132412076,0.22136332192370992,0.21995399565839324
2026-08-03,2026-08-03 10:50:19,Mumbai,7,PANIC,DOWN,-20.0,1,0.09198538250460891,0.7543609328075647,0.20824457697410037,0.21884048286665558,0.13662723884633618,0.21884048286665558,0.21744721844625242
2026-08-03,2026-08-03 10:50:19,Bhopal,7,PANIC,DOWN,-35.0,1,0.09137478151383359,0.7552578698233205,0.20894648976018712,0.21901030303670202,0.1353459002523993,0.21901030303670202,0.21768700391400966
2026-08-03,2026-08-03 10:50:19,Pune,7,PANIC,DOWN,10.0,0,1.3029949959261495,0.7560928841927516,0.2095999439628502,0.21916839917914796,0.1341530225817836,0.21916839917914796,0.21791023509707028
2026-08-03,2026-08-03 10:50:19,Nagpur,7,PANIC,DOWN,0.0,0,1.4039072163049813,0.7526947554216413,0.2084247980098468,0.21793960659241304,0.1390074922547982,0.21793960659241304,0.21668849655052885
2026-08-03,2026-08-03 10:50:19,Jabalpur,7,PANIC,DOWN,-35.0,1,0.09553934873571206,0.7492311905716602,0.20722702285458391,0.2166871517568237,0.1439554420404853,0.2166871517568237,0.21544323159128329
2026-08-03,2026-08-03 10:50:19,Wankaner,7,PANIC,DOWN,-20.0,1,0.09472378844365545,0.7503950337996432,0.20798610411294294,0.2169673459810531,0.14229280885765241,0.2169673459810531,0.2157863950672983
2026-08-03,2026-08-03 10:50:19,Hospet,7,PANIC,DOWN,15.0,0,1.2969252941161895,0.7514776363827923,0.20869219863784186,0.2172279815921396,0.14074623373886824,0.2172279815921396,0.2161056044390108
2026-08-03,2026-08-03 10:50:19,Namakkal,7,PANIC,DOWN,50.0,0,1.2925109766985494,0.7480796934956989,0.20751322849986978,0.21600079003873843,0.14560043786328725,0.21600079003873843,0.2148847535593661
2026-08-03,2026-08-03 10:50:19,Mysuru,7,PANIC,DOWN,0.0,0,1.3772928025799485,0.7446166184808445,0.20631165973790536,0.21475007554816636,0.15054768788450798,0.21475007554816636,0.21364050128125406
2026-08-03,2026-08-03 10:50:19,Surat,7,PANIC,DOWN,-15.0,1,0.10139712001869525,0.7410881732749424,0.20508740975211828,0.21347575214215234,0.15558832389293958,0.21347575214215234,0.21237276207063752
2026-08-03,2026-08-03 10:50:19,Metapally,7,PANIC,DOWN,0.0,0,0.9410239520048651,0.5985257797608288,0.2059815801828009,0.21393218170227118,0.15326730587315796,0.21393218170227118,0.21288675053949876
2026-08-03,2026-08-03 10:50:19,Navapur,7,PANIC,DOWN,-5.0,0,1.3616963324166869,0.7398454860943536,0.2094551013906138,0.21140479593290842,0.15736359129378052,0.21140479593290842,0.21037171544978886
2026-08-03,2026-08-03 10:50:19,Davangere,7,PANIC,DOWN,0.0,0,1.3500851073374656,0.7362752638092281,0.20818730959030768,0.21012520300320792,0.16246390884396,0.21012520300320792,0.20909837555931662
2026-08-03,2026-08-03 10:50:19,Bilashpur,7,PANIC,DOWN,-45.0,1,0.10775505685814582,0.7326395871571468,0.20689627483673606,0.20882215076523872,0.16765773263264733,0.20882215076523872,0.20780169100013918
2026-08-03,2026-08-03 10:50:19,Anand,7,PANIC,DOWN,-15.0,1,0.10610727028162095,0.7347931779856188,0.20773012078137226,0.2095512146828679,0.16458117430625874,0.2095512146828679,0.20858627554663323
2026-08-03,2026-08-03 10:50:19,Nasik,7,PANIC,DOWN,20.0,0,1.2781648809503086,0.7367810778016431,0.2084998130451116,0.2102241865438937,0.16174131742622402,0.2102241865438937,0.20931049644087693
2026-08-03,2026-08-03 10:50:19,Mahuva,7,PANIC,DOWN,-20.0,1,0.10729929206655678,0.7332328337976535,0.2072390221991594,0.20895296847361688,0.1668102374319236,0.20895296847361688,0.20804480342168333
2026-08-03,2026-08-03 10:50:19,Benglore,7,PANIC,DOWN,-10.0,1,0.10571902839322671,0.7353041534545014,0.2080350079271812,0.20965790043669094,0.16385120935071212,0.20965790043669094,0.2087979818487247
2026-08-03,2026-08-03 10:50:19,Barwala,7,PANIC,DOWN,-10.0,1,0.26763288211425695,0.5910809340453468,0.2087716712441247,0.21031029595065104,0.1611127086910941,0.21031029595065104,0.20949502816347904
2026-08-03,2026-08-03 10:50:19,Gujrat Necc Selling rate,7,PANIC,DOWN,-15.0,1,0.10388869485287883,0.7377318835828175,0.20042695007798345,0.2133242358479675,0.1603830234531179,0.2133242358479675,0.21254155477296363
2026-08-03,2026-08-03 10:50:19,Kolkata Sell,7,PANIC,DOWN,-10.0,1,0.24708414129635944,0.5984007491616373,0.20152356744176375,0.21377193323371763,0.15790393375589715,0.21377193323371763,0.21302863233490385
2026-08-04,2026-08-04 10:58:02,Nasik,7,PANIC,DOWN,10.0,0,0.8800692821801095,0.6017768616184884,0.1981507907310882,0.21536868550163954,0.15645369267107112,0.21536868550163954,0.21465814559456145
2026-08-04,2026-08-04 10:58:02,Mysuru,7,PANIC,DOWN,0.0,0,1.3570152360547745,0.7384080267783121,0.20600022739644647,0.2117604345471318,0.15941710460241124,0.2117604345471318,0.2110617989068786
2026-08-04,2026-08-04 10:58:02,Jabalpur,7,PANIC,DOWN,-15.0,1,0.10591978608490424,0.7350397593114493,0.20482100510081455,0.21054823867285194,0.16422891526935818,0.21054823867285194,0.20985360228412345
2026-08-04,2026-08-04 10:58:02,Nagpur,7,PANIC,DOWN,5.0,0,1.3521620048988199,0.736915021692178,0.20569861904276818,0.21113700500164284,0.16154996901117416,0.21113700500164284,0.21047740194277187
2026-08-04,2026-08-04 10:58:02,Mahuva,7,PANIC,DOWN,-5.0,0,1.3412362581051647,0.7335438324868865,0.20451710393678058,0.20992425227630465,0.16636595359016196,0.20992425227630465,0.20926843792044802
2026-08-04,2026-08-04 10:58:02,Navapur,7,PANIC,DOWN,15.0,0,1.2699326179080201,0.7301086838390709,0.20331317269129115,0.20868849075985188,0.17127330880132713,0.20868849075985188,0.20803653698767774
2026-08-04,2026-08-04 10:58:02,Metapally,7,PANIC,DOWN,15.0,0,1.265686432661707,0.7266093770605508,0.20208675567120324,0.20742964897613256,0.1762723184849272,0.20742964897613256,0.20678162789160437
2026-08-04,2026-08-04 10:58:02,Kolkata Sell,7,PANIC,DOWN,-10.0,1,0.2684182550631236,0.5824593052912372,0.20083780186284944,0.20614767456274874,0.1813631905782403,0.20614767456274874,0.20550365843341284
2026-08-04,2026-08-04 10:58:02,Mumbai,7,PANIC,DOWN,-10.0,1,0.11378258647336743,0.724959271055408,0.19715971817976902,0.20827448360380688,0.1786296127779885,0.20827448360380688,0.20766170183462868
2026-08-04,2026-08-04 10:58:02,Namakkal,7,PANIC,DOWN,40.0,0,0.8669774785384907,0.5885301272812392,0.1984943906673687,0.2090172530799413,0.17503399893086113,0.2090172530799413,0.2084371042418876
2026-08-04,2026-08-04 10:58:02,Vij/God,7,PANIC,DOWN,-16.0,1,0.1133626295766772,0.7254848006082278,0.20690809210357178,0.20526092479528107,0.17787885627396036,0.20526092479528107,0.20469120203190583
2026-08-04,2026-08-04 10:58:02,Davangere,7,PANIC,DOWN,10.0,0,1.2673022630366246,0.7279457567260389,0.20771445670185254,0.20615402088889068,0.1743632046770874,0.20615402088889068,0.20561429684327875
2026-08-04,2026-08-04 10:58:02,Barwala,7,PANIC,DOWN,10.0,0,1.1317704813534997,0.5799523819653959,0.20646913939496386,0.2049180589141008,0.17931317208304196,0.2049180589141008,0.2043815706937926
2026-08-04,2026-08-04 10:58:02,Surat,7,PANIC,DOWN,-15.0,1,0.27916679144594087,0.5747024183312559,0.21005331850017064,0.20241589262219692,0.1832289410266066,0.20241589262219692,0.20188595522882888
2026-08-04,2026-08-04 10:58:02,Bhopal,7,PANIC,DOWN,-20.0,1,0.11479841474122339,0.7236937473136721,0.2059759474863247,0.20469702713362226,0.1804375038376114,0.20469702713362226,0.20419249440881948
2026-08-04,2026-08-04 10:58:02,Hospet,7,PANIC,DOWN,15.0,0,1.2652528661399143,0.7262497851782754,0.2068316532026481,0.205620094720548,0.1767860211738924,0.205620094720548,0.20514213618236365
2026-08-04,2026-08-04 10:58:02,Gujrat Necc Selling rate,7,PANIC,DOWN,0.0,0,1.30670032794681,0.7227939357837994,0.2055912552678225,0.204386962668946,0.1817229488802866,0.204386962668946,0.20391187051399898
2026-08-04,2026-08-04 10:58:02,Siddipet,7,PANIC,DOWN,15.0,0,1.2569447637782836,0.719274331006192,0.20432797379944456,0.2031310811287444,0.18675095570544004,0.2031310811287444,0.20265890823762667
2026-08-04,2026-08-04 10:58:02,Wankaner,7,PANIC,DOWN,-10.0,1,0.121370625445713,0.7156908680375925,0.20304177189698902,0.20185241341557025,0.19187018851772497,0.20185241341557025,0.20138321275414553
2026-08-04,2026-08-04 10:58:02,Pune,7,PANIC,DOWN,15.0,0,1.2563991026911427,0.7188104003359505,0.20410019399123427,0.2029764670916275,0.18741371380578498,0.2029764670916275,0.20253315801972577
2026-08-04,2026-08-04 10:58:02,Benglore,7,PANIC,DOWN,-10.0,1,0.12175058481773948,0.7152375333648325,0.20281818008734054,0.20170151164995911,0.1925178094788106,0.20170151164995911,0.20126098713393056
2026-08-04,2026-08-04 10:58:02,Bilashpur,7,PANIC,DOWN,-45.0,1,0.2830790877341383,0.575654971900832,0.203886771507913,0.20283159862406186,0.18803469720518404,0.20283159862406186,0.2024153340387791
2026-08-04,2026-08-04 10:58:02,Anand,7,PANIC,DOWN,10.0,0,1.2574616249098662,0.7197131019397223,0.19526440740674125,0.20633670442612054,0.1861241400861109,0.20633670442612054,0.20593804365490667
2026-08-05,2026-08-05 11:06:04,Siddipet,7,PANIC,DOWN,-10.0,1,0.27571800518011325,0.5803476944808967,0.1940557753546294,0.20505953795319,0.19116180395837512,0.20505953795319,0.2046633447806154
2026-08-05,2026-08-05 11:06:04,Kolkata Sell,7,PANIC,DOWN,-20.0,1,0.26142520578446427,0.5876017147461592,0.18575830764438253,0.20850818648736946,0.18909638557538996,0.20850818648736946,0.20812893380548855
2026-08-05,2026-08-05 11:06:04,Benglore,7,PANIC,DOWN,-30.0,1,0.2608676354317052,0.591793476475941,0.18284424190487367,0.21049820031288496,0.18602222027235318,0.21049820031288496,0.21013713719700314
2026-08-05,2026-08-05 11:06:04,Gujrat Necc Selling rate,7,PANIC,DOWN,-5.0,0,1.3011013692496745,0.721037489459408,0.17526166324944104,0.21361742286957114,0.1842321579151314,0.21361742286957114,0.2132713330962853
2026-08-05,2026-08-05 11:06:04,Mumbai,7,PANIC,DOWN,-10.0,1,0.1198035549020917,0.7175710303476251,0.17419774467888904,0.2123206672701396,0.18918424236053555,0.2123206672701396,0.2119766784202962
2026-08-05,2026-08-05 11:06:04,Mysuru,7,PANIC,DOWN,0.0,0,1.299342979013678,0.7204850655460723,0.17675843938925184,0.21284862427638268,0.18502133493418263,0.21284862427638268,0.21252297712380025
2026-08-05,2026-08-05 11:06:04,Barwala,7,PANIC,DOWN,6.0,0,1.1409004375824843,0.5940420621953074,0.1756853977427703,0.21155649113109115,0.18996879912107623,0.21155649113109115,0.21123282087397116
2026-08-05,2026-08-05 11:06:04,Nagpur,7,PANIC,DOWN,-10.0,1,0.26375077619577814,0.5885527676230696,0.17969460889062117,0.20894120758622553,0.1938014373621367,0.20894120758622553,0.20862153857479118
2026-08-05,2026-08-05 11:06:04,Nasik,7,PANIC,DOWN,-10.0,1,0.2547807415885384,0.5954466999934024,0.17202149822302465,0.21221948247942063,0.19162607321497194,0.21221948247942063,0.21191346360316216
2026-08-05,2026-08-05 11:06:04,Wankaner,7,PANIC,DOWN,-10.0,1,0.12002758427320856,0.7173011985190952,0.16476815931698696,0.21531841325959492,0.1895697164012924,0.21531841325959492,0.21502529776253074
2026-08-05,2026-08-05 11:06:04,Navapur,7,PANIC,DOWN,-5.0,0,1.2984622265180323,0.7202082200650445,0.16780925701521385,0.21568383837461028,0.18541682847850777,0.21568383837461028,0.21540623775705783
2026-08-05,2026-08-05 11:06:04,Pune,7,PANIC,DOWN,-10.0,1,0.24889926876030777,0.6000132606572612,0.16679794288933028,0.21438400476380268,0.1903259704574393,0.21438400476380268,0.21410807712562505
2026-08-05,2026-08-05 11:06:04,Mahuva,7,PANIC,DOWN,-10.0,1,0.11931829492872344,0.7181567079541574,0.1598461220786969,0.21735691511839209,0.18834756006548947,0.21735691511839209,0.2170924876190296
2026-08-05,2026-08-05 11:06:04,Bilashpur,7,PANIC,DOWN,-40.0,1,0.11699251768258828,0.7209871110902693,0.16311159567780667,0.21761162055625308,0.1843041270139011,0.21761162055625308,0.21736103619578606
2026-08-05,2026-08-05 11:06:04,Namakkal,7,PANIC,DOWN,30.0,0,0.9231244798072811,0.6073137741488075,0.1661384627058977,0.21784771479138854,0.1805561456529485,0.21784771479138854,0.2176099620583766
2026-08-05,2026-08-05 11:06:04,Anand,7,PANIC,DOWN,-5.0,0,1.30340733925394,0.7217613630359908,0.1747938716860515,0.21408057229673874,0.18319805280572724,0.21408057229673874,0.21384693091474374
2026-08-05,2026-08-05 11:06:04,Metapally,7,PANIC,DOWN,0.0,0,1.183986388495557,0.5967508550937526,0.17376130261084055,0.21281592281890055,0.1880231901123702,0.21281592281890055,0.2125836616389882
2026-08-05,2026-08-05 11:06:04,Davangere,7,PANIC,DOWN,-10.0,1,0.2564234960913072,0.5940465871863574,0.17270949239304242,0.21152770755596378,0.19293824019787542,0.21152770755596378,0.21129685229715447
2026-08-05,2026-08-05 11:06:04,Jabalpur,7,PANIC,DOWN,-15.0,1,0.12076914638099719,0.716410515148777,0.16548082400172484,0.21463274923701203,0.19084212121603286,0.21463274923701203,0.21441155630821832
2026-08-05,2026-08-05 11:06:04,Hospet,7,PANIC,DOWN,-15.0,1,0.24772056646634033,0.6014197927954827,0.16846322469313874,0.21503166167463997,0.18665135702760036,0.21503166167463997,0.21482209492998094
2026-08-05,2026-08-05 11:06:04,Vij/God,7,PANIC,DOWN,-16.0,1,0.11732196063877792,0.7205838061224381,0.16165041017663975,0.21789013483991804,0.1848802769679456,0.21789013483991804,0.2176890431755787
2026-08-05,2026-08-05 11:06:04,Bhopal,7,PANIC,DOWN,-25.0,1,0.115187612163337,0.7232109862215772,0.16473208988709892,0.21811053613449932,0.18112716254060385,0.21811053613449932,0.2179196753032985
2026-08-05,2026-08-05 11:06:04,Surat,7,PANIC,DOWN,-5.0,0,1.3158420968772697,0.7256535133493357,0.1675971718410638,0.21831544638834313,0.17763783807237754,0.21831544638834313,0.21813409730987243
2026-08-06,2026-08-06 10:56:49,Mumbai,7,NORMAL,DOWN,-25.0,1,0.5467768860289303,0.4314715619010263,0.16690376415761446,0.21688819400580958,0.18261155756127562,0.21688819400580958,0.21670829026949073
2026-08-06,2026-08-06 10:56:49,Wankaner,7,NORMAL,FLAT,-5.0,1,0.4942419908673397,0.4263095749014664,0.1715686388941615,0.21398150210934558,0.18105067421197507,0.21398150210934558,0.21941768267517223
2026-08-06,2026-08-06 10:56:49,Siddipet,7,NORMAL,FLAT,-15.0,0,0.7462298325229294,0.4309764572447065,0.1686431048670919,0.21601665168964998,0.18364734982742367,0.21601665168964998,0.2156762419261845
2026-08-06,2026-08-06 10:56:49,Metapally,7,NORMAL,FLAT,-5.0,1,0.4870134351840446,0.43066401831212214,0.1638427698867141,0.2155607463418746,0.1841128191907111,0.2155607463418746,0.22092291823882568
2026-08-06,2026-08-06 10:56:49,Navapur,7,NORMAL,FLAT,-15.0,0,0.7457667417004017,0.43532413522265884,0.1610079222817511,0.21759847639486307,0.18669466895692935,0.21759847639486307,0.21710045597159347
2026-08-06,2026-08-06 10:56:49,Mahuva,7,NORMAL,FLAT,-5.0,1,0.4801059208679551,0.43488171750867216,0.1563595192316197,0.21709039697745156,0.1870788024860571,0.21709039697745156,0.22238088432742006
2026-08-06,2026-08-06 10:56:49,Bhopal,7,NORMAL,DOWN,-25.0,1,0.5632387635233338,0.4395331687672495,0.15361622037012282,0.2191298578080376,0.18964481119428137,0.2191298578080376,0.2184792528195207
2026-08-06,2026-08-06 10:56:49,Davangere,7,NORMAL,FLAT,-20.0,0,0.7397648879387355,0.4338827770083245,0.1589655278242927,0.21604119635358252,0.18775014587615566,0.21604119635358252,0.2212019335923865
2026-08-06,2026-08-06 10:56:49,Raipur Td,7,NORMAL,UP,-40.0,0,1.1109105976312743,0.5415345391531504,0.15436250477211177,0.21557670573344181,0.1881048539797908,0.21557670573344181,0.22637922978121378
2026-08-06,2026-08-06 10:56:49,Nagpur,7,NORMAL,FLAT,-20.0,0,0.7405064892966549,0.43561540842789753,0.15659318345515966,0.2163796053549525,0.18954851561566305,0.2163796053549525,0.22109909021927246
2026-08-06,2026-08-06 10:56:49,Surat,7,NORMAL,DOWN,-5.0,0,0.5136369405101765,0.43515975027047,0.15202378895175217,0.2159016479047909,0.1898534902910895,0.2159016479047909,0.22631942494757643
2026-08-06,2026-08-06 10:56:49,Mysuru,7,NORMAL,DOWN,0.0,0,0.3234852926520051,0.5443851732709266,0.14932848360487436,0.21798365264767283,0.19239731577253233,0.21798365264767283,0.2223068953272477
2026-08-06,2026-08-06 10:56:49,Gujrat Necc Selling rate,7,NORMAL,FLAT,-15.0,0,0.7482264206762714,0.4418808844115016,0.15172352483558468,0.21874534249512284,0.19376772131189948,0.21874534249512284,0.21701806886227012
2026-08-06,2026-08-06 10:56:49,Kolkata Sell,7,NORMAL,UP,-30.0,0,1.0842768266697846,0.44123001339778845,0.14721034143053152,0.21818774163024243,0.19395310730778428,0.21818774163024243,0.22246106800119922
2026-08-06,2026-08-06 10:56:49,Barwala,7,NORMAL,UP,-10.0,0,1.0846240604336046,0.44590526768071403,0.14455065980245296,0.22026810237005814,0.19647132051804658,0.22026810237005814,0.21844181493938405
2026-08-06,2026-08-06 10:56:49,Anand,7,NORMAL,FLAT,-5.0,1,0.4541296921133241,0.4505514955305144,0.14190749087427054,0.22233554713819909,0.19897389933862242,0.22233554713819909,0.2144475155107089
2026-08-06,2026-08-06 10:56:49,Jabalpur,7,NORMAL,DOWN,-20.0,1,0.5959037393325632,0.45516683191829493,0.13928189563278542,0.22438924604763533,0.20145983921657923,0.22438924604763533,0.2104797730553646
2026-08-06,2026-08-06 10:56:49,Hospet,7,NORMAL,FLAT,-20.0,0,0.755226001979158,0.44855510238599233,0.14552144661167835,0.2209151259162198,0.19896275157612095,0.2209151259162198,0.21368554997976114
2026-08-06,2026-08-06 10:56:49,Namakkal,7,NORMAL,FLAT,30.0,0,0.856916782137951,0.44768637693792196,0.1410942804190052,0.22027882975144297,0.19899430755128833,0.22027882975144297,0.2193537525268206
2026-08-06,2026-08-06 10:56:49,Benglore,7,NORMAL,UP,-10.0,0,1.0847043588102274,0.4468444364796576,0.14896758217604053,0.21966215219726978,0.19902489057639988,0.21966215219726978,0.21268322285302002
2026-08-06,2026-08-06 10:56:49,Nasik,7,NORMAL,FLAT,-20.0,0,0.7629841023268759,0.4515184389226548,0.14621719884124076,0.22176085929633635,0.20150462272540562,0.22176085929633635,0.20875645984068095
2026-08-06,2026-08-06 10:56:49,Pune,7,NORMAL,DOWN,-10.0,1,0.8143857312854762,0.5497542441974589,0.14172132939205254,0.22109175892186736,0.20145835876058263,0.22109175892186736,0.21463679400363014
2026-08-06,2026-08-06 10:56:49,Bilashpur,7,NORMAL,DOWN,-40.0,1,0.5784355587362581,0.4468647136644985,0.1426354439232765,0.21909736745920658,0.20018342745944187,0.21909736745920658,0.21898639369886846
2026-08-06,2026-08-06 10:56:49,Vij/God,7,NORMAL,FLAT,-25.0,0,0.7413991157812314,0.4406649903401486,0.1486753510632522,0.21587897492007793,0.19776346493148506,0.21587897492007793,0.22180323416510694
2026-08-07,2026-08-07 11:21:14,Anand,7,NORMAL,FLAT,-5.0,1,1.1150079587748487,0.4598030516584267,0.14419306621065006,0.2154002534087439,0.1978308922971393,0.2154002534087439,0.2271755346747228
2026-08-07,2026-08-07 11:21:14,Namakkal,7,NORMAL,UP,20.0,1,0.3052457479714613,0.5582007767806233,0.14330228335063283,0.21406957323928572,0.20278645993125255,0.21406957323928572,0.2257721102395432
2026-08-07,2026-08-07 11:21:14,Bhopal,7,NORMAL,DOWN,-25.0,1,0.4499860980600745,0.45328460530444914,0.14938024676724435,0.21712727858847927,0.20022875278077776,0.2049333556932702,0.2283303661702286
2026-08-07,2026-08-07 11:21:14,Mysuru,7,NORMAL,DOWN,0.0,0,0.8698408689096403,0.459222329354367,0.15000847969757944,0.2092363152035223,0.19900902030694534,0.20959974090646738,0.23214644388548555
2026-08-07,2026-08-07 11:21:14,Nagpur,7,NORMAL,FLAT,-20.0,0,0.47887395270203803,0.45540813125177876,0.154325557948192,0.20665542540132673,0.20272168629079734,0.2070143683179559,0.22928296204172802
2026-08-07,2026-08-07 11:21:14,Barwala,7,NORMAL,UP,-20.0,0,0.8239917616346144,0.5590811753527994,0.14957059757895708,0.20028811741336167,0.20263782778659173,0.21296049313798043,0.234542964083109
2026-08-07,2026-08-07 11:21:14,Mumbai,7,NORMAL,DOWN,-30.0,1,0.4283913002871551,0.46612158251998237,0.14677331926907733,0.19654231699780011,0.20508210299029064,0.22144573327750972,0.23015652746532222
2026-08-07,2026-08-07 11:21:14,Vij/God,7,NORMAL,DOWN,-20.0,1,0.4481995799641163,0.47171120273223655,0.1475119435644719,0.18924485581611353,0.203655768144791,0.22560003160161357,0.23398740087301007
2026-08-07,2026-08-07 11:21:14,Siddipet,7,NORMAL,DOWN,-20.0,1,0.4348801575256164,0.47907716717570614,0.14295206603879018,0.18339493380956348,0.20354276132920898,0.23099106962309982,0.23911916919933757
2026-08-07,2026-08-07 11:21:14,Benglore,7,NORMAL,UP,-10.0,0,0.7830619297216531,0.5422491664267628,0.13853716912292494,0.17773100918016044,0.20343334754807677,0.23621070041369077,0.24408777373514717
2026-08-07,2026-08-07 11:21:14,Nasik,7,NORMAL,DOWN,-20.0,1,0.41710496781309264,0.4886543957650801,0.13594025418263844,0.17439939560660306,0.205868356260644,0.24427970844218533,0.23951228550792905
2026-08-07,2026-08-07 11:21:14,Surat,7,NORMAL,DOWN,-15.0,1,0.40511957489391837,0.4955611176163657,0.13169846439296612,0.16895755220225558,0.20568524395282745,0.24913870143691155,0.24452003801503935
2026-08-07,2026-08-07 11:21:14,Bilashpur,7,NORMAL,DOWN,-40.0,1,0.25752247489839764,0.5915600647644265,0.1275939717014152,0.16369184890500793,0.20550805857438262,0.25384041986805783,0.24936570095113625
2026-08-07,2026-08-07 11:21:14,Pune,7,NORMAL,DOWN,-15.0,1,0.39099988082534265,0.5042999469222184,0.1344003188200916,0.15664567301609136,0.20281122684636219,0.2552124421557564,0.2509303391616985
2026-08-07,2026-08-07 11:21:14,Gujrat Necc Selling rate,7,NORMAL,DOWN,-10.0,1,0.38036799740284194,0.5106198239953559,0.13027103698071216,0.15183293046844482,0.20272485541462026,0.25966085893350704,0.2555103182027157
2026-08-07,2026-08-07 11:21:14,Jabalpur,7,NORMAL,DOWN,-20.0,1,0.3702210866442769,0.5167411004673453,0.126271516819625,0.1471714271857512,0.20264119818413062,0.26396948529508424,0.2599463725154089
2026-08-07,2026-08-07 11:21:14,Metapally,7,NORMAL,DOWN,-15.0,1,0.36053414137938566,0.5226702848843213,0.12239750578238247,0.1426562067493105,0.20256016620499093,0.26814290245709876,0.2642432188062174
2026-08-07,2026-08-07 11:21:14,Davangere,7,NORMAL,DOWN,-20.0,1,0.3512835816499482,0.528413656347481,0.11864490122929078,0.13828248746841235,0.2024816736630383,0.2721855301351226,0.26840540750413594
2026-08-07,2026-08-07 11:21:14,Mahuva,7,NORMAL,DOWN,-5.0,0,1.1270338207175192,0.5339772735668936,0.11500974451983072,0.13404565548563577,0.20240563775611428,0.2761016329164589,0.2724373293219604
2026-08-07,2026-08-07 11:21:14,Navapur,7,NORMAL,DOWN,-20.0,1,0.3449963753570654,0.5315667970960554,0.11428775313605194,0.13320416323906425,0.20741265920194768,0.27436836239364193,0.27072706202929425
2026-08-07,2026-08-07 11:21:14,Raipur Td,7,NORMAL,DOWN,-40.0,1,0.32149008033094306,0.5371597421358852,0.11070543150749446,0.12902891136918848,0.20718031121490965,0.278306255302365,0.2747790906060425
2026-08-07,2026-08-07 11:21:14,Hospet,7,NORMAL,UP,-30.0,0,0.7079885631808178,0.5097801580857526,0.11279443589290893,0.12421232787297323,0.20566795751346476,0.2803603880783175,0.27696489064233576
2026-08-07,2026-08-07 11:21:14,Kolkata Sell,7,NORMAL,UP,-30.0,0,0.694949457651423,0.5029879618485671,0.1106650190092111,0.12186735556966524,0.20807811901285428,0.2876533640606213,0.27173614234764804
2026-08-07,2026-08-07 11:21:14,Wankaner,7,NORMAL,DOWN,-10.0,1,0.32644147777628313,0.5430062785593087,0.10855230681364983,0.11954077892730818,0.2104693734600296,0.29488912865782524,0.2665484121411872
2026-08-08,2026-08-08 10:47:50,Nasik,7,PANIC,DOWN,-15.0,1,0.24283444223784267,0.6057338912638602,0.16664585755275255,0.21707624526563424,0.18230572635601855,0.21707624526563424,0.2168959255599604
2026-08-08,2026-08-08 10:47:50,Surat,7,PANIC,DOWN,-10.0,1,0.23568712152421536,0.6114108140026794,0.1600882837306047,0.21977717659305784,0.18075341055128186,0.21977717659305784,0.21960395253199774
2026-08-08,2026-08-08 10:47:50,Siddipet,7,PANIC,DOWN,-10.0,1,0.22898585508883634,0.6168138277090133,0.1538471099694958,0.22234778916844963,0.1792759933033424,0.22234778916844963,0.2221813183902625
2026-08-08,2026-08-08 10:47:50,Anand,7,PANIC,DOWN,0.0,0,1.217598536589281,0.6219599582435985,0.14790266921672787,0.22479618345094143,0.17786881900670287,0.22479618345094143,0.22463614487468644
2026-08-08,2026-08-08 10:47:50,Vij/God,7,PANIC,DOWN,-20.0,1,0.22524598730107864,0.619289457616585,0.1470657885365317,0.22352421463585365,0.18252070058263264,0.22352421463585365,0.22336508160912838
2026-08-08,2026-08-08 10:47:50,Benglore,7,PANIC,DOWN,-10.0,1,0.21444979653586838,0.6244174019209792,0.14129620668838197,0.22596401187761753,0.18096464771021914,0.22596401187761753,0.22581112184616378
2026-08-08,2026-08-08 10:47:50,Mahuva,7,PANIC,DOWN,5.0,0,1.2201193241268606,0.6266521573230869,0.140576235051618,0.22702592953984554,0.1784921116296863,0.22702592953984554,0.2268797942390046
2026-08-08,2026-08-08 10:47:50,Davangere,7,PANIC,DOWN,-20.0,1,0.2192737684805925,0.6239537771882505,0.13978041756864737,0.2257407108558402,0.1831427578767091,0.2257407108558402,0.22559540284296328
2026-08-08,2026-08-08 10:47:50,Mysuru,7,PANIC,DOWN,0.0,0,1.0247034500799934,0.6289010761747682,0.13429405310054907,0.22809466640878173,0.1815615523640679,0.22809466640878173,0.2279550617178196
2026-08-08,2026-08-08 10:47:50,Jabalpur,7,PANIC,DOWN,-10.0,1,0.11750561516078564,0.7203593208074386,0.13847368901823812,0.22548778328741545,0.1852009702750876,0.22548778328741545,0.22534977413184334
2026-08-08,2026-08-08 10:47:50,Hospet,7,PANIC,DOWN,-30.0,1,0.22064132308989837,0.6230873101111992,0.14269053192452966,0.22532335822245006,0.18147045363090014,0.22532335822245006,0.22519229799967014
2026-08-08,2026-08-08 10:47:50,Barwala,7,PANIC,DOWN,2.0,0,1.3106146311937206,0.7240195965036529,0.137153207394082,0.22766692061377886,0.17997200499478172,0.22766692061377886,0.22754094638357866
2026-08-08,2026-08-08 10:47:50,Pune,7,PANIC,DOWN,-20.0,1,0.21735817931980775,0.6252959175001473,0.13637379738281175,0.22637314206836287,0.18463203475983492,0.22637314206836287,0.2262478837206276
2026-08-08,2026-08-08 10:47:50,Metapally,7,PANIC,DOWN,-10.0,1,0.211572282965594,0.6302085267700632,0.13100146980727131,0.22871083500125233,0.18298634909263842,0.22871083500125233,0.22859051109758563
2026-08-08,2026-08-08 10:47:50,Wankaner,7,PANIC,DOWN,5.0,0,1.2219186885775009,0.6348836889571605,0.12588880943518013,0.23093553739552122,0.1814202063403049,0.23093553739552122,0.23081990943347255
2026-08-08,2026-08-08 10:47:50,Mumbai,7,PANIC,DOWN,-20.0,1,0.20531605084094828,0.6321126062452087,0.1251693620472833,0.22961575393027756,0.18609834331670416,0.22961575393027756,0.22950078677545738
2026-08-08,2026-08-08 10:47:50,Navapur,7,PANIC,DOWN,-20.0,1,0.20685664136071413,0.6340430526398898,0.12516173872665343,0.2305332891518994,0.18334818607350417,0.2305332891518994,0.23042349689604366
2026-08-08,2026-08-08 10:47:50,Kolkata Sell,7,PANIC,DOWN,-20.0,1,0.2016699437263253,0.6385676075677543,0.1202780195996131,0.23268641111315166,0.18176825530359508,0.23268641111315166,0.23258090287048858
2026-08-08,2026-08-08 10:47:50,Bilashpur,7,PANIC,DOWN,-30.0,1,0.11470039044135824,0.7238155194338313,0.11562681010019692,0.23473702480715564,0.18026354366595543,0.23473702480715564,0.23463559661953648
2026-08-08,2026-08-08 10:47:50,Namakkal,7,PANIC,DOWN,-10.0,1,0.19881019451012744,0.6415988079970348,0.12082416076923498,0.2341268314011465,0.1768918278064295,0.2341268314011465,0.23403034862204247
2026-08-08,2026-08-08 10:47:50,Raipur Td,7,PANIC,DOWN,-10.0,1,0.11210090769439549,0.7270720993715193,0.11627820080621493,0.23606778841180234,0.1756112866121152,0.23606778841180234,0.23597493575806508
2026-08-08,2026-08-08 10:47:50,Bhopal,7,PANIC,DOWN,-30.0,1,0.1962977990677579,0.6442993027876739,0.12131071763603625,0.23541010104128182,0.17254742123871541,0.23541010104128182,0.2353216590426847
2026-08-08,2026-08-08 10:47:50,Gujrat Necc Selling rate,7,PANIC,DOWN,-5.0,0,1.2482298918813366,0.6481775554368487,0.11685971944536014,0.2372558063452002,0.1714580585019988,0.2372558063452002,0.2371706093622407
2026-08-08,2026-08-08 10:47:50,Nagpur,7,PANIC,DOWN,-20.0,1,0.19436158735792824,0.6455000388834684,0.11623164250808429,0.23598064582874972,0.1759111590869609,0.23598064582874972,0.23589590674745536
2026-08-09,2026-08-09 11:10:16,Nagpur,7,PANIC,DOWN,-10.0,1,0.11158398113701547,0.7277261026681235,0.11189181342875242,0.2378375884989116,0.17467699618839483,0.2378375884989116,0.23775601338502944
2026-08-09,2026-08-09 11:10:16,Pune,7,PANIC,DOWN,-35.0,1,0.19225439124989246,0.6478581540058317,0.11709462073732366,0.23710122086755028,0.17167944496863113,0.23710122086755028,0.23702349255894456
2026-08-09,2026-08-09 11:10:16,Jabalpur,7,PANIC,DOWN,-10.0,1,0.1093642407687309,0.7305594682573475,0.1128283865802684,0.23887239290280143,0.1706293310609322,0.23887239290280143,0.23879749655319654
2026-08-09,2026-08-09 11:10:16,Barwala,7,PANIC,DOWN,10.0,0,1.2728364025721919,0.7324787818469691,0.11786792562623405,0.23810535530169377,0.16788745450432976,0.23810535530169377,0.23803390926604873
2026-08-09,2026-08-09 11:10:16,Kolkata Sell,7,PANIC,DOWN,-20.0,1,0.18793264839948054,0.6473467554669309,0.11724920637042285,0.2368554786498887,0.17225542867681862,0.2368554786498887,0.23678440765298106
2026-08-09,2026-08-09 11:10:16,Surat,7,PANIC,DOWN,0.0,0,1.3323574565838898,0.7307938497481504,0.11757083609918197,0.23740092845007071,0.17029450035978516,0.23740092845007071,0.23733280664089149
2026-08-09,2026-08-09 11:10:16,Raipur Td,7,PANIC,DOWN,0.0,0,1.322419324839816,0.7277045922504168,0.11694547378329018,0.23613818677589268,0.17470772535654716,0.23613818677589268,0.23607042730837713
2026-08-09,2026-08-09 11:10:16,Metapally,7,PANIC,DOWN,-5.0,0,1.3123232204819106,0.7245540070820453,0.11630769682919925,0.2348503772640379,0.17920856131136367,0.2348503772640379,0.23478298733136116
2026-08-09,2026-08-09 11:10:16,Navapur,7,PANIC,DOWN,-15.0,1,0.1167033616047396,0.7213417548873363,0.11565743654070423,0.23353736120202143,0.18379749301809095,0.23353736120202143,0.23347034803716196
2026-08-09,2026-08-09 11:10:16,Wankaner,7,PANIC,DOWN,15.0,0,1.2623737978929213,0.7238509644395691,0.12091276126883135,0.23297934638218734,0.18021290794347292,0.23297934638218734,0.23291563802332116
2026-08-09,2026-08-09 11:10:16,Bilashpur,7,PANIC,DOWN,-5.0,0,1.2997962043727125,0.7206274895869023,0.12023356184342442,0.23167063887659456,0.18481787201871097,0.23167063887659456,0.2316072883846754
2026-08-09,2026-08-09 11:10:16,Bhopal,7,PANIC,DOWN,-30.0,1,0.20640669528171465,0.63366310408996,0.11954129838940479,0.2303367590995611,0.18951141005350938,0.2303367590995611,0.23027377335796356
2026-08-09,2026-08-09 11:10:16,Namakkal,7,PANIC,DOWN,-10.0,1,0.20113497912852796,0.6383040799298844,0.11477249075225239,0.2325459100407418,0.18765025220505574,0.2325459100407418,0.23248543696120835
2026-08-09,2026-08-09 11:10:16,Mumbai,7,PANIC,DOWN,-20.0,1,0.19311821116589342,0.642716267590662,0.11023877307325455,0.23464615551920817,0.1858808446543711,0.23464615551920817,0.23458807123395803
2026-08-09,2026-08-09 11:10:16,Hospet,7,PANIC,DOWN,-20.0,1,0.11634785268599064,0.7217786272485216,0.11089522516446033,0.23532896212921986,0.1831733896449692,0.23532896212921986,0.23527346093213083
2026-08-09,2026-08-09 11:10:16,Davangere,7,PANIC,DOWN,-10.0,1,0.11434889473220253,0.7242527774386374,0.11635557570210697,0.2346861046356252,0.17963888937337527,0.2346861046356252,0.23463332565326733
2026-08-09,2026-08-09 11:10:16,Nasik,7,PANIC,DOWN,-10.0,1,0.11250559894472459,0.7265615977882247,0.12145104989262472,0.23408620473099304,0.17634057458825037,0.23408620473099304,0.23403596605713883
2026-08-09,2026-08-09 11:10:16,Gujrat Necc Selling rate,7,PANIC,DOWN,15.0,0,1.2682418653750696,0.7287201552211093,0.12621489983442685,0.23352534758229293,0.17325692111270094,0.23352534758229293,0.23347748388828643
2026-08-09,2026-08-09 11:10:16,Vij/God,7,PANIC,DOWN,-20.0,1,0.1987996917867345,0.6377286197802376,0.12553511302036297,0.23226759233909752,0.17770971586501172,0.23226759233909752,0.23221998643643024
2026-08-09,2026-08-09 11:10:16,Mahuva,7,PANIC,DOWN,15.0,0,1.26636638509317,0.7271724549765994,0.12551235415410195,0.23302176852073217,0.1754679214620008,0.23302176852073217,0.232976187342433
2026-08-09,2026-08-09 11:10:16,Siddipet,7,PANIC,DOWN,-5.0,0,1.310636169863657,0.7240263355683769,0.1248281966722763,0.2317515860957737,0.17996237775946136,0.2317515860957737,0.23170625337671485
2026-08-09,2026-08-09 11:10:16,Benglore,7,PANIC,DOWN,0.0,0,1.3004045483629711,0.7208186188959678,0.12413064420326637,0.2304565350144664,0.18454483014861744,0.2304565350144664,0.23041145561918336
2026-08-09,2026-08-09 11:10:16,Mysuru,7,PANIC,DOWN,0.0,0,1.0310605224789857,0.6311552670903848,0.1234196325828948,0.22913649615188275,0.1892157001451268,0.22913649615188275,0.2290916749682129
2026-08-09,2026-08-09 11:10:16,Anand,7,PANIC,DOWN,20.0,0,1.2519612635947328,0.7150097098329062,0.12781519637836639,0.2264619433237188,0.19284327166727677,0.2264619433237188,0.22641764530691919
2026-08-10,2026-08-10 11:05:10,Hospet,7,PANIC,DOWN,-5.0,0,1.271325313210334,0.7116305718729516,0.1270507755650163,0.2251075486365964,0.19767061161006894,0.2251075486365964,0.22506351555172188
2026-08-10,2026-08-10 11:05:10,Pune,7,PANIC,DOWN,-35.0,1,0.22149366531615625,0.6197984202853609,0.12627222627154652,0.22372812122132615,0.20258717332079504,0.22372812122132615,0.2236843579650061
2026-08-10,2026-08-10 11:05:10,Namakkal,7,PANIC,DOWN,-10.0,1,0.2150615262001607,0.6253123173432096,0.12092473311168886,0.2263531687113347,0.2000576706837259,0.2263531687113347,0.22631125878191588
2026-08-10,2026-08-10 11:05:10,Jabalpur,7,PANIC,DOWN,-5.0,0,1.2713380285181386,0.7116346129297066,0.11586616838489582,0.2288363832273991,0.1976648386718475,0.2288363832273991,0.22879622648845838
2026-08-10,2026-08-10 11:05:10,Anand,7,PANIC,DOWN,25.0,0,1.2441495402966993,0.7081956393526385,0.1151567023328068,0.227435183484232,0.20257765806765915,0.227435183484232,0.22739527263106998
2026-08-10,2026-08-10 11:05:10,Davangere,7,PANIC,DOWN,-10.0,1,0.1308193634375506,0.7046941178298335,0.11443433253396491,0.22600849876319629,0.20757983167166652,0.22600849876319629,0.22596883826797598
2026-08-10,2026-08-10 11:05:10,Siddipet,7,PANIC,DOWN,-5.0,0,1.2612069612052808,0.7084082464479425,0.12036279875375513,0.2258002489065856,0.20227393364579635,0.2258002489065856,0.2257627697872773
2026-08-10,2026-08-10 11:05:10,Bilashpur,7,PANIC,DOWN,25.0,0,1.2404516327012098,0.7049121582757794,0.11960923008823454,0.22438655635369914,0.20726834532031543,0.22438655635369914,0.22434931188405188
2026-08-10,2026-08-10 11:05:10,Raipur Td,7,PANIC,DOWN,30.0,0,1.2364924899034182,0.7013534782696051,0.11884216998814327,0.2229475539100848,0.21235217390056402,0.2229475539100848,0.2229105482911231
2026-08-10,2026-08-10 11:05:10,Wankaner,7,PANIC,DOWN,20.0,0,1.2325157118160457,0.6977322054837362,0.1180616182496427,0.2214832411933418,0.2175254207375198,0.2214832411933418,0.22144647862615394
2026-08-10,2026-08-10 11:05:10,Surat,7,PANIC,DOWN,5.0,0,1.2166208769868798,0.694048398017602,0.11726758739584651,0.21999364169679392,0.2227880028319973,0.21999364169679392,0.21995712637856843
2026-08-10,2026-08-10 11:05:10,Mumbai,7,PANIC,DOWN,-10.0,1,0.14391613812023074,0.6903021749991803,0.1164601031043426,0.21847880359151886,0.2281397500011709,0.21847880359151886,0.2184425397114488
2026-08-10,2026-08-10 11:05:10,Mahuva,7,PANIC,DOWN,25.0,0,1.2297895039880216,0.6952216719547321,0.12281137413811663,0.21870360493357568,0.22111189720752558,0.21870360493357568,0.21866951878720636
2026-08-10,2026-08-10 11:05:10,Nasik,7,PANIC,DOWN,-40.0,1,0.23712381647573136,0.6061161524349882,0.12197234387077906,0.21720945225103389,0.22643315265066621,0.21720945225103389,0.2171755989764869
2026-08-10,2026-08-10 11:05:10,Gujrat Necc Selling rate,7,PANIC,DOWN,15.0,0,1.2298569788405278,0.6952840902092906,0.12213383845220879,0.21895849360763386,0.22102272827244193,0.21895849360763386,0.21892644606008152
2026-08-10,2026-08-10 11:05:10,Bhopal,7,PANIC,DOWN,-10.0,1,0.14273700486132818,0.691561566080767,0.12130005993434842,0.21746371631587985,0.22634061988461843,0.21746371631587985,0.21743188754927337
2026-08-10,2026-08-10 11:05:10,Mysuru,7,PANIC,DOWN,0.0,0,0.964674956126651,0.6072481059433771,0.12731178934091636,0.21774717090345483,0.21947663073997337,0.21774717090345483,0.2177172381122005
2026-08-10,2026-08-10 11:05:10,Metapally,7,PANIC,DOWN,-5.0,0,1.2156191089638932,0.6937226772262847,0.13232929256483383,0.214815639664313,0.22325331824816483,0.214815639664313,0.2147861098583754
2026-08-10,2026-08-10 11:05:10,Navapur,7,PANIC,DOWN,-10.0,1,0.14422311253554626,0.6899754134823909,0.13141729683419237,0.21333515909609052,0.228606552168013,0.21333515909609052,0.21330583280561363
2026-08-10,2026-08-10 11:05:10,Barwala,7,PANIC,DOWN,10.0,0,1.229462106289682,0.6949186046660013,0.1368748472666524,0.21386928866009883,0.22154485047714076,0.21386928866009883,0.2138417249360091
2026-08-10,2026-08-10 11:05:10,Kolkata Sell,7,PANIC,DOWN,0.0,0,1.2078526559276326,0.6911927485716739,0.13593897174417652,0.21240696715791385,0.22686750204046593,0.21240696715791385,0.21237959189952982
2026-08-10,2026-08-10 11:05:10,Nagpur,7,PANIC,DOWN,-10.0,1,0.14665312418661874,0.6874046252695365,0.134987455693949,0.21092020706375003,0.23227910675780505,0.21092020706375003,0.210893023420746
2026-08-10,2026-08-10 11:05:10,Benglore,7,PANIC,DOWN,20.0,0,1.2269450533987827,0.6925771415861066,0.14030738067946094,0.21160944915404328,0.22488979773413348,0.21160944915404328,0.2115839232783191
2026-08-11,2026-08-11 11:11:53,Nasik,7,PANIC,DOWN,-70.0,1,0.1453183847051236,0.6888132257035509,0.13933405331621188,0.21014149168675772,0.23026682042349875,0.21014149168675772,0.21011614288677388
2026-08-11,2026-08-11 11:11:53,Navapur,7,PANIC,DOWN,-25.0,1,0.2532028776353197,0.5928146231064391,0.14434651639740628,0.21087204487187558,0.22306116487910937,0.21087204487187558,0.21084822897973313
2026-08-11,2026-08-11 11:11:53,Siddipet,7,PANIC,DOWN,-5.0,0,1.2240312881549675,0.6964535916550546,0.13767099945025146,0.21433323437319377,0.2193520119213506,0.21433323437319377,0.21431051988201041
2026-08-11,2026-08-11 11:11:53,Raipur Td,7,PANIC,DOWN,25.0,0,1.1429449196911392,0.5970391230086043,0.13673966997358233,0.2128832931379395,0.22463301144269718,0.2128832931379395,0.21286073230784144
2026-08-11,2026-08-11 11:11:53,Pune,7,PANIC,DOWN,-40.0,1,0.2570096600317642,0.5908894943048302,0.1417368078917103,0.20995479506550158,0.2284210573871039,0.20995479506550158,0.2099325445901828
2026-08-11,2026-08-11 11:11:53,Surat,7,PANIC,DOWN,5.0,0,1.216446021938847,0.6939915545501287,0.14083834250590982,0.21210450191125893,0.22286920778553046,0.21210450191125893,0.21208344588604205
2026-08-11,2026-08-11 11:11:53,Kolkata Sell,7,PANIC,DOWN,0.0,0,1.2049779590076148,0.69025419273847,0.13987074689069073,0.21064728946210684,0.22820829608790008,0.21064728946210684,0.21062637809719562
2026-08-11,2026-08-11 11:11:53,Wankaner,7,PANIC,DOWN,10.0,0,0.9406197586272391,0.5892336922143464,0.13888704616104827,0.2091658224867212,0.23363625067559993,0.2091658224867212,0.2091450581899095
2026-08-11,2026-08-11 11:11:53,Bhopal,7,PANIC,DOWN,-5.0,0,1.1888556387800275,0.6849689594911188,0.15012256232912977,0.2047130435444266,0.2357586292984016,0.2047130435444266,0.20469272128361532
2026-08-11,2026-08-11 11:11:53,Bilashpur,7,PANIC,DOWN,25.0,0,1.2149078104558375,0.6810837855623015,0.14903230792288685,0.20322632966027113,0.24130887776814072,0.20322632966027113,0.20320615498843017
2026-08-11,2026-08-11 11:11:53,Davangere,7,PANIC,DOWN,0.0,0,1.1651704017227043,0.677137089140904,0.14792478912389148,0.20171607336962816,0.24694701551299442,0.20171607336962816,0.20169604862385784
2026-08-11,2026-08-11 11:11:53,Gujrat Necc Selling rate,7,PANIC,DOWN,5.0,0,1.0667504680143558,0.5703691884185986,0.14680011850024832,0.20018242817480242,0.25267246947318234,0.20018242817480242,0.20016255567696462
2026-08-11,2026-08-11 11:11:53,Hospet,7,PANIC,DOWN,-15.0,1,0.1647597446354891,0.6690608034752306,0.14565842828795397,0.19862557439801135,0.2584845664639563,0.19862557439801135,0.19860585645206702
2026-08-11,2026-08-11 11:11:53,Jabalpur,7,PANIC,DOWN,-5.0,0,1.1617635912700095,0.6760038586019413,0.150811388071296,0.20021369550606713,0.2485659162829408,0.20021369550606713,0.20019530463362892
2026-08-11,2026-08-11 11:11:53,Barwala,7,PANIC,DOWN,-15.0,1,0.2838931066336111,0.5672193870370318,0.1496576216304021,0.1986819819807394,0.2543146826024096,0.1986819819807394,0.19866373180570945
2026-08-11,2026-08-11 11:11:53,Mahuva,7,PANIC,DOWN,15.0,0,0.9265142989701205,0.5767825532464766,0.14182746564743856,0.20323555236603744,0.24848317257188066,0.20323555236603744,0.20321825704860605
2026-08-11,2026-08-11 11:11:53,Metapally,7,PANIC,DOWN,-5.0,0,1.1579095304350888,0.6747197911336904,0.15368581415955881,0.1986435973342305,0.2504002983804421,0.1986435973342305,0.198626692791538
2026-08-11,2026-08-11 11:11:53,Mumbai,7,PANIC,DOWN,-10.0,1,0.163110301902746,0.6706770734845696,0.15250173769852046,0.19711314243163786,0.2561756093077577,0.19711314243163786,0.19709636813044615
2026-08-11,2026-08-11 11:11:53,Vij/God,7,PANIC,DOWN,-7.0,1,0.15631025453473968,0.6774517677959104,0.1571532151522288,0.19878832181868816,0.2464974745772707,0.19878832181868816,0.19877266663312404
2026-08-11,2026-08-11 11:11:53,Benglore,7,PANIC,DOWN,20.0,0,1.2174467814706302,0.6835505574066999,0.16134061919819573,0.20029637017813204,0.23778491799042872,0.20029637017813204,0.20028172245511153
2026-08-11,2026-08-11 11:11:53,Anand,7,PANIC,DOWN,10.0,0,0.8955942406341132,0.5675342660496558,0.16015999820786606,0.1988306878217959,0.24336247886405407,0.1988306878217959,0.1988161472844881
2026-08-11,2026-08-11 11:11:53,Nagpur,7,PANIC,DOWN,-5.0,0,1.1685285853359904,0.6782524760450477,0.17136939485907043,0.19443040607820497,0.24535360564993164,0.19443040607820497,0.19441618733458788
2026-08-11,2026-08-11 11:11:53,Namakkal,7,PANIC,DOWN,-10.0,1,0.3072359953607779,0.5552122261615604,0.17007595275707452,0.19296290674241912,0.2510494384406964,0.19296290674241912,0.1929487953173909
2026-08-11,2026-08-11 11:11:53,Mysuru,7,PANIC,DOWN,0.0,0,0.8458790396591751,0.5622319199707337,0.16743445290803155,0.19630534243183673,0.2436628042766344,0.19630534243183673,0.1962920579516605
2026-08-12,2026-08-12 11:02:56,Barwala,7,CAPITULATION,DOWN,-1.0,0,1.745,0.8500000000000001,0.17199231316378885,0.21618582203380385,0.17945022073479971,0.21618582203380385,0.21618582203380385
2026-08-12,2026-08-12 11:02:56,Navapur,7,CONFLICTED,DOWN,-5.0,0,1.7449999999999999,0.85,0.17974076044942564,0.21350615970038292,0.17974076044942564,0.21350615970038292,0.21350615970038292
2026-08-12,2026-08-12 11:02:56,Davangere,7,CONFLICTED,DOWN,0.0,0,1.7449999999999997,0.8499999999999999,0.1797407604494256,0.21350615970038286,0.1797407604494256,0.21350615970038286,0.21350615970038286
2026-08-12,2026-08-12 11:02:56,Bilashpur,7,CONFLICTED,DOWN,20.0,0,1.4449999999999998,0.85,0.1797407604494256,0.21350615970038292,0.1797407604494256,0.21350615970038292,0.21350615970038292
2026-08-12,2026-08-12 11:02:56,Kolkata Sell,7,CONFLICTED,DOWN,10.0,0,1.4449999999999998,0.85,0.1797407604494256,0.21350615970038292,0.1797407604494256,0.21350615970038292,0.21350615970038292
2026-08-12,2026-08-12 11:02:56,Benglore,7,CONFLICTED,DOWN,20.0,0,1.4449999999999998,0.85,0.1797407604494256,0.21350615970038295,0.1797407604494256,0.21350615970038295,0.21350615970038295
2026-08-12,2026-08-12 11:02:56,Jabalpur,7,CONFLICTED,DOWN,-5.0,0,1.7449999999999999,0.85,0.1797407604494256,0.21350615970038292,0.1797407604494256,0.21350615970038292,0.21350615970038292
2026-08-12,2026-08-12 11:02:56,Nagpur,7,CONFLICTED,DOWN,-15.0,1,0.045000000000000005,0.85,0.1797407604494256,0.21350615970038295,0.1797407604494256,0.21350615970038295,0.21350615970038295
2026-08-12,2026-08-12 11:02:56,Hospet,7,CONFLICTED,DOWN,-25.0,1,0.045000000000000005,0.85,0.18065364792998678,0.21289756804667548,0.18065364792998678,0.21289756804667548,0.21289756804667548
2026-08-12,2026-08-12 11:02:56,Pune,7,CONFLICTED,DOWN,-25.0,1,0.045000000000000005,0.85,0.18151246635763893,0.2123250224282407,0.18151246635763893,0.2123250224282407,0.2123250224282407
2026-08-12,2026-08-12 11:02:56,Gujrat Necc Selling rate,7,CONFLICTED,DOWN,15.0,0,1.4449999999999998,0.85,0.18232151668207724,0.21178565554528184,0.18232151668207724,0.21178565554528184,0.21178565554528184
2026-08-12,2026-08-12 11:02:56,Surat,7,CAPITULATION,DOWN,5.0,0,1.7449999999999999,0.85,0.17199231316378882,0.21618582203380385,0.1794502207347997,0.21618582203380385,0.21618582203380385
2026-08-12,2026-08-12 11:02:56,Raipur Td,7,CONFLICTED,DOWN,25.0,0,1.4449999999999998,0.85,0.18232151668207724,0.21178565554528184,0.18232151668207724,0.21178565554528184,0.21178565554528184
2026-08-12,2026-08-12 11:02:56,Anand,7,CONFLICTED,DOWN,25.0,0,1.445,0.8500000000000001,0.1823215166820773,0.21178565554528186,0.1823215166820773,0.21178565554528186,0.21178565554528186
2026-08-12,2026-08-12 11:02:56,Mahuva,7,CONFLICTED,DOWN,25.0,0,1.4449999999999998,0.85,0.18232151668207727,0.2117856555452818,0.18232151668207727,0.2117856555452818,0.2117856555452818
2026-08-12,2026-08-12 11:02:56,Mysuru,7,CAPITULATION,DOWN,0.0,0,1.3285296375774693,0.7296053807853479,0.17199231316378885,0.21618582203380385,0.17945022073479971,0.21618582203380385,0.21618582203380385
2026-08-12,2026-08-12 11:02:56,Wankaner,7,CONFLICTED,DOWN,20.0,0,1.4449999999999998,0.85,0.18232151668207727,0.21178565554528184,0.18232151668207727,0.21178565554528184,0.21178565554528184
2026-08-12,2026-08-12 11:02:56,Mumbai,7,CONFLICTED,DOWN,-10.0,1,0.045000000000000005,0.85,0.18232151668207727,0.21178565554528184,0.18232151668207727,0.21178565554528184,0.21178565554528184
2026-08-12,2026-08-12 11:02:56,Bhopal,7,CONFLICTED,DOWN,0.0,0,1.7449999999999997,0.8499999999999999,0.18320393342708777,0.21119737771527478,0.18320393342708777,0.21119737771527478,0.21119737771527478
2026-08-12,2026-08-12 11:02:56,Metapally,7,CONFLICTED,DOWN,-10.0,1,0.045000000000000005,0.85,0.1832039334270878,0.2111973777152748,0.1832039334270878,0.2111973777152748,0.2111973777152748
2026-08-12,2026-08-12 11:02:56,Namakkal,7,CAPITULATION,DOWN,-10.0,1,0.11199087691035764,0.7272111265637553,0.17541267633749244,0.21529279406302906,0.17870894147342042,0.21529279406302906,0.21529279406302906
2026-08-12,2026-08-12 11:02:56,Nasik,7,CONFLICTED,DOWN,-60.0,1,0.045000000000000005,0.85,0.1840500766300145,0.21063328224665703,0.1840500766300145,0.21063328224665703,0.21063328224665703
2026-08-12,2026-08-12 11:02:56,Siddipet,7,CONFLICTED,DOWN,0.0,0,1.7449999999999999,0.85,0.1848375466458188,0.2101083022361208,0.1848375466458188,0.2101083022361208,0.2101083022361208
2026-08-12,2026-08-12 11:02:56,Vij/God,7,CONFLICTED,DOWN,3.0,0,1.7449999999999999,0.85,0.18483754664581883,0.2101083022361208,0.18483754664581883,0.2101083022361208,0.2101083022361208
2026-08-13,2026-08-13 11:17:21,Mahuva,7,CONFLICTED,DOWN,15.0,0,0.6990997590740796,0.5912274346958536,0.18483754664581886,0.2101083022361208,0.18483754664581886,0.2101083022361208,0.2101083022361208
2026-08-13,2026-08-13 11:17:21,Nagpur,7,CONFLICTED,DOWN,-10.0,1,0.16137886117366917,0.7159411494305544,0.1915126436706364,0.20565823755290907,0.1915126436706364,0.20565823755290907,0.20565823755290907
2026-08-13,2026-08-13 11:17:21,Gujrat Necc Selling rate,7,CAPITULATION,DOWN,20.0,0,0.9017179282045814,0.6026520119073376,0.17303913999708792,0.2155485770987322,0.18031512870671554,0.2155485770987322,0.2155485770987322
2026-08-13,2026-08-13 11:17:21,Pune,7,CONFLICTED,DOWN,-25.0,1,0.15506823146984985,0.7215505149314783,0.19395990438815397,0.20751361040941452,0.1834992643836026,0.20751361040941452,0.20751361040941452
2026-08-13,2026-08-13 11:17:21,Wankaner,7,CONFLICTED,DOWN,10.0,0,0.6949453775238077,0.5894681405825967,0.1962773213033136,0.20927054313456983,0.1759110492929769,0.20927054313456983,0.20927054313456983
2026-08-13,2026-08-13 11:17:21,Mumbai,7,CONFLICTED,DOWN,-5.0,0,1.5986811820430815,0.7221274206880837,0.202616320628772,0.2049028553561635,0.18267511330273747,0.2049028553561635,0.2049028553561635
2026-08-13,2026-08-13 11:17:21,Benglore,7,CONFLICTED,DOWN,0.0,0,1.5128948940268996,0.5802959962479434,0.202616320628772,0.20490285535616354,0.18267511330273747,0.20490285535616354,0.20490285535616354
2026-08-13,2026-08-13 11:17:21,Anand,7,CONFLICTED,DOWN,15.0,0,0.6734868865227862,0.5802959962479434,0.20261632062877197,0.2049028553561635,0.18267511330273747,0.2049028553561635,0.2049028553561635
2026-08-13,2026-08-13 11:17:21,Surat,7,CAPITULATION,DOWN,5.0,0,1.205008078002953,0.5969821622415638,0.17504696047419888,0.2128486486864589,0.18640709346642453,0.2128486486864589,0.2128486486864589
2026-08-13,2026-08-13 11:17:21,Davangere,7,CONFLICTED,DOWN,-30.0,1,0.15999537752242354,0.7171613732864414,0.20926485345582052,0.20032189327017477,0.1897694667336552,0.20032189327017477,0.20032189327017477
2026-08-13,2026-08-13 11:17:21,Raipur Td,7,CAPITULATION,DOWN,25.0,0,0.8882379850574977,0.5950664118624508,0.17858268120698242,0.21193638660116704,0.1856081589895166,0.21193638660116704,0.21193638660116704
2026-08-13,2026-08-13 11:17:21,Nasik,7,CONFLICTED,DOWN,0.0,0,1.599471315484116,0.7230149271731784,0.21105985376017206,0.2025109664481228,0.1814072468954594,0.2025109664481228,0.2025109664481228
2026-08-13,2026-08-13 11:17:21,Siddipet,7,CONFLICTED,DOWN,0.0,0,1.599471315484116,0.7230149271731784,0.21105985376017206,0.20251096644812283,0.1814072468954594,0.20251096644812283,0.20251096644812283
2026-08-13,2026-08-13 11:17:21,Vij/God,7,CONFLICTED,DOWN,3.0,0,1.5994713154841158,0.7230149271731783,0.21105985376017206,0.20251096644812283,0.18140724689545942,0.20251096644812283,0.20251096644812283
2026-08-13,2026-08-13 11:17:21,Bhopal,7,CONFLICTED,DOWN,0.0,0,1.5994713154841158,0.7230149271731783,0.21105985376017206,0.2025109664481228,0.18140724689545942,0.2025109664481228,0.2025109664481228
2026-08-13,2026-08-13 11:17:21,Metapally,7,CONFLICTED,DOWN,-10.0,1,0.15344146113775933,0.7230149271731784,0.2110598537601721,0.20251096644812286,0.18140724689545945,0.20251096644812286,0.20251096644812286
2026-08-13,2026-08-13 11:17:21,Navapur,7,CAPITULATION,DOWN,-5.0,0,1.5930262279925809,0.7156689917356931,0.1806071530399829,0.20916380219414524,0.19190144037758136,0.20916380219414524,0.20916380219414524
2026-08-13,2026-08-13 11:17:21,Namakkal,7,CAPITULATION,DOWN,-10.0,1,0.26554790886886454,0.589243984607705,0.1806071530399829,0.2091638021941452,0.19190144037758136,0.2091638021941452,0.2091638021941452
2026-08-13,2026-08-13 11:17:21,Hospet,7,CONFLICTED,DOWN,-20.0,1,0.14665119738339252,0.7292130012506208,0.2129605016521495,0.20482888099719823,0.17255285535625592,0.20482888099719823,0.20482888099719823
2026-08-13,2026-08-13 11:17:21,Kolkata Sell,7,CONFLICTED,DOWN,10.0,0,1.0804491349773622,0.7349997057745541,0.21473500250797792,0.20699295429474743,0.16428613460777985,0.20699295429474743,0.20699295429474743
2026-08-13,2026-08-13 11:17:21,Barwala,7,CAPITULATION,DOWN,0.0,0,1.5177832488636935,0.5942954104495378,0.17942093691922562,0.2115692430712085,0.18587133386714896,0.2115692430712085,0.2115692430712085
2026-08-13,2026-08-13 11:17:21,Bilashpur,7,CAPITULATION,DOWN,20.0,0,0.8872027600051549,0.5942954104495378,0.17942093691922562,0.2115692430712085,0.185871333867149,0.2115692430712085,0.2115692430712085
2026-08-13,2026-08-13 11:17:21,Jabalpur,7,CAPITULATION,DOWN,-5.0,0,1.1888475798485865,0.588026004536602,0.1815927785936116,0.20858381168409618,0.19265578635409988,0.20858381168409618,0.20858381168409618
2026-08-13,2026-08-13 11:17:21,Mysuru,7,CAPITULATION,DOWN,0.0,0,1.181177116924536,0.5859122204819536,0.18554216999252654,0.2075772478485493,0.1917260864618255,0.2075772478485493,0.2075772478485493
2026-08-14,2026-08-14 10:46:30,Surat,7,PANIC,DOWN,5.0,0,1.1869506512973316,0.5560984633824138,0.172382581005449,0.19338458293328442,0.2474767570196743,0.19338458293328442,0.19337149610830787
2026-08-14,2026-08-14 10:46:30,Raipur Td,7,PANIC,DOWN,25.0,0,0.919597879523302,0.6780847585380835,0.17868160839487227,0.19191272557911124,0.24559320208845214,0.19191272557911124,0.19189973835845314
2026-08-14,2026-08-14 10:46:30,Siddipet,7,PANIC,DOWN,0.0,0,1.5577494446527647,0.6699256376371214,0.1759209060225712,0.1889475971501676,0.2572490890898265,0.1889475971501676,0.1889348105872672
2026-08-14,2026-08-14 10:46:30,Bilashpur,7,PANIC,DOWN,20.0,0,0.7629344266020741,0.5467810034213216,0.17592090602257118,0.18894759715016757,0.25724908908982647,0.18894759715016757,0.18893481058726713
2026-08-14,2026-08-14 10:46:30,Bhopal,7,PANIC,DOWN,0.0,0,1.5531615982555749,0.6630361896260687,0.17970497390564164,0.18440544920051583,0.2670911576770447,0.18440544920051583,0.18439297001628197
2026-08-14,2026-08-14 10:46:30,Benglore,7,PANIC,FLAT,-30.0,0,0.42828862279803637,0.5372427078921196,0.17970497390564166,0.18440544920051583,0.2670911576770447,0.18440544920051583,0.184392970016282
2026-08-14,2026-08-14 10:46:30,Hospet,7,PANIC,DOWN,-30.0,1,0.21500365782145303,0.672125284734052,0.1709687612881342,0.19164545837879804,0.25410673609421164,0.19164545837879804,0.19163358586005813
2026-08-14,2026-08-14 10:46:30,Davangere,7,PANIC,DOWN,-40.0,1,0.3089753300724857,0.5601236098589293,0.17591911532584442,0.19530066669188595,0.23819001344711369,0.19530066669188595,0.1952895378432699
2026-08-14,2026-08-14 10:46:30,Mumbai,7,PANIC,DOWN,-10.0,1,0.1895012458071883,0.6921841087539596,0.1741509140777924,0.20013611545852117,0.22545127320862907,0.20013611545852117,0.20012558179653628
2026-08-14,2026-08-14 10:46:30,Nasik,7,PANIC,DOWN,10.0,0,0.9843137541765101,0.7015389348341652,0.17864700760514568,0.20309188856784477,0.2120872359511927,0.20309188856784477,0.2030819793079722
2026-08-14,2026-08-14 10:46:30,Anand,7,PANIC,DOWN,10.0,0,0.6499560068000242,0.5700684199287066,0.17595879118433463,0.20003583430138705,0.22394346606037036,0.20003583430138705,0.20002607415252094
2026-08-14,2026-08-14 10:46:30,Metapally,7,PANIC,DOWN,-10.0,1,0.19540685194957103,0.6874245275540873,0.18570997498436267,0.19401627217842757,0.2322506749227324,0.19401627217842757,0.19400680573604978
2026-08-14,2026-08-14 10:46:30,Mysuru,7,PANIC,DOWN,0.0,0,1.162623773427303,0.5642962921798725,0.18946588808563586,0.19728691979027735,0.21868226594311763,0.19728691979027735,0.19727800639069182
2026-08-14,2026-08-14 10:46:30,Vij/God,7,PANIC,DOWN,5.0,0,1.5784604801346227,0.6980662517121768,0.1955224221433165,0.19581273760438192,0.21704821183974737,0.19581273760438192,0.19580389080817237
2026-08-14,2026-08-14 10:46:30,Navapur,7,PANIC,DOWN,0.0,0,1.5784604801346225,0.6980662517121767,0.19552242214331644,0.19581273760438192,0.21704821183974735,0.19581273760438192,0.19580389080817232
2026-08-14,2026-08-14 10:46:30,Wankaner,7,PANIC,DOWN,15.0,0,0.8209747746767708,0.5612005562118555,0.19552242214331647,0.19581273760438195,0.2170482118397474,0.19581273760438195,0.19580389080817234
2026-08-14,2026-08-14 10:46:30,Barwala,7,PANIC,DOWN,5.0,0,1.5725966455334417,0.6905211871858896,0.1988261509769923,0.19111853609567395,0.22782687544872926,0.19111853609567395,0.19110990138293055
2026-08-14,2026-08-14 10:46:30,Jabalpur,7,PANIC,DOWN,0.0,0,1.1407700979690043,0.5513428815019948,0.1988261509769923,0.19111853609567395,0.22782687544872926,0.19111853609567395,0.19110990138293055
2026-08-14,2026-08-14 10:46:30,Namakkal,7,PANIC,DOWN,-50.0,1,0.31999264487482215,0.5479630209278492,0.20557313972440833,0.1895090544406841,0.2259082589500929,0.1895090544406841,0.18950049244413056
2026-08-14,2026-08-14 10:46:30,Gujrat Necc Selling rate,7,PANIC,DOWN,15.0,0,0.6261654148745879,0.5595379410167768,0.20198007148823763,0.1950207576409733,0.2129657270592242,0.1950207576409733,0.1950126861705916
2026-08-14,2026-08-14 10:46:30,Pune,7,PANIC,DOWN,-30.0,1,0.1868265491637852,0.6943641470934855,0.21170994107332455,0.18865364471766213,0.22233693272359223,0.18865364471766213,0.18864583676775895
2026-08-14,2026-08-14 10:46:30,Nagpur,7,PANIC,DOWN,-15.0,1,0.1750187186141277,0.7041801911516676,0.21412491743253406,0.192522795141646,0.2083140126404747,0.192522795141646,0.19251547964369922
2026-08-14,2026-08-14 10:46:30,Kolkata Sell,7,PANIC,DOWN,10.0,0,1.016973930461382,0.7130827197672729,0.21631514763285106,0.1960318688747539,0.19559611461818155,0.1960318688747539,0.1960249999994596
2026-08-14,2026-08-14 10:46:30,Mahuva,7,PANIC,DOWN,10.0,0,0.6166828202994221,0.5552849810229978,0.21296416892782807,0.19299510226227376,0.20805728675360366,0.19299510226227376,0.19298833979402072
2026-08-16,2026-08-16 10:44:37,Siddipet,7,NORMAL,DOWN,-10.0,1,0.5123549650806148,0.42057170541490135,0.10510461238867469,0.11574408322214567,0.21013685910293636,0.2982275207728155,0.2707869245134277
2026-08-16,2026-08-16 10:44:37,Wankaner,7,NORMAL,DOWN,-5.0,0,0.652831987577187,0.42798529017636283,0.10113101741310787,0.12397028311318241,0.20849342087195827,0.29325371860584415,0.27315155999590734
2026-08-16,2026-08-16 10:44:37,Barwala,7,NORMAL,UP,-9.0,0,0.8777105454977449,0.40863763951070986,0.09983399557975903,0.12238034396298661,0.21223204041090196,0.29590527346795464,0.26964834657839787
2026-08-16,2026-08-16 10:44:37,Anand,7,NORMAL,DOWN,5.0,0,0.6446659800866631,0.4263672022856193,0.0972620337543117,0.13210872690734968,0.21320503312469744,0.29472264414153465,0.2627015620721065
2026-08-16,2026-08-16 10:44:37,Namakkal,7,NORMAL,DOWN,-50.0,1,0.4123106491820282,0.48993641316353065,0.09598736191503011,0.13037737020615717,0.21696363711242703,0.29741291551110055,0.25925871525528515
2026-08-16,2026-08-16 10:44:37,Bhopal,7,NORMAL,DOWN,0.0,0,0.5371684350853532,0.4267063060622983,0.10388398003181856,0.13651072547721477,0.212248428465023,0.28857286855701786,0.2587839974689258
2026-08-16,2026-08-16 10:44:37,Nagpur,7,NORMAL,DOWN,-15.0,1,0.5411208059466338,0.4286719199769994,0.10834369222337378,0.13385742295999753,0.21460190568639878,0.28944285920022667,0.25375411993000335
2026-08-16,2026-08-16 10:44:37,Mysuru,7,NORMAL,DOWN,0.0,0,0.5379093757835546,0.4270753806867822,0.10988528092254228,0.14064030960895343,0.21139733142415768,0.2828954152436112,0.25518166280073545
2026-08-16,2026-08-16 10:44:37,Mumbai,7,NORMAL,DOWN,-20.0,1,0.5086319434917281,0.4217131889864705,0.1142096322565297,0.13791852213348327,0.2137571376826058,0.2838715315087637,0.2502431764186174
2026-08-16,2026-08-16 10:44:37,Nasik,7,NORMAL,DOWN,-30.0,1,0.4955795825158352,0.42919386636910056,0.1098272256276958,0.14541690162262302,0.211950200839734,0.2793741930052837,0.2534314789046635
2026-08-16,2026-08-16 10:44:37,Metapally,7,NORMAL,DOWN,-10.0,1,0.4832903402071352,0.4363277759154498,0.10564796606518402,0.15256769269188256,0.21022702480450697,0.2750853292510952,0.2564719871873314
2026-08-16,2026-08-16 10:44:37,Vij/God,7,NORMAL,DOWN,0.0,0,0.6865724629018926,0.44313539650695066,0.10165985642205819,0.1593914226834584,0.20858266295999825,0.27099262846515676,0.2593734294693283
2026-08-16,2026-08-16 10:44:37,Mahuva,7,NORMAL,DOWN,0.0,0,0.6766809030896115,0.4393814878104114,0.10035799447137206,0.15735024698480474,0.21231457008848742,0.2739253099966956,0.2560518784586402
2026-08-16,2026-08-16 10:44:37,Benglore,7,NORMAL,DOWN,-30.0,1,0.48570532092151725,0.43561081922444467,0.09905032016239293,0.15529995815054307,0.2160631388770975,0.2768710849255885,0.2527154978843779
2026-08-16,2026-08-16 10:44:37,Kolkata Sell,7,NORMAL,UP,0.0,0,0.660701333908096,0.39573624441749855,0.09521329427223153,0.16219664125837374,0.21414961106170713,0.2726019699406355,0.2558384834670521
2026-08-16,2026-08-16 10:44:37,Jabalpur,7,NORMAL,DOWN,0.0,0,0.5616904367379754,0.438780321118849,0.0939624586836137,0.1600658323961136,0.21790488328747382,0.27558934214484243,0.25247748348795646
2026-08-16,2026-08-16 10:44:37,Hospet,7,NORMAL,DOWN,-40.0,1,0.39137040473578943,0.5021404460486972,0.09872851414208336,0.1568788004093594,0.22020315117494674,0.2767390687554857,0.24745046551812483
2026-08-16,2026-08-16 10:44:37,Pune,7,NORMAL,DOWN,-30.0,1,0.511002799097375,0.4365059882161425,0.1065790170281334,0.16171149073425914,0.21526241426857445,0.26886429982308846,0.24758277814594445
2026-08-16,2026-08-16 10:44:37,Davangere,7,NORMAL,DOWN,-40.0,1,0.5011368862922885,0.4415815030988737,0.10820139484938265,0.1672569642048771,0.2120244105460805,0.2632291901775745,0.2492880402220853
2026-08-16,2026-08-16 10:44:37,Bilashpur,7,NORMAL,DOWN,20.0,0,1.0846624736065804,0.4463597004494497,0.10972873573720113,0.17247759053682837,0.20897608517112837,0.25792417844959936,0.2508934101052427
2026-08-16,2026-08-16 10:44:37,Raipur Td,7,NORMAL,UP,-5.0,0,0.6832833396767292,0.40207064774197365,0.11399961778454458,0.16918324215172376,0.21135132764978387,0.25936450485281576,0.2461013075611321
2026-08-16,2026-08-16 10:44:37,Surat,7,NORMAL,DOWN,0.0,0,0.6863980532368612,0.43693254864252684,0.11252250637651577,0.16699110763508074,0.2150913949862086,0.2624824577193802,0.2429125332828148
2026-08-16,2026-08-16 10:44:37,Navapur,7,NORMAL,DOWN,15.0,0,1.0984999707824568,0.5108777351309901,0.11103925533020449,0.16478986147464053,0.21884700797509582,0.26561337040920396,0.23971050481085526
2026-08-16,2026-08-16 10:44:37,Gujrat Necc Selling rate,7,NORMAL,DOWN,10.0,0,0.9006693009701667,0.4293539750847033,0.1095505183761321,0.16258047385127958,0.2226165113613604,0.26875586299864573,0.2364966334125823
2026-08-17,2026-08-17 11:04:25,Vij/God,7,CONFLICTED,DOWN,5.0,0,0.7661945766898892,0.4362555921857447,0.21211589929080985,0.2044682801326748,0.17447926031116573,0.2044682801326748,0.2044682801326748
2026-08-17,2026-08-17 11:04:25,Surat,7,CONFLICTED,FLAT,0.0,1,1.0948126974684365,0.43270087389277756,0.21569084038185182,0.2081381892608876,0.17231257908186412,0.2019291956376983,0.2019291956376983
2026-08-17,2026-08-17 11:04:25,Metapally,7,CONFLICTED,FLAT,-5.0,1,1.0857949154656943,0.43090280817658744,0.21431897937538769,0.2131746773135925,0.17121661734446633,0.20064486298327677,0.20064486298327677
2026-08-17,2026-08-17 11:04:25,Siddipet,7,CONFLICTED,FLAT,0.0,1,1.0766558282182248,0.4290729207509616,0.21292283952197102,0.21830029985006338,0.17010125955516336,0.19933780053640116,0.19933780053640116
2026-08-17,2026-08-17 11:04:25,Kolkata Sell,7,CONFLICTED,UP,10.0,1,0.3058569391856156,0.5549338822548264,0.21150243537951677,0.22351500342409522,0.16896651734408222,0.19800802192615297,0.19800802192615297
2026-08-17,2026-08-17 11:04:25,Gujrat Necc Selling rate,7,CONFLICTED,FLAT,10.0,0,0.5367105369014235,0.42366492057464866,0.21491098402765427,0.2198103896682468,0.17432873976888666,0.18891351784880933,0.20203636868640304
2026-08-17,2026-08-17 11:04:25,Mahuva,7,CONFLICTED,FLAT,5.0,1,1.0752100743491497,0.4318745060673972,0.22096622506717684,0.21916228700317006,0.18171164074339063,0.1827331571170325,0.1954266900692299
2026-08-17,2026-08-17 11:04:25,Davangere,7,CONFLICTED,DOWN,-40.0,1,0.5175528699800583,0.4129382637840575,0.21948570163944991,0.22439407537713113,0.18049413186333668,0.181508803847423,0.19411728727265926
2026-08-17,2026-08-17 11:04:25,Wankaner,7,CONFLICTED,DOWN,5.0,0,0.730260286935021,0.421045713691788,0.21738374789045176,0.22209679101323782,0.17331129867947034,0.18755071921197342,0.19965744320486656
2026-08-17,2026-08-17 11:04:25,Mumbai,7,CONFLICTED,FLAT,-20.0,0,0.5446448204939359,0.42451876784810166,0.22119649442150055,0.22584595436857408,0.17097317393293035,0.18502049192060738,0.19696388535638742
2026-08-17,2026-08-17 11:04:25,Bilashpur,7,CONFLICTED,FLAT,0.0,1,1.0648203477575255,0.42722137613401523,0.2137638502908298,0.2249774786653693,0.16522813370949352,0.1922442328895578,0.2037863044447497
2026-08-17,2026-08-17 11:04:25,Mysuru,7,CONFLICTED,DOWN,0.0,0,0.7273902462353041,0.42531393320770966,0.21229303173483224,0.23031008052552512,0.1640912688714859,0.190921481710475,0.2023841371576817
2026-08-17,2026-08-17 11:04:25,Jabalpur,7,CONFLICTED,DOWN,10.0,0,0.8198224473461695,0.42146275731462607,0.2163175652102923,0.23408258598642454,0.16179590978238884,0.1882508133600996,0.19955312566079472
2026-08-17,2026-08-17 11:04:25,Bhopal,7,CONFLICTED,DOWN,10.0,0,0.8043453454426298,0.4138527504146051,0.21726179624844574,0.23452880421419198,0.1712768989450693,0.18297351490937866,0.19395898568291434
2026-08-17,2026-08-17 11:04:25,Nagpur,7,CONFLICTED,DOWN,-10.0,1,0.5293016573289089,0.4064415019712376,0.21818136582356323,0.23496336809690466,0.18051026326347824,0.17783404914516449,0.18851095367088921
2026-08-17,2026-08-17 11:04:25,Nasik,7,CONFLICTED,FLAT,-10.0,0,0.546757452218198,0.42232305796051534,0.21603692213834788,0.23212032654759754,0.17299601780524543,0.18430714252414815,0.1945395909846612
2026-08-17,2026-08-17 11:04:25,Benglore,7,CONFLICTED,DOWN,-30.0,1,0.49612853428690845,0.4253717913350802,0.20857761989060603,0.2310112789753438,0.1670228277982212,0.19175456494003093,0.20163370839579794
2026-08-17,2026-08-17 11:04:25,Navapur,7,CONFLICTED,DOWN,15.0,0,0.9041097972091515,0.5780107203558452,0.20686073301604382,0.22837539475359192,0.16018071902377226,0.19755435498232246,0.2070287982242696
2026-08-17,2026-08-17 11:04:25,Pune,7,CONFLICTED,DOWN,-15.0,1,0.28427522826986495,0.5691597280756115,0.20258298326835936,0.2305458588563279,0.17065452960708422,0.1934690552743588,0.20274757299386975
2026-08-17,2026-08-17 11:04:25,Barwala,7,CONFLICTED,UP,7.0,1,0.30811391025529233,0.5530384165380513,0.20652232331584022,0.22639055681625153,0.16256772953315932,0.19784027670081814,0.2066791136339309
2026-08-17,2026-08-17 11:04:25,Raipur Td,7,CONFLICTED,UP,0.0,0,1.1083863084175087,0.5622123216699833,0.21021085758473337,0.22249981019684634,0.16830354259818797,0.18862544456032046,0.21036034505991186
2026-08-17,2026-08-17 11:04:25,Anand,7,CONFLICTED,FLAT,5.0,1,1.059868050097474,0.42738726883500455,0.20877870548577857,0.2277968654563042,0.16715690215076784,0.18734035239406802,0.20892717451308138
2026-08-17,2026-08-17 11:04:25,Namakkal,7,CONFLICTED,DOWN,-50.0,1,0.2819053835208112,0.5705783714519815,0.2073225464813681,0.23318271429076012,0.16599104077783783,0.18603371846129543,0.20746997998873856
2026-08-17,2026-08-17 11:04:25,Hospet,7,CONFLICTED,DOWN,-35.0,1,0.48604312052615706,0.431420973316357,0.2110791242340113,0.228854260355912,0.15803665352956667,0.19081046923857883,0.21121949264193118
2026-08-18,2026-08-18 11:19:16,Benglore,7,PANIC,DOWN,-10.0,1,0.32599447892522543,0.5427406123289936,0.22184849344503707,0.18702152358979487,0.2170934889421148,0.18702152358979487,0.18701497043325832
2026-08-18,2026-08-18 11:19:16,Bhopal,7,PANIC,DOWN,25.0,0,1.1153383388453455,0.5506748559683792,0.21603855014625364,0.19079960380530916,0.2115687984703474,0.19079960380530916,0.19079344377278057
2026-08-18,2026-08-18 11:19:16,Barwala,7,PANIC,DOWN,30.0,0,1.233713215561682,0.6988276972492757,0.2203621280392396,0.18789450190000478,0.21596043250103458,0.18789450190000478,0.18788843565971622
2026-08-18,2026-08-18 11:19:16,Bilashpur,7,PANIC,DOWN,20.0,0,0.8031235716090199,0.5415015395551803,0.21864610184989144,0.18643131088363596,0.22206598449985107,0.18643131088363596,0.18642529188298562
2026-08-18,2026-08-18 11:19:16,Anand,7,PANIC,DOWN,5.0,0,1.0898830409616471,0.5322941995071382,0.22918265732160362,0.18204681605672368,0.2246827719539131,0.18204681605672368,0.18204093861103582
2026-08-18,2026-08-18 11:19:16,Davangere,7,PANIC,DOWN,-30.0,1,0.34701882042272764,0.5292293464500383,0.2273452996822987,0.18058734651351305,0.23089849110336078,0.18058734651351305,0.18058151618731433
2026-08-18,2026-08-18 11:19:16,Gujrat Necc Selling rate,7,PANIC,DOWN,15.0,0,0.7978374591455106,0.538269886525289,0.2209979536235515,0.1848922450667667,0.22433077991175004,0.1848922450667667,0.18488677633116501
2026-08-18,2026-08-18 11:19:16,Kolkata Sell,7,PANIC,DOWN,15.0,0,0.7785926117395758,0.5291785533571185,0.23143327939440764,0.18056299611275722,0.22688307295256605,0.18056299611275722,0.18055765542751195
2026-08-18,2026-08-18 11:19:16,Jabalpur,7,PANIC,DOWN,30.0,0,1.2235917023970764,0.6894255116257474,0.24169181479975133,0.17630709125185795,0.2293921262489324,0.17630709125185795,0.1763018764476004
2026-08-18,2026-08-18 11:19:16,Vij/God,7,PANIC,DOWN,15.0,0,0.7601222754125734,0.5172664844565088,0.23974990695232581,0.1748905264238665,0.2355836866812332,0.1748905264238665,0.1748853535187081
2026-08-18,2026-08-18 11:19:16,Siddipet,7,PANIC,DOWN,5.0,0,1.0587118793091184,0.5083614124774563,0.2501013129074484,0.17064997414868782,0.23795381212475697,0.17064997414868782,0.17064492667041897
2026-08-18,2026-08-18 11:19:16,Mahuva,7,PANIC,DOWN,25.0,0,0.7421461295097109,0.5054001239623019,0.24803462235497595,0.1692398228573858,0.24425091484173553,0.1692398228573858,0.16923481708851676
2026-08-18,2026-08-18 11:19:16,Metapally,7,PANIC,DOWN,5.0,0,1.0407753367954995,0.4965435287383747,0.258466961328012,0.16502235497891093,0.24647085476002392,0.16502235497891093,0.16501747395414204
2026-08-18,2026-08-18 11:19:16,Mumbai,7,PANIC,DOWN,-5.0,0,1.029455566966083,0.4936010675913291,0.25627234815987293,0.1636211691893878,0.2528689838525141,0.1636211691893878,0.1636163296088374
2026-08-18,2026-08-18 11:19:16,Mysuru,7,PANIC,DOWN,10.0,0,1.0923618267398005,0.4906194587748204,0.25404853698822183,0.16220134146870452,0.2593522361906062,0.16220134146870452,0.16219654388376303
2026-08-18,2026-08-18 11:19:16,Nagpur,7,PANIC,DOWN,5.0,0,0.6601265768154863,0.4846322796334599,0.25837170594171566,0.15935027567277146,0.26358218029619856,0.15935027567277146,0.15934556241654269
2026-08-18,2026-08-18 11:19:16,Namakkal,7,PANIC,DOWN,-40.0,1,0.1715131884022596,0.6625469676282444,0.26267231015250186,0.15651409098993402,0.2677900462453651,0.15651409098993402,0.156509461622265
2026-08-18,2026-08-18 11:19:16,Nasik,7,PANIC,DOWN,20.0,0,1.2046955654170175,0.6709121442883795,0.25958709158877513,0.16152579693764574,0.25583979387374345,0.16152579693764574,0.16152152066218992
2026-08-18,2026-08-18 11:19:16,Navapur,7,PANIC,DOWN,30.0,0,1.091256387774722,0.4862633160003689,0.257338775069062,0.1601268016509693,0.2622850592161252,0.1601268016509693,0.16012256241287418
2026-08-18,2026-08-18 11:19:16,Surat,7,PANIC,DOWN,0.0,0,1.0034677889557788,0.48036368402554175,0.26159618839229154,0.15731742829950376,0.26645569157122034,0.15731742829950376,0.15731326343748073
2026-08-18,2026-08-18 11:19:16,Pune,7,PANIC,DOWN,-5.0,0,1.1109064614972586,0.6588788937887704,0.2592516078419449,0.15590745598726027,0.27303015173032824,0.15590745598726027,0.1559033284532065
2026-08-18,2026-08-18 11:19:16,Raipur Td,7,PANIC,DOWN,25.0,0,0.7125385927027666,0.4744053317723947,0.2568781085491045,0.1544800926639828,0.27968570320461744,0.1544800926639828,0.15447600291831248
2026-08-18,2026-08-18 11:19:16,Hospet,7,PANIC,DOWN,-25.0,1,0.4560806612362966,0.4654727096045891,0.2681617897955097,0.15022642552270687,0.2811629107693631,0.15022642552270687,0.15022244838971352
2026-08-18,2026-08-18 11:19:16,Wankaner,7,PANIC,DOWN,30.0,0,0.7143903241904193,0.48021747827097994,0.25808726695689665,0.15724765064288257,0.27017347837027483,0.15724765064288257,0.15724395338706335
