event_time,date,market,rate,sentiment,demand,supply_tightness,price_signal,breadth,regime,confidence,p_up,p_flat,p_down,expected_change,sell_percent,hold_percent,action,source_message_index,next_observation_time,next_rate,next_change,edge_per_egg,edge_daily_59500
2026-07-28 11:06:02,2026-07-28,Anand,635,11.920292202211755,50.0,50.0,50.0,0.0,PANIC,0.445,0.3333333333333333,0.3333333333333333,0.3333333333333333,0.0,0.4785714285714286,0.5214285714285714,PARTIAL_SELL,7,2026-07-29 10:53:12,570,-65.0,-33.89285714285714,-2016624.9999999998
2026-07-29 10:53:12,2026-07-29,Anand,570,7.707573837650308,1.7986209962091522,50.0,0.0,0.0,CONFLICTED,0.49416666666666664,0.0,0.0,1.0,-65.0,0.5,0.5,PARTIAL_SELL,91,2026-07-30 10:55:48,555,-15.0,-7.5,-446250.0
2026-07-30 10:55:48,2026-07-30,Anand,555,8.119430885401066,88.07970779778825,50.0,12.5,4.166666666666666,PANIC,0.52,0.0,0.0,1.0,-40.0,0.45714285714285713,0.5428571428571429,PARTIAL_SELL,159,2026-07-31 11:25:15,535,-20.0,-10.857142857142858,-646000.0
2026-07-31 11:25:15,2026-07-31,Anand,535,4.565117078444366,73.1058578630005,50.0,0.0,0.0,PANIC,0.5241666666666668,0.0,0.0,1.0,-33.333333333333336,0.45357142857142857,0.5464285714285715,PARTIAL_SELL,238,2026-08-01 11:13:08,515,-20.0,-10.92857142857143,-650250.0000000001
2026-08-01 11:13:08,2026-08-01,Anand,515,4.859778426245896,95.25741268224333,50.0,0.0,0.0,PANIC,0.5283333333333333,0.0,0.0,1.0,-30.0,0.45,0.55,PARTIAL_SELL,312,2026-08-02 11:00:41,525,10.0,5.5,327250.0
2026-08-02 11:00:41,2026-08-02,Anand,525,5.315113639806377,50.0,50.0,39.0,16.666666666666664,PANIC,0.4825000000000001,0.2,0.0,0.8,-22.0,0.44642857142857145,0.5535714285714286,PARTIAL_SELL,382,2026-08-03 10:50:19,525,0.0,0.0,0.0
2026-08-03 10:50:19,2026-08-03,Anand,525,22.419598805957175,50.0,50.0,38.0,20.0,PANIC,0.4883333333333333,0.16666666666666666,0.16666666666666674,0.6666666666666666,-18.333333333333332,0.44285714285714284,0.5571428571428572,PARTIAL_SELL,453,2026-08-04 10:58:02,515,-10.0,-5.571428571428571,-331500.0
2026-08-04 10:58:02,2026-08-04,Anand,515,14.457775046587727,50.0,50.0,25.0,8.0,PANIC,0.4925,0.14285714285714285,0.1428571428571429,0.7142857142857143,-17.142857142857142,0.4392857142857143,0.5607142857142857,PARTIAL_SELL,525,2026-08-05 11:06:04,515,0.0,0.0,0.0
2026-08-05 11:06:04,2026-08-05,Anand,515,22.146612553425815,50.0,50.0,38.0,36.0,PANIC,0.49666666666666676,0.125,0.25,0.625,-15.0,0.4357142857142857,0.5642857142857143,PARTIAL_SELL,596,2026-08-06 10:56:49,525,10.0,5.642857142857142,335749.99999999994
2026-08-06 10:56:49,2026-08-06,Anand,525,61.278081140124996,50.0,50.0,75.0,50.0,NORMAL,0.4725,0.2222222222222222,0.2222222222222222,0.5555555555555556,-12.222222222222221,0.5,0.5,PARTIAL_SELL,666,2026-08-07 11:21:14,530,5.0,2.5,148750.0
2026-08-07 11:21:14,2026-08-07,Anand,530,63.02602229177513,50.0,50.0,80.5,38.46153846153847,NORMAL,0.4766666666666666,0.2,0.30000000000000004,0.5,-10.5,0.5,0.5,PARTIAL_SELL,741,2026-08-08 10:47:50,530,0.0,0.0,0.0
2026-08-08 10:47:50,2026-08-08,Anand,530,21.579821570626745,50.0,50.0,68.0,15.384615384615385,PANIC,0.5108333333333334,0.18181818181818182,0.3636363636363636,0.45454545454545453,-9.545454545454545,0.425,0.575,PARTIAL_SELL,805,2026-08-09 11:10:16,510,-20.0,-11.5,-684250.0
2026-08-09 11:10:16,2026-08-09,Anand,510,5.652884171147505,50.0,50.0,0.0,0.0,PANIC,0.515,0.16666666666666666,0.33333333333333337,0.5,-10.416666666666666,0.42142857142857143,0.5785714285714285,PARTIAL_SELL,876,2026-08-10 11:05:10,510,0.0,0.0,0.0
2026-08-10 11:05:10,2026-08-10,Anand,510,7.652218783264708,50.0,50.0,26.0,0.0,PANIC,0.5191666666666667,0.15384615384615385,0.3846153846153846,0.46153846153846156,-9.615384615384615,0.41785714285714287,0.5821428571428571,PARTIAL_SELL,942,2026-08-11 11:11:53,525,15.0,8.732142857142856,519562.49999999994
2026-08-11 11:11:53,2026-08-11,Anand,525,6.496916912866411,50.0,50.0,81.5,26.923076923076923,PANIC,0.5233333333333333,0.21428571428571427,0.35714285714285715,0.42857142857142855,-7.857142857142857,0.4142857142857143,0.5857142857142856,PARTIAL_SELL,1013,2026-08-12 11:02:56,510,-15.0,-8.785714285714285,-522749.99999999994
2026-08-12 11:02:56,2026-08-12,Anand,510,3.4445195666211177,26.894142136999513,50.0,12.5,0.0,CONFLICTED,0.5558333333333333,0.2,0.33333333333333337,0.4666666666666667,-8.333333333333334,0.5,0.5,PARTIAL_SELL,1080,2026-08-13 11:17:21,520,10.0,5.0,297500.0
2026-08-13 11:17:21,2026-08-13,Anand,520,3.775703235156591,50.0,88.07970779778825,87.0,15.384615384615385,PANIC,0.5816666666666667,0.25,0.3125,0.4375,-7.1875,0.40714285714285714,0.5928571428571429,PARTIAL_SELL,1150,2026-08-14 10:46:30,525,5.0,2.9642857142857144,176375.0
2026-08-14 10:46:30,2026-08-14,Anand,525,10.95605153876545,50.0,88.07970779778825,62.5,11.538461538461538,PANIC,0.5858333333333334,0.23529411764705882,0.3529411764705882,0.4117647058823529,-6.470588235294118,0.4035714285714286,0.5964285714285714,PARTIAL_SELL,1217,2026-08-16 10:44:37,530,5.0,2.982142857142857,177437.5
2026-08-16 10:44:37,2026-08-16,Anand,530,48.24633365032592,50.0,50.0,86.5,50.0,NORMAL,0.51,0.2222222222222222,0.3888888888888889,0.3888888888888889,-5.833333333333333,0.5,0.5,PARTIAL_SELL,1351,2026-08-17 11:04:25,530,0.0,0.0,0.0
2026-08-17 11:04:25,2026-08-17,Anand,530,52.27116332606391,50.0,73.1058578630005,62.0,15.384615384615385,CONFLICTED,0.5725,0.21052631578947367,0.4210526315789474,0.3684210526315789,-5.526315789473684,0.5,0.5,PARTIAL_SELL,1421,2026-08-18 11:19:16,535,5.0,2.5,148750.0
2026-08-18 11:19:16,2026-08-18,Anand,535,17.929565810934697,50.0,50.0,74.5,7.6923076923076925,PANIC,0.5483333333333333,0.2,0.45000000000000007,0.35,-5.0,0.4,0.6,PARTIAL_SELL,1491,2026-08-19 10:41:53,535,0.0,0.0,0.0
2026-08-19 10:41:53,2026-08-19,Anand,535,8.147033678346475,50.0,50.0,56.0,3.8461538461538463,PANIC,0.5525000000000001,0.19047619047619047,0.4761904761904762,0.3333333333333333,-4.761904761904762,0.4,0.6,PARTIAL_SELL,1553,2026-08-20 10:50:15,535,0.0,0.0,0.0
2026-08-20 10:50:15,2026-08-20,Anand,535,18.242552380635637,50.0,50.0,56.0,3.8461538461538463,PANIC,0.5566666666666666,0.18181818181818182,0.49999999999999994,0.3181818181818182,-4.545454545454546,0.4,0.6,PARTIAL_SELL,1623,2026-08-21 10:39:26,535,0.0,0.0,0.0
2026-08-21 10:39:26,2026-08-21,Anand,535,41.0079590737446,88.07970779778825,50.0,50.0,11.538461538461538,CONFLICTED,0.5891666666666666,0.17391304347826086,0.5217391304347826,0.30434782608695654,-4.3478260869565215,0.5,0.5,PARTIAL_SELL,1690,2026-08-22 10:40:41,535,0.0,0.0,0.0
2026-08-22 10:40:41,2026-08-22,Anand,535,20.860852732604496,50.0,50.0,50.0,11.538461538461538,PANIC,0.565,0.16666666666666666,0.5416666666666667,0.2916666666666667,-4.166666666666667,0.4,0.6,PARTIAL_SELL,1757,2026-08-23 11:15:29,535,0.0,0.0,0.0
2026-08-23 11:15:29,2026-08-23,Anand,535,45.09776643245394,50.0,50.0,50.0,7.6923076923076925,NORMAL,0.5391666666666667,0.16,0.5599999999999999,0.28,-4.0,0.5,0.5,PARTIAL_SELL,1822,2026-08-24 11:12:15,535,0.0,0.0,0.0
2026-08-24 11:12:15,2026-08-24,Anand,535,85.86256349229191,73.1058578630005,50.0,50.0,53.84615384615385,EUPHORIA,0.6233333333333334,0.15384615384615385,0.5769230769230769,0.2692307692307692,-3.8461538461538463,0.7,0.30000000000000004,SELL,1896,2026-08-25 11:09:03,540,5.0,1.5000000000000002,89250.00000000001
2026-07-28 11:06:02,2026-07-28,Barwala,535,11.920292202211755,50.0,50.0,50.0,0.0,PANIC,0.445,0.3333333333333333,0.3333333333333333,0.3333333333333333,0.0,0.4785714285714286,0.5214285714285714,PARTIAL_SELL,7,2026-07-29 10:53:12,490,-45.0,-23.46428571428571,-1396124.9999999998
2026-07-29 10:53:12,2026-07-29,Barwala,490,7.707573837650308,1.7986209962091522,50.0,0.0,0.0,CONFLICTED,0.49416666666666664,0.0,0.0,1.0,-45.0,0.5,0.5,PARTIAL_SELL,91,2026-07-30 10:55:48,485,-5.0,-2.5,-148750.0
2026-07-30 10:55:48,2026-07-30,Barwala,485,8.119430885401066,88.07970779778825,50.0,37.5,4.166666666666666,PANIC,0.52,0.0,0.5,0.5,-25.0,0.45714285714285713,0.5428571428571429,PARTIAL_SELL,159,2026-07-31 11:25:15,485,0.0,0.0,0.0
2026-07-31 11:25:15,2026-07-31,Barwala,485,4.565117078444366,73.1058578630005,50.0,0.0,0.0,PANIC,0.5241666666666668,0.0,0.6666666666666667,0.3333333333333333,-16.666666666666668,0.45357142857142857,0.5464285714285715,PARTIAL_SELL,238,2026-08-01 11:13:08,483,-2.0,-1.092857142857143,-65025.00000000001
2026-08-01 11:13:08,2026-08-01,Barwala,483,4.859778426245896,95.25741268224333,50.0,36.6,0.0,PANIC,0.5283333333333333,0.0,0.75,0.25,-13.0,0.45,0.55,PARTIAL_SELL,312,2026-08-02 11:00:41,495,12.0,6.6000000000000005,392700.00000000006
2026-08-02 11:00:41,2026-08-02,Barwala,495,5.315113639806377,50.0,50.0,92.0,16.666666666666664,PANIC,0.4825000000000001,0.2,0.6000000000000001,0.2,-8.0,0.44642857142857145,0.5535714285714286,PARTIAL_SELL,382,2026-08-03 10:50:19,500,5.0,2.7678571428571432,164687.50000000003
2026-08-03 10:50:19,2026-08-03,Barwala,500,22.419598805957175,50.0,50.0,80.5,20.0,PANIC,0.4883333333333333,0.16666666666666666,0.6666666666666667,0.16666666666666666,-5.833333333333333,0.44285714285714284,0.5571428571428572,PARTIAL_SELL,453,2026-08-04 10:58:02,495,-5.0,-2.7857142857142856,-165750.0
2026-08-04 10:58:02,2026-08-04,Barwala,495,14.457775046587727,50.0,50.0,51.9,8.0,PANIC,0.4925,0.14285714285714285,0.7142857142857144,0.14285714285714285,-5.714285714285714,0.4392857142857143,0.5607142857142857,PARTIAL_SELL,525,2026-08-05 11:06:04,495,0.0,0.0,0.0
2026-08-05 11:06:04,2026-08-05,Barwala,495,22.146612553425815,50.0,50.0,50.0,36.0,PANIC,0.49666666666666676,0.125,0.75,0.125,-5.0,0.4357142857142857,0.5642857142857143,PARTIAL_SELL,596,2026-08-06 10:56:49,510,15.0,8.464285714285714,503624.99999999994
2026-08-06 10:56:49,2026-08-06,Barwala,510,61.278081140124996,50.0,50.0,99.5,50.0,NORMAL,0.4725,0.2222222222222222,0.6666666666666667,0.1111111111111111,-2.7777777777777777,0.5,0.5,PARTIAL_SELL,666,2026-08-07 11:21:14,515,5.0,2.5,148750.0
2026-08-07 11:21:14,2026-08-07,Barwala,515,63.02602229177513,50.0,50.0,86.5,38.46153846153847,NORMAL,0.4766666666666666,0.2,0.7000000000000001,0.1,-2.0,0.5,0.5,PARTIAL_SELL,741,2026-08-08 10:47:50,507,-8.0,-4.0,-238000.0
2026-08-08 10:47:50,2026-08-08,Barwala,507,21.579821570626745,50.0,50.0,44.4,15.384615384615385,PANIC,0.5108333333333334,0.18181818181818182,0.6363636363636362,0.18181818181818182,-2.5454545454545454,0.425,0.575,PARTIAL_SELL,805,2026-08-09 11:10:16,500,-7.0,-4.0249999999999995,-239487.49999999997
2026-08-09 11:10:16,2026-08-09,Barwala,500,5.652884171147505,50.0,50.0,20.5,0.0,PANIC,0.515,0.16666666666666666,0.5833333333333334,0.25,-2.9166666666666665,0.42142857142857143,0.5785714285714285,PARTIAL_SELL,876,2026-08-10 11:05:10,490,-10.0,-5.785714285714285,-344249.99999999994
2026-08-10 11:05:10,2026-08-10,Barwala,490,7.652218783264708,50.0,50.0,0.0,0.0,PANIC,0.5191666666666667,0.15384615384615385,0.5384615384615384,0.3076923076923077,-3.4615384615384617,0.41785714285714287,0.5821428571428571,PARTIAL_SELL,942,2026-08-11 11:11:53,505,15.0,8.732142857142856,519562.49999999994
2026-08-11 11:11:53,2026-08-11,Barwala,505,6.496916912866411,50.0,50.0,85.1,26.923076923076923,PANIC,0.5233333333333333,0.21428571428571427,0.5,0.2857142857142857,-2.142857142857143,0.4142857142857143,0.5857142857142856,PARTIAL_SELL,1013,2026-08-12 11:02:56,501,-4.0,-2.3428571428571425,-139399.99999999997
2026-08-12 11:02:56,2026-08-12,Barwala,501,3.4445195666211177,26.894142136999513,50.0,41.2,0.0,CAPITULATION,0.5641666666666666,0.2,0.5333333333333334,0.26666666666666666,-2.2666666666666666,0.23214285714285715,0.7678571428571428,HOLD,1080,2026-08-13 11:17:21,500,-1.0,-0.7678571428571428,-45687.49999999999
2026-08-13 11:17:21,2026-08-13,Barwala,500,3.775703235156591,50.0,88.07970779778825,59.5,15.384615384615385,PANIC,0.5816666666666667,0.1875,0.5625,0.25,-2.1875,0.40714285714285714,0.5928571428571429,PARTIAL_SELL,1150,2026-08-14 10:46:30,495,-5.0,-2.9642857142857144,-176375.0
2026-08-14 10:46:30,2026-08-14,Barwala,495,10.95605153876545,50.0,88.07970779778825,25.5,11.538461538461538,PANIC,0.5858333333333334,0.17647058823529413,0.588235294117647,0.23529411764705882,-2.3529411764705883,0.4035714285714286,0.5964285714285714,PARTIAL_SELL,1217,2026-08-16 10:44:37,509,14.0,8.35,496825.0
2026-08-16 10:44:37,2026-08-16,Barwala,509,48.24633365032592,50.0,50.0,94.6,50.0,NORMAL,0.51,0.2222222222222222,0.5555555555555556,0.2222222222222222,-1.4444444444444444,0.5,0.5,PARTIAL_SELL,1351,2026-08-17 11:04:25,510,1.0,0.5,29750.0
2026-08-17 11:04:25,2026-08-17,Barwala,510,52.27116332606391,50.0,73.1058578630005,64.5,15.384615384615385,CONFLICTED,0.5725,0.21052631578947367,0.5789473684210527,0.21052631578947367,-1.3157894736842106,0.5,0.5,PARTIAL_SELL,1421,2026-08-18 11:19:16,500,-10.0,-5.0,-297500.0
2026-08-18 11:19:16,2026-08-18,Barwala,500,17.929565810934697,50.0,50.0,31.0,7.6923076923076925,PANIC,0.5483333333333333,0.2,0.55,0.25,-1.75,0.4,0.6,PARTIAL_SELL,1491,2026-08-19 10:41:53,490,-10.0,-6.0,-357000.0
2026-08-19 10:41:53,2026-08-19,Barwala,490,8.147033678346475,50.0,50.0,2.1999999999999993,3.8461538461538463,PANIC,0.5525000000000001,0.19047619047619047,0.5238095238095238,0.2857142857142857,-2.142857142857143,0.4,0.6,PARTIAL_SELL,1553,2026-08-20 10:50:15,500,10.0,6.0,357000.0
2026-08-20 10:50:15,2026-08-20,Barwala,500,18.242552380635637,50.0,50.0,63.0,3.8461538461538463,PANIC,0.5566666666666666,0.22727272727272727,0.5,0.2727272727272727,-1.5909090909090908,0.4,0.6,PARTIAL_SELL,1623,2026-08-21 10:39:26,500,0.0,0.0,0.0
2026-08-21 10:39:26,2026-08-21,Barwala,500,41.0079590737446,88.07970779778825,50.0,50.0,11.538461538461538,CONFLICTED,0.5891666666666666,0.21739130434782608,0.5217391304347827,0.2608695652173913,-1.5217391304347827,0.5,0.5,PARTIAL_SELL,1690,2026-08-22 10:40:41,500,0.0,0.0,0.0
2026-08-22 10:40:41,2026-08-22,Barwala,500,20.860852732604496,50.0,50.0,62.0,11.538461538461538,PANIC,0.565,0.20833333333333334,0.5416666666666666,0.25,-1.4583333333333333,0.4,0.6,PARTIAL_SELL,1757,2026-08-23 11:15:29,500,0.0,0.0,0.0
2026-08-23 11:15:29,2026-08-23,Barwala,500,45.09776643245394,50.0,50.0,50.0,7.6923076923076925,NORMAL,0.5391666666666667,0.2,0.56,0.24,-1.4,0.5,0.5,PARTIAL_SELL,1822,2026-08-24 11:12:15,517,17.0,8.5,505750.0
2026-08-24 11:12:15,2026-08-24,Barwala,517,85.86256349229191,73.1058578630005,50.0,100.0,53.84615384615385,EUPHORIA,0.6233333333333334,0.23076923076923078,0.5384615384615383,0.23076923076923078,-0.6923076923076923,0.7,0.30000000000000004,SELL,1896,2026-08-25 11:09:03,530,13.0,3.9000000000000004,232050.00000000003
2026-07-28 11:06:02,2026-07-28,Benglore,620,11.920292202211755,50.0,50.0,50.0,0.0,PANIC,0.445,0.3333333333333333,0.3333333333333333,0.3333333333333333,0.0,0.4785714285714286,0.5214285714285714,PARTIAL_SELL,7,2026-07-29 10:53:12,580,-40.0,-20.857142857142854,-1240999.9999999998
2026-07-29 10:53:12,2026-07-29,Benglore,580,7.707573837650308,1.7986209962091522,50.0,0.0,0.0,CONFLICTED,0.49416666666666664,0.0,0.0,1.0,-40.0,0.5,0.5,PARTIAL_SELL,91,2026-07-30 10:55:48,580,0.0,0.0,0.0
2026-07-30 10:55:48,2026-07-30,Benglore,580,8.119430885401066,88.07970779778825,50.0,50.0,4.166666666666666,PANIC,0.52,0.0,0.5,0.5,-20.0,0.45714285714285713,0.5428571428571429,PARTIAL_SELL,159,2026-07-31 11:25:15,520,-60.0,-32.57142857142858,-1938000.0000000002
2026-07-31 11:25:15,2026-07-31,Benglore,520,4.565117078444366,73.1058578630005,50.0,0.0,0.0,PANIC,0.5241666666666668,0.0,0.33333333333333337,0.6666666666666666,-33.333333333333336,0.45357142857142857,0.5464285714285715,PARTIAL_SELL,238,2026-08-01 11:13:08,520,0.0,0.0,0.0
2026-08-01 11:13:08,2026-08-01,Benglore,520,4.859778426245896,95.25741268224333,50.0,0.0,0.0,PANIC,0.5283333333333333,0.0,0.5,0.5,-25.0,0.45,0.55,PARTIAL_SELL,312,2026-08-02 11:00:41,530,10.0,5.5,327250.0
2026-08-02 11:00:41,2026-08-02,Benglore,530,5.315113639806377,50.0,50.0,15.0,16.666666666666664,PANIC,0.4825000000000001,0.2,0.4,0.4,-18.0,0.44642857142857145,0.5535714285714286,PARTIAL_SELL,382,2026-08-03 10:50:19,510,-20.0,-11.071428571428573,-658750.0000000001
2026-08-03 10:50:19,2026-08-03,Benglore,510,22.419598805957175,50.0,50.0,0.0,20.0,PANIC,0.4883333333333333,0.16666666666666666,0.33333333333333337,0.5,-18.333333333333332,0.44285714285714284,0.5571428571428572,PARTIAL_SELL,453,2026-08-04 10:58:02,510,0.0,0.0,0.0
2026-08-04 10:58:02,2026-08-04,Benglore,510,14.457775046587727,50.0,50.0,38.0,8.0,PANIC,0.4925,0.14285714285714285,0.42857142857142866,0.42857142857142855,-15.714285714285714,0.4392857142857143,0.5607142857142857,PARTIAL_SELL,525,2026-08-05 11:06:04,530,20.0,11.214285714285715,667250.0000000001
2026-08-05 11:06:04,2026-08-05,Benglore,530,22.146612553425815,50.0,50.0,100.0,36.0,PANIC,0.49666666666666676,0.25,0.375,0.375,-11.25,0.4357142857142857,0.5642857142857143,PARTIAL_SELL,596,2026-08-06 10:56:49,530,0.0,0.0,0.0
2026-08-06 10:56:49,2026-08-06,Benglore,530,61.278081140124996,50.0,50.0,74.0,50.0,NORMAL,0.4725,0.2222222222222222,0.4444444444444445,0.3333333333333333,-10.0,0.5,0.5,PARTIAL_SELL,666,2026-08-07 11:21:14,530,0.0,0.0,0.0
2026-08-07 11:21:14,2026-08-07,Benglore,530,63.02602229177513,50.0,50.0,74.0,38.46153846153847,NORMAL,0.4766666666666666,0.2,0.5,0.3,-9.0,0.5,0.5,PARTIAL_SELL,741,2026-08-08 10:47:50,530,0.0,0.0,0.0
2026-08-08 10:47:50,2026-08-08,Benglore,530,21.579821570626745,50.0,50.0,50.0,15.384615384615385,PANIC,0.5108333333333334,0.18181818181818182,0.5454545454545454,0.2727272727272727,-8.181818181818182,0.425,0.575,PARTIAL_SELL,805,2026-08-09 11:10:16,520,-10.0,-5.75,-342125.0
2026-08-09 11:10:16,2026-08-09,Benglore,520,5.652884171147505,50.0,50.0,13.0,0.0,PANIC,0.515,0.16666666666666666,0.5,0.3333333333333333,-8.333333333333334,0.42142857142857143,0.5785714285714285,PARTIAL_SELL,876,2026-08-10 11:05:10,500,-20.0,-11.57142857142857,-688499.9999999999
2026-08-10 11:05:10,2026-08-10,Benglore,500,7.652218783264708,50.0,50.0,0.0,0.0,PANIC,0.5191666666666667,0.15384615384615385,0.4615384615384615,0.38461538461538464,-9.23076923076923,0.41785714285714287,0.5821428571428571,PARTIAL_SELL,942,2026-08-11 11:11:53,500,0.0,0.0,0.0
2026-08-11 11:11:53,2026-08-11,Benglore,500,6.496916912866411,50.0,50.0,14.0,26.923076923076923,PANIC,0.5233333333333333,0.14285714285714285,0.5,0.35714285714285715,-8.571428571428571,0.4142857142857143,0.5857142857142856,PARTIAL_SELL,1013,2026-08-12 11:02:56,500,0.0,0.0,0.0
2026-08-12 11:02:56,2026-08-12,Benglore,500,3.4445195666211177,26.894142136999513,50.0,26.0,0.0,CONFLICTED,0.5558333333333333,0.13333333333333333,0.5333333333333334,0.3333333333333333,-8.0,0.5,0.5,PARTIAL_SELL,1080,2026-08-13 11:17:21,520,20.0,10.0,595000.0
2026-08-13 11:17:21,2026-08-13,Benglore,520,3.775703235156591,50.0,88.07970779778825,100.0,15.384615384615385,PANIC,0.5816666666666667,0.1875,0.5,0.3125,-6.25,0.40714285714285714,0.5928571428571429,PARTIAL_SELL,1150,2026-08-14 10:46:30,520,0.0,0.0,0.0
2026-08-14 10:46:30,2026-08-14,Benglore,520,10.95605153876545,50.0,88.07970779778825,74.0,11.538461538461538,PANIC,0.5858333333333334,0.17647058823529413,0.5294117647058822,0.29411764705882354,-5.882352941176471,0.4035714285714286,0.5964285714285714,PARTIAL_SELL,1217,2026-08-16 10:44:37,520,0.0,0.0,0.0
2026-08-16 10:44:37,2026-08-16,Benglore,520,48.24633365032592,50.0,50.0,74.0,50.0,NORMAL,0.51,0.16666666666666666,0.5555555555555556,0.2777777777777778,-5.555555555555555,0.5,0.5,PARTIAL_SELL,1351,2026-08-17 11:04:25,520,0.0,0.0,0.0
2026-08-17 11:04:25,2026-08-17,Benglore,520,52.27116332606391,50.0,73.1058578630005,50.0,15.384615384615385,CONFLICTED,0.5725,0.15789473684210525,0.5789473684210527,0.2631578947368421,-5.2631578947368425,0.5,0.5,PARTIAL_SELL,1421,2026-08-18 11:19:16,520,0.0,0.0,0.0
2026-08-18 11:19:16,2026-08-18,Benglore,520,17.929565810934697,50.0,50.0,50.0,7.6923076923076925,PANIC,0.5483333333333333,0.15,0.6,0.25,-5.0,0.4,0.6,PARTIAL_SELL,1491,2026-08-19 10:41:53,520,0.0,0.0,0.0
2026-08-19 10:41:53,2026-08-19,Benglore,520,8.147033678346475,50.0,50.0,50.0,3.8461538461538463,PANIC,0.5525000000000001,0.14285714285714285,0.6190476190476191,0.23809523809523808,-4.761904761904762,0.4,0.6,PARTIAL_SELL,1553,2026-08-20 10:50:15,520,0.0,0.0,0.0
2026-08-20 10:50:15,2026-08-20,Benglore,520,18.242552380635637,50.0,50.0,50.0,3.8461538461538463,PANIC,0.5566666666666666,0.13636363636363635,0.6363636363636364,0.22727272727272727,-4.545454545454546,0.4,0.6,PARTIAL_SELL,1623,2026-08-21 10:39:26,520,0.0,0.0,0.0
2026-08-21 10:39:26,2026-08-21,Benglore,520,41.0079590737446,88.07970779778825,50.0,50.0,11.538461538461538,CONFLICTED,0.5891666666666666,0.13043478260869565,0.6521739130434783,0.21739130434782608,-4.3478260869565215,0.5,0.5,PARTIAL_SELL,1690,2026-08-22 10:40:41,490,-30.0,-15.0,-892500.0
2026-08-22 10:40:41,2026-08-22,Benglore,490,20.860852732604496,50.0,50.0,0.0,11.538461538461538,PANIC,0.565,0.125,0.625,0.25,-5.416666666666667,0.4,0.6,PARTIAL_SELL,1757,2026-08-23 11:15:29,490,0.0,0.0,0.0
2026-08-23 11:15:29,2026-08-23,Benglore,490,45.09776643245394,50.0,50.0,14.0,7.6923076923076925,NORMAL,0.5391666666666667,0.12,0.64,0.24,-5.2,0.5,0.5,PARTIAL_SELL,1822,2026-08-24 11:12:15,490,0.0,0.0,0.0
2026-08-24 11:12:15,2026-08-24,Benglore,490,85.86256349229191,73.1058578630005,50.0,14.0,53.84615384615385,EUPHORIA,0.6233333333333334,0.11538461538461539,0.6538461538461537,0.23076923076923078,-5.0,0.7,0.30000000000000004,SELL,1896,2026-08-25 11:09:03,510,20.0,6.000000000000001,357000.00000000006
2026-07-28 11:06:02,2026-07-28,Bhopal,620,11.920292202211755,50.0,50.0,50.0,0.0,PANIC,0.445,0.3333333333333333,0.3333333333333333,0.3333333333333333,0.0,0.4785714285714286,0.5214285714285714,PARTIAL_SELL,7,2026-07-29 10:53:12,600,-20.0,-10.428571428571427,-620499.9999999999
2026-07-29 10:53:12,2026-07-29,Bhopal,600,7.707573837650308,1.7986209962091522,50.0,0.0,0.0,CONFLICTED,0.49416666666666664,0.0,0.0,1.0,-20.0,0.5,0.5,PARTIAL_SELL,91,2026-07-30 10:55:48,590,-10.0,-5.0,-297500.0
2026-07-30 10:55:48,2026-07-30,Bhopal,590,8.119430885401066,88.07970779778825,50.0,25.0,4.166666666666666,PANIC,0.52,0.0,0.0,1.0,-15.0,0.45714285714285713,0.5428571428571429,PARTIAL_SELL,159,2026-07-31 11:25:15,570,-20.0,-10.857142857142858,-646000.0
2026-07-31 11:25:15,2026-07-31,Bhopal,570,4.565117078444366,73.1058578630005,50.0,0.0,0.0,PANIC,0.5241666666666668,0.0,0.0,1.0,-16.666666666666668,0.45357142857142857,0.5464285714285715,PARTIAL_SELL,238,2026-08-01 11:13:08,540,-30.0,-16.392857142857146,-975375.0000000002
2026-08-01 11:13:08,2026-08-01,Bhopal,540,4.859778426245896,95.25741268224333,50.0,0.0,0.0,PANIC,0.5283333333333333,0.0,0.0,1.0,-20.0,0.45,0.55,PARTIAL_SELL,312,2026-08-02 11:00:41,545,5.0,2.75,163625.0
2026-08-02 11:00:41,2026-08-02,Bhopal,545,5.315113639806377,50.0,50.0,8.5,16.666666666666664,PANIC,0.4825000000000001,0.0,0.19999999999999996,0.8,-15.0,0.44642857142857145,0.5535714285714286,PARTIAL_SELL,382,2026-08-03 10:50:19,545,0.0,0.0,0.0
2026-08-03 10:50:19,2026-08-03,Bhopal,545,22.419598805957175,50.0,50.0,20.0,20.0,PANIC,0.4883333333333333,0.0,0.33333333333333337,0.6666666666666666,-12.5,0.44285714285714284,0.5571428571428572,PARTIAL_SELL,453,2026-08-04 10:58:02,525,-20.0,-11.142857142857142,-663000.0
2026-08-04 10:58:02,2026-08-04,Bhopal,525,14.457775046587727,50.0,50.0,0.0,8.0,PANIC,0.4925,0.0,0.2857142857142857,0.7142857142857143,-13.571428571428571,0.4392857142857143,0.5607142857142857,PARTIAL_SELL,525,2026-08-05 11:06:04,525,0.0,0.0,0.0
2026-08-05 11:06:04,2026-08-05,Bhopal,525,22.146612553425815,50.0,50.0,26.0,36.0,PANIC,0.49666666666666676,0.0,0.375,0.625,-11.875,0.4357142857142857,0.5642857142857143,PARTIAL_SELL,596,2026-08-06 10:56:49,525,0.0,0.0,0.0
2026-08-06 10:56:49,2026-08-06,Bhopal,525,61.278081140124996,50.0,50.0,26.0,50.0,NORMAL,0.4725,0.0,0.4444444444444444,0.5555555555555556,-10.555555555555555,0.5,0.5,PARTIAL_SELL,666,2026-08-07 11:21:14,525,0.0,0.0,0.0
2026-08-07 11:21:14,2026-08-07,Bhopal,525,63.02602229177513,50.0,50.0,50.0,38.46153846153847,NORMAL,0.4766666666666666,0.0,0.5,0.5,-9.5,0.5,0.5,PARTIAL_SELL,741,2026-08-08 10:47:50,530,5.0,2.5,148750.0
2026-08-08 10:47:50,2026-08-08,Bhopal,530,21.579821570626745,50.0,50.0,68.5,15.384615384615385,PANIC,0.5108333333333334,0.0,0.5454545454545454,0.45454545454545453,-8.181818181818182,0.425,0.575,PARTIAL_SELL,805,2026-08-09 11:10:16,530,0.0,0.0,0.0
2026-08-09 11:10:16,2026-08-09,Bhopal,530,5.652884171147505,50.0,50.0,56.0,0.0,PANIC,0.515,0.0,0.5833333333333333,0.4166666666666667,-7.5,0.42142857142857143,0.5785714285714285,PARTIAL_SELL,876,2026-08-10 11:05:10,510,-20.0,-11.57142857142857,-688499.9999999999
2026-08-10 11:05:10,2026-08-10,Bhopal,510,7.652218783264708,50.0,50.0,0.0,0.0,PANIC,0.5191666666666667,0.0,0.5384615384615384,0.46153846153846156,-8.461538461538462,0.41785714285714287,0.5821428571428571,PARTIAL_SELL,942,2026-08-11 11:11:53,505,-5.0,-2.9107142857142856,-173187.5
2026-08-11 11:11:53,2026-08-11,Bhopal,505,6.496916912866411,50.0,50.0,7.5,26.923076923076923,PANIC,0.5233333333333333,0.0,0.5714285714285714,0.42857142857142855,-8.214285714285714,0.4142857142857143,0.5857142857142856,PARTIAL_SELL,1013,2026-08-12 11:02:56,500,-5.0,-2.928571428571428,-174249.99999999997
2026-08-12 11:02:56,2026-08-12,Bhopal,500,3.4445195666211177,26.894142136999513,50.0,1.5,0.0,CONFLICTED,0.5558333333333333,0.0,0.6,0.4,-8.0,0.5,0.5,PARTIAL_SELL,1080,2026-08-13 11:17:21,500,0.0,0.0,0.0
2026-08-13 11:17:21,2026-08-13,Bhopal,500,3.775703235156591,50.0,88.07970779778825,38.0,15.384615384615385,PANIC,0.5816666666666667,0.0,0.625,0.375,-7.5,0.40714285714285714,0.5928571428571429,PARTIAL_SELL,1150,2026-08-14 10:46:30,500,0.0,0.0,0.0
2026-08-14 10:46:30,2026-08-14,Bhopal,500,10.95605153876545,50.0,88.07970779778825,44.0,11.538461538461538,PANIC,0.5858333333333334,0.0,0.6470588235294117,0.35294117647058826,-7.0588235294117645,0.4035714285714286,0.5964285714285714,PARTIAL_SELL,1217,2026-08-16 10:44:37,500,0.0,0.0,0.0
2026-08-16 10:44:37,2026-08-16,Bhopal,500,48.24633365032592,50.0,50.0,50.0,50.0,NORMAL,0.51,0.0,0.6666666666666667,0.3333333333333333,-6.666666666666667,0.5,0.5,PARTIAL_SELL,1351,2026-08-17 11:04:25,500,0.0,0.0,0.0
2026-08-17 11:04:25,2026-08-17,Bhopal,500,52.27116332606391,50.0,73.1058578630005,50.0,15.384615384615385,CONFLICTED,0.5725,0.0,0.6842105263157895,0.3157894736842105,-6.315789473684211,0.5,0.5,PARTIAL_SELL,1421,2026-08-18 11:19:16,500,0.0,0.0,0.0
2026-08-18 11:19:16,2026-08-18,Bhopal,500,17.929565810934697,50.0,50.0,50.0,7.6923076923076925,PANIC,0.5483333333333333,0.0,0.7,0.3,-6.0,0.4,0.6,PARTIAL_SELL,1491,2026-08-19 10:41:53,500,0.0,0.0,0.0
2026-08-19 10:41:53,2026-08-19,Bhopal,500,8.147033678346475,50.0,50.0,50.0,3.8461538461538463,PANIC,0.5525000000000001,0.0,0.7142857142857143,0.2857142857142857,-5.714285714285714,0.4,0.6,PARTIAL_SELL,1553,2026-08-20 10:50:15,500,0.0,0.0,0.0
2026-08-20 10:50:15,2026-08-20,Bhopal,500,18.242552380635637,50.0,50.0,50.0,3.8461538461538463,PANIC,0.5566666666666666,0.0,0.7272727272727273,0.2727272727272727,-5.454545454545454,0.4,0.6,PARTIAL_SELL,1623,2026-08-21 10:39:26,500,0.0,0.0,0.0
2026-08-21 10:39:26,2026-08-21,Bhopal,500,41.0079590737446,88.07970779778825,50.0,50.0,11.538461538461538,CONFLICTED,0.5891666666666666,0.0,0.7391304347826086,0.2608695652173913,-5.217391304347826,0.5,0.5,PARTIAL_SELL,1690,2026-08-22 10:40:41,500,0.0,0.0,0.0
2026-08-22 10:40:41,2026-08-22,Bhopal,500,20.860852732604496,50.0,50.0,50.0,11.538461538461538,PANIC,0.565,0.0,0.75,0.25,-5.0,0.4,0.6,PARTIAL_SELL,1757,2026-08-23 11:15:29,500,0.0,0.0,0.0
2026-08-23 11:15:29,2026-08-23,Bhopal,500,45.09776643245394,50.0,50.0,50.0,7.6923076923076925,NORMAL,0.5391666666666667,0.0,0.76,0.24,-4.8,0.5,0.5,PARTIAL_SELL,1822,2026-08-24 11:12:15,510,10.0,5.0,297500.0
2026-08-24 11:12:15,2026-08-24,Bhopal,510,85.86256349229191,73.1058578630005,50.0,87.0,53.84615384615385,EUPHORIA,0.6233333333333334,0.038461538461538464,0.7307692307692308,0.23076923076923078,-4.230769230769231,0.7,0.30000000000000004,SELL,1896,2026-08-25 11:09:03,525,15.0,4.500000000000001,267750.00000000006
2026-07-28 11:06:02,2026-07-28,Bilashpur,600,11.920292202211755,50.0,50.0,50.0,0.0,PANIC,0.445,0.3333333333333333,0.3333333333333333,0.3333333333333333,0.0,0.4785714285714286,0.5214285714285714,PARTIAL_SELL,7,2026-07-29 10:53:12,575,-25.0,-13.035714285714285,-775624.9999999999
2026-07-29 10:53:12,2026-07-29,Bilashpur,575,7.707573837650308,1.7986209962091522,50.0,0.0,0.0,CONFLICTED,0.49416666666666664,0.0,0.0,1.0,-25.0,0.5,0.5,PARTIAL_SELL,91,2026-07-30 10:55:48,550,-25.0,-12.5,-743750.0
2026-07-30 10:55:48,2026-07-30,Bilashpur,550,8.119430885401066,88.07970779778825,50.0,0.0,4.166666666666666,PANIC,0.52,0.0,0.0,1.0,-25.0,0.45714285714285713,0.5428571428571429,PARTIAL_SELL,159,2026-07-31 11:25:15,550,0.0,0.0,0.0
2026-07-31 11:25:15,2026-07-31,Bilashpur,550,4.565117078444366,73.1058578630005,50.0,0.0,0.0,PANIC,0.5241666666666668,0.0,0.33333333333333337,0.6666666666666666,-16.666666666666668,0.45357142857142857,0.5464285714285715,PARTIAL_SELL,238,2026-08-01 11:13:08,480,-70.0,-38.25000000000001,-2275875.0000000005
2026-08-01 11:13:08,2026-08-01,Bilashpur,480,4.859778426245896,95.25741268224333,50.0,0.0,0.0,PANIC,0.5283333333333333,0.0,0.25,0.75,-30.0,0.45,0.55,PARTIAL_SELL,312,2026-08-02 11:00:41,480,0.0,0.0,0.0
2026-08-02 11:00:41,2026-08-02,Bilashpur,480,5.315113639806377,50.0,50.0,0.0,16.666666666666664,PANIC,0.4825000000000001,0.0,0.4,0.6,-24.0,0.44642857142857145,0.5535714285714286,PARTIAL_SELL,382,2026-08-03 10:50:19,485,5.0,2.7678571428571432,164687.50000000003
2026-08-03 10:50:19,2026-08-03,Bilashpur,485,22.419598805957175,50.0,50.0,0.0,20.0,PANIC,0.4883333333333333,0.0,0.5,0.5,-19.166666666666668,0.44285714285714284,0.5571428571428572,PARTIAL_SELL,453,2026-08-04 10:58:02,485,0.0,0.0,0.0
2026-08-04 10:58:02,2026-08-04,Bilashpur,485,14.457775046587727,50.0,50.0,56.0,8.0,PANIC,0.4925,0.0,0.5714285714285714,0.42857142857142855,-16.428571428571427,0.4392857142857143,0.5607142857142857,PARTIAL_SELL,525,2026-08-05 11:06:04,480,-5.0,-2.803571428571429,-166812.50000000003
2026-08-05 11:06:04,2026-08-05,Bilashpur,480,22.146612553425815,50.0,50.0,37.5,36.0,PANIC,0.49666666666666676,0.0,0.625,0.375,-15.0,0.4357142857142857,0.5642857142857143,PARTIAL_SELL,596,2026-08-06 10:56:49,480,0.0,0.0,0.0
2026-08-06 10:56:49,2026-08-06,Bilashpur,480,61.278081140124996,50.0,50.0,44.0,50.0,NORMAL,0.4725,0.0,0.6666666666666667,0.3333333333333333,-13.333333333333334,0.5,0.5,PARTIAL_SELL,666,2026-08-07 11:21:14,480,0.0,0.0,0.0
2026-08-07 11:21:14,2026-08-07,Bilashpur,480,63.02602229177513,50.0,50.0,44.0,38.46153846153847,NORMAL,0.4766666666666666,0.0,0.7,0.3,-12.0,0.5,0.5,PARTIAL_SELL,741,2026-08-08 10:47:50,470,-10.0,-5.0,-297500.0
2026-08-08 10:47:50,2026-08-08,Bilashpur,470,21.579821570626745,50.0,50.0,13.0,15.384615384615385,PANIC,0.5108333333333334,0.0,0.6363636363636364,0.36363636363636365,-11.818181818181818,0.425,0.575,PARTIAL_SELL,805,2026-08-09 11:10:16,465,-5.0,-2.875,-171062.5
2026-08-09 11:10:16,2026-08-09,Bilashpur,465,5.652884171147505,50.0,50.0,19.5,0.0,PANIC,0.515,0.0,0.6666666666666667,0.3333333333333333,-11.25,0.42142857142857143,0.5785714285714285,PARTIAL_SELL,876,2026-08-10 11:05:10,440,-25.0,-14.464285714285714,-860625.0
2026-08-10 11:05:10,2026-08-10,Bilashpur,440,7.652218783264708,50.0,50.0,0.0,0.0,PANIC,0.5191666666666667,0.0,0.6153846153846154,0.38461538461538464,-12.307692307692308,0.41785714285714287,0.5821428571428571,PARTIAL_SELL,942,2026-08-11 11:11:53,440,0.0,0.0,0.0
2026-08-11 11:11:53,2026-08-11,Bilashpur,440,6.496916912866411,50.0,50.0,14.0,26.923076923076923,PANIC,0.5233333333333333,0.0,0.6428571428571428,0.35714285714285715,-11.428571428571429,0.4142857142857143,0.5857142857142856,PARTIAL_SELL,1013,2026-08-12 11:02:56,440,0.0,0.0,0.0
2026-08-12 11:02:56,2026-08-12,Bilashpur,440,3.4445195666211177,26.894142136999513,50.0,20.0,0.0,CONFLICTED,0.5558333333333333,0.0,0.6666666666666667,0.3333333333333333,-10.666666666666666,0.5,0.5,PARTIAL_SELL,1080,2026-08-13 11:17:21,440,0.0,0.0,0.0
2026-08-13 11:17:21,2026-08-13,Bilashpur,440,3.775703235156591,50.0,88.07970779778825,50.0,15.384615384615385,PANIC,0.5816666666666667,0.0,0.6875,0.3125,-10.0,0.40714285714285714,0.5928571428571429,PARTIAL_SELL,1150,2026-08-14 10:46:30,440,0.0,0.0,0.0
2026-08-14 10:46:30,2026-08-14,Bilashpur,440,10.95605153876545,50.0,88.07970779778825,50.0,11.538461538461538,PANIC,0.5858333333333334,0.0,0.7058823529411764,0.29411764705882354,-9.411764705882353,0.4035714285714286,0.5964285714285714,PARTIAL_SELL,1217,2026-08-16 10:44:37,440,0.0,0.0,0.0
2026-08-16 10:44:37,2026-08-16,Bilashpur,440,48.24633365032592,50.0,50.0,50.0,50.0,NORMAL,0.51,0.0,0.7222222222222222,0.2777777777777778,-8.88888888888889,0.5,0.5,PARTIAL_SELL,1351,2026-08-17 11:04:25,460,20.0,10.0,595000.0
2026-08-17 11:04:25,2026-08-17,Bilashpur,460,52.27116332606391,50.0,73.1058578630005,100.0,15.384615384615385,CONFLICTED,0.5725,0.05263157894736842,0.6842105263157896,0.2631578947368421,-7.368421052631579,0.5,0.5,PARTIAL_SELL,1421,2026-08-18 11:19:16,465,5.0,2.5,148750.0
2026-08-18 11:19:16,2026-08-18,Bilashpur,465,17.929565810934697,50.0,50.0,92.5,7.6923076923076925,PANIC,0.5483333333333333,0.05,0.7,0.25,-6.75,0.4,0.6,PARTIAL_SELL,1491,2026-08-19 10:41:53,465,0.0,0.0,0.0
2026-08-19 10:41:53,2026-08-19,Bilashpur,465,8.147033678346475,50.0,50.0,80.0,3.8461538461538463,PANIC,0.5525000000000001,0.047619047619047616,0.7142857142857142,0.23809523809523808,-6.428571428571429,0.4,0.6,PARTIAL_SELL,1553,2026-08-20 10:50:15,460,-5.0,-3.0,-178500.0
2026-08-20 10:50:15,2026-08-20,Bilashpur,460,18.242552380635637,50.0,50.0,37.5,3.8461538461538463,PANIC,0.5566666666666666,0.045454545454545456,0.7272727272727273,0.22727272727272727,-6.363636363636363,0.4,0.6,PARTIAL_SELL,1623,2026-08-21 10:39:26,460,0.0,0.0,0.0
2026-08-21 10:39:26,2026-08-21,Bilashpur,460,41.0079590737446,88.07970779778825,50.0,44.0,11.538461538461538,CONFLICTED,0.5891666666666666,0.043478260869565216,0.7391304347826088,0.21739130434782608,-6.086956521739131,0.5,0.5,PARTIAL_SELL,1690,2026-08-22 10:40:41,460,0.0,0.0,0.0
2026-08-22 10:40:41,2026-08-22,Bilashpur,460,20.860852732604496,50.0,50.0,44.0,11.538461538461538,PANIC,0.565,0.041666666666666664,0.75,0.20833333333333334,-5.833333333333333,0.4,0.6,PARTIAL_SELL,1757,2026-08-23 11:15:29,460,0.0,0.0,0.0
2026-08-23 11:15:29,2026-08-23,Bilashpur,460,45.09776643245394,50.0,50.0,50.0,7.6923076923076925,NORMAL,0.5391666666666667,0.04,0.76,0.2,-5.6,0.5,0.5,PARTIAL_SELL,1822,2026-08-24 11:12:15,460,0.0,0.0,0.0
2026-08-24 11:12:15,2026-08-24,Bilashpur,460,85.86256349229191,73.1058578630005,50.0,50.0,53.84615384615385,EUPHORIA,0.6233333333333334,0.038461538461538464,0.7692307692307693,0.19230769230769232,-5.384615384615385,0.7,0.30000000000000004,SELL,1896,2026-08-25 11:09:03,485,25.0,7.500000000000001,446250.00000000006
2026-07-28 11:06:02,2026-07-28,Davangere,570,11.920292202211755,50.0,50.0,50.0,0.0,PANIC,0.445,0.3333333333333333,0.3333333333333333,0.3333333333333333,0.0,0.4785714285714286,0.5214285714285714,PARTIAL_SELL,7,2026-07-29 10:53:12,560,-10.0,-5.2142857142857135,-310249.99999999994
2026-07-29 10:53:12,2026-07-29,Davangere,560,7.707573837650308,1.7986209962091522,50.0,25.0,0.0,CONFLICTED,0.49416666666666664,0.0,0.0,1.0,-10.0,0.5,0.5,PARTIAL_SELL,91,2026-07-30 10:55:48,540,-20.0,-10.0,-595000.0
2026-07-30 10:55:48,2026-07-30,Davangere,540,8.119430885401066,88.07970779778825,50.0,0.0,4.166666666666666,PANIC,0.52,0.0,0.0,1.0,-15.0,0.45714285714285713,0.5428571428571429,PARTIAL_SELL,159,2026-07-31 11:25:15,530,-10.0,-5.428571428571429,-323000.0
2026-07-31 11:25:15,2026-07-31,Davangere,530,4.565117078444366,73.1058578630005,50.0,0.0,0.0,PANIC,0.5241666666666668,0.0,0.0,1.0,-13.333333333333334,0.45357142857142857,0.5464285714285715,PARTIAL_SELL,238,2026-08-01 11:13:08,520,-10.0,-5.464285714285715,-325125.00000000006
2026-08-01 11:13:08,2026-08-01,Davangere,520,4.859778426245896,95.25741268224333,50.0,0.0,0.0,PANIC,0.5283333333333333,0.0,0.0,1.0,-12.5,0.45,0.55,PARTIAL_SELL,312,2026-08-02 11:00:41,520,0.0,0.0,0.0
2026-08-02 11:00:41,2026-08-02,Davangere,520,5.315113639806377,50.0,50.0,26.0,16.666666666666664,PANIC,0.4825000000000001,0.0,0.19999999999999996,0.8,-10.0,0.44642857142857145,0.5535714285714286,PARTIAL_SELL,382,2026-08-03 10:50:19,500,-20.0,-11.071428571428573,-658750.0000000001
2026-08-03 10:50:19,2026-08-03,Davangere,500,22.419598805957175,50.0,50.0,0.0,20.0,PANIC,0.4883333333333333,0.0,0.16666666666666663,0.8333333333333334,-11.666666666666666,0.44285714285714284,0.5571428571428572,PARTIAL_SELL,453,2026-08-04 10:58:02,480,-20.0,-11.142857142857142,-663000.0
2026-08-04 10:58:02,2026-08-04,Davangere,480,14.457775046587727,50.0,50.0,0.0,8.0,PANIC,0.4925,0.0,0.1428571428571429,0.8571428571428571,-12.857142857142858,0.4392857142857143,0.5607142857142857,PARTIAL_SELL,525,2026-08-05 11:06:04,500,20.0,11.214285714285715,667250.0000000001
2026-08-05 11:06:04,2026-08-05,Davangere,500,22.146612553425815,50.0,50.0,76.0,36.0,PANIC,0.49666666666666676,0.125,0.125,0.75,-8.75,0.4357142857142857,0.5642857142857143,PARTIAL_SELL,596,2026-08-06 10:56:49,510,10.0,5.642857142857142,335749.99999999994
2026-08-06 10:56:49,2026-08-06,Davangere,510,61.278081140124996,50.0,50.0,87.0,50.0,NORMAL,0.4725,0.2222222222222222,0.11111111111111116,0.6666666666666666,-6.666666666666667,0.5,0.5,PARTIAL_SELL,666,2026-08-07 11:21:14,510,0.0,0.0,0.0
2026-08-07 11:21:14,2026-08-07,Davangere,510,63.02602229177513,50.0,50.0,86.0,38.46153846153847,NORMAL,0.4766666666666666,0.2,0.20000000000000007,0.6,-6.0,0.5,0.5,PARTIAL_SELL,741,2026-08-08 10:47:50,510,0.0,0.0,0.0
2026-08-08 10:47:50,2026-08-08,Davangere,510,21.579821570626745,50.0,50.0,62.0,15.384615384615385,PANIC,0.5108333333333334,0.18181818181818182,0.2727272727272727,0.5454545454545454,-5.454545454545454,0.425,0.575,PARTIAL_SELL,805,2026-08-09 11:10:16,500,-10.0,-5.75,-342125.0
2026-08-09 11:10:16,2026-08-09,Davangere,500,5.652884171147505,50.0,50.0,13.0,0.0,PANIC,0.515,0.16666666666666666,0.25,0.5833333333333334,-5.833333333333333,0.42142857142857143,0.5785714285714285,PARTIAL_SELL,876,2026-08-10 11:05:10,500,0.0,0.0,0.0
2026-08-10 11:05:10,2026-08-10,Davangere,500,7.652218783264708,50.0,50.0,38.0,0.0,PANIC,0.5191666666666667,0.15384615384615385,0.3076923076923077,0.5384615384615384,-5.384615384615385,0.41785714285714287,0.5821428571428571,PARTIAL_SELL,942,2026-08-11 11:11:53,490,-10.0,-5.821428571428571,-346375.0
2026-08-11 11:11:53,2026-08-11,Davangere,490,6.496916912866411,50.0,50.0,1.0,26.923076923076923,PANIC,0.5233333333333333,0.14285714285714285,0.2857142857142858,0.5714285714285714,-5.714285714285714,0.4142857142857143,0.5857142857142856,PARTIAL_SELL,1013,2026-08-12 11:02:56,490,0.0,0.0,0.0
2026-08-12 11:02:56,2026-08-12,Davangere,490,3.4445195666211177,26.894142136999513,50.0,38.0,0.0,CONFLICTED,0.5558333333333333,0.13333333333333333,0.33333333333333337,0.5333333333333333,-5.333333333333333,0.5,0.5,PARTIAL_SELL,1080,2026-08-13 11:17:21,490,0.0,0.0,0.0
2026-08-13 11:17:21,2026-08-13,Davangere,490,3.775703235156591,50.0,88.07970779778825,38.0,15.384615384615385,PANIC,0.5816666666666667,0.125,0.375,0.5,-5.0,0.40714285714285714,0.5928571428571429,PARTIAL_SELL,1150,2026-08-14 10:46:30,490,0.0,0.0,0.0
2026-08-14 10:46:30,2026-08-14,Davangere,490,10.95605153876545,50.0,88.07970779778825,50.0,11.538461538461538,PANIC,0.5858333333333334,0.11764705882352941,0.4117647058823529,0.47058823529411764,-4.705882352941177,0.4035714285714286,0.5964285714285714,PARTIAL_SELL,1217,2026-08-16 10:44:37,490,0.0,0.0,0.0
2026-08-16 10:44:37,2026-08-16,Davangere,490,48.24633365032592,50.0,50.0,50.0,50.0,NORMAL,0.51,0.1111111111111111,0.4444444444444444,0.4444444444444444,-4.444444444444445,0.5,0.5,PARTIAL_SELL,1351,2026-08-17 11:04:25,490,0.0,0.0,0.0
2026-08-17 11:04:25,2026-08-17,Davangere,490,52.27116332606391,50.0,73.1058578630005,50.0,15.384615384615385,CONFLICTED,0.5725,0.10526315789473684,0.4736842105263158,0.42105263157894735,-4.2105263157894735,0.5,0.5,PARTIAL_SELL,1421,2026-08-18 11:19:16,490,0.0,0.0,0.0
2026-08-18 11:19:16,2026-08-18,Davangere,490,17.929565810934697,50.0,50.0,50.0,7.6923076923076925,PANIC,0.5483333333333333,0.1,0.5,0.4,-4.0,0.4,0.6,PARTIAL_SELL,1491,2026-08-19 10:41:53,490,0.0,0.0,0.0
2026-08-19 10:41:53,2026-08-19,Davangere,490,8.147033678346475,50.0,50.0,50.0,3.8461538461538463,PANIC,0.5525000000000001,0.09523809523809523,0.5238095238095238,0.38095238095238093,-3.8095238095238093,0.4,0.6,PARTIAL_SELL,1553,2026-08-20 10:50:15,490,0.0,0.0,0.0
2026-08-20 10:50:15,2026-08-20,Davangere,490,18.242552380635637,50.0,50.0,50.0,3.8461538461538463,PANIC,0.5566666666666666,0.09090909090909091,0.5454545454545454,0.36363636363636365,-3.6363636363636362,0.4,0.6,PARTIAL_SELL,1623,2026-08-21 10:39:26,460,-30.0,-18.0,-1071000.0
2026-08-21 10:39:26,2026-08-21,Davangere,460,41.0079590737446,88.07970779778825,50.0,0.0,11.538461538461538,CONFLICTED,0.5891666666666666,0.08695652173913043,0.5217391304347827,0.391304347826087,-4.782608695652174,0.5,0.5,PARTIAL_SELL,1690,2026-08-22 10:40:41,450,-10.0,-5.0,-297500.0
2026-08-22 10:40:41,2026-08-22,Davangere,450,20.860852732604496,50.0,50.0,0.0,11.538461538461538,PANIC,0.565,0.08333333333333333,0.49999999999999994,0.4166666666666667,-5.0,0.4,0.6,PARTIAL_SELL,1757,2026-08-23 11:15:29,450,0.0,0.0,0.0
2026-08-23 11:15:29,2026-08-23,Davangere,450,45.09776643245394,50.0,50.0,2.0,7.6923076923076925,NORMAL,0.5391666666666667,0.08,0.52,0.4,-4.8,0.5,0.5,PARTIAL_SELL,1822,2026-08-24 11:12:15,450,0.0,0.0,0.0
2026-08-24 11:12:15,2026-08-24,Davangere,450,85.86256349229191,73.1058578630005,50.0,38.0,53.84615384615385,EUPHORIA,0.6233333333333334,0.07692307692307693,0.5384615384615385,0.38461538461538464,-4.615384615384615,0.7,0.30000000000000004,SELL,1896,2026-08-25 11:09:03,460,10.0,3.0000000000000004,178500.00000000003
2026-07-28 11:06:02,2026-07-28,Gujrat Necc Selling rate,630,11.920292202211755,50.0,50.0,50.0,0.0,PANIC,0.445,0.3333333333333333,0.3333333333333333,0.3333333333333333,0.0,0.4785714285714286,0.5214285714285714,PARTIAL_SELL,7,2026-07-29 10:53:12,580,-50.0,-26.07142857142857,-1551249.9999999998
2026-07-29 10:53:12,2026-07-29,Gujrat Necc Selling rate,580,7.707573837650308,1.7986209962091522,50.0,0.0,0.0,CONFLICTED,0.49416666666666664,0.0,0.0,1.0,-50.0,0.5,0.5,PARTIAL_SELL,91,2026-07-30 10:55:48,570,-10.0,-5.0,-297500.0
2026-07-30 10:55:48,2026-07-30,Gujrat Necc Selling rate,570,8.119430885401066,88.07970779778825,50.0,25.0,4.166666666666666,PANIC,0.52,0.0,0.0,1.0,-30.0,0.45714285714285713,0.5428571428571429,PARTIAL_SELL,159,2026-07-31 11:25:15,550,-20.0,-10.857142857142858,-646000.0
2026-07-31 11:25:15,2026-07-31,Gujrat Necc Selling rate,550,4.565117078444366,73.1058578630005,50.0,0.0,0.0,PANIC,0.5241666666666668,0.0,0.0,1.0,-26.666666666666668,0.45357142857142857,0.5464285714285715,PARTIAL_SELL,238,2026-08-01 11:13:08,530,-20.0,-10.92857142857143,-650250.0000000001
2026-08-01 11:13:08,2026-08-01,Gujrat Necc Selling rate,530,4.859778426245896,95.25741268224333,50.0,0.0,0.0,PANIC,0.5283333333333333,0.0,0.0,1.0,-25.0,0.45,0.55,PARTIAL_SELL,312,2026-08-02 11:00:41,530,0.0,0.0,0.0
2026-08-02 11:00:41,2026-08-02,Gujrat Necc Selling rate,530,5.315113639806377,50.0,50.0,2.0,16.666666666666664,PANIC,0.4825000000000001,0.0,0.19999999999999996,0.8,-20.0,0.44642857142857145,0.5535714285714286,PARTIAL_SELL,382,2026-08-03 10:50:19,530,0.0,0.0,0.0
2026-08-03 10:50:19,2026-08-03,Gujrat Necc Selling rate,530,22.419598805957175,50.0,50.0,26.0,20.0,PANIC,0.4883333333333333,0.0,0.33333333333333337,0.6666666666666666,-16.666666666666668,0.44285714285714284,0.5571428571428572,PARTIAL_SELL,453,2026-08-04 10:58:02,525,-5.0,-2.7857142857142856,-165750.0
2026-08-04 10:58:02,2026-08-04,Gujrat Necc Selling rate,525,14.457775046587727,50.0,50.0,31.5,8.0,PANIC,0.4925,0.0,0.4285714285714286,0.5714285714285714,-15.0,0.4392857142857143,0.5607142857142857,PARTIAL_SELL,525,2026-08-05 11:06:04,520,-5.0,-2.803571428571429,-166812.50000000003
2026-08-05 11:06:04,2026-08-05,Gujrat Necc Selling rate,520,22.146612553425815,50.0,50.0,25.5,36.0,PANIC,0.49666666666666676,0.0,0.5,0.5,-13.75,0.4357142857142857,0.5642857142857143,PARTIAL_SELL,596,2026-08-06 10:56:49,530,10.0,5.642857142857142,335749.99999999994
2026-08-06 10:56:49,2026-08-06,Gujrat Necc Selling rate,530,61.278081140124996,50.0,50.0,75.0,50.0,NORMAL,0.4725,0.1111111111111111,0.4444444444444444,0.4444444444444444,-11.11111111111111,0.5,0.5,PARTIAL_SELL,666,2026-08-07 11:21:14,530,0.0,0.0,0.0
2026-08-07 11:21:14,2026-08-07,Gujrat Necc Selling rate,530,63.02602229177513,50.0,50.0,56.0,38.46153846153847,NORMAL,0.4766666666666666,0.1,0.5,0.4,-10.0,0.5,0.5,PARTIAL_SELL,741,2026-08-08 10:47:50,530,0.0,0.0,0.0
2026-08-08 10:47:50,2026-08-08,Gujrat Necc Selling rate,530,21.579821570626745,50.0,50.0,62.0,15.384615384615385,PANIC,0.5108333333333334,0.09090909090909091,0.5454545454545454,0.36363636363636365,-9.090909090909092,0.425,0.575,PARTIAL_SELL,805,2026-08-09 11:10:16,515,-15.0,-8.625,-513187.5
2026-08-09 11:10:16,2026-08-09,Gujrat Necc Selling rate,515,5.652884171147505,50.0,50.0,0.0,0.0,PANIC,0.515,0.08333333333333333,0.49999999999999994,0.4166666666666667,-9.583333333333334,0.42142857142857143,0.5785714285714285,PARTIAL_SELL,876,2026-08-10 11:05:10,515,0.0,0.0,0.0
2026-08-10 11:05:10,2026-08-10,Gujrat Necc Selling rate,515,7.652218783264708,50.0,50.0,32.0,0.0,PANIC,0.5191666666666667,0.07692307692307693,0.5384615384615385,0.38461538461538464,-8.846153846153847,0.41785714285714287,0.5821428571428571,PARTIAL_SELL,942,2026-08-11 11:11:53,525,10.0,5.821428571428571,346375.0
2026-08-11 11:11:53,2026-08-11,Gujrat Necc Selling rate,525,6.496916912866411,50.0,50.0,69.0,26.923076923076923,PANIC,0.5233333333333333,0.14285714285714285,0.5,0.35714285714285715,-7.5,0.4142857142857143,0.5857142857142856,PARTIAL_SELL,1013,2026-08-12 11:02:56,515,-10.0,-5.857142857142856,-348499.99999999994
2026-08-12 11:02:56,2026-08-12,Gujrat Necc Selling rate,515,3.4445195666211177,26.894142136999513,50.0,25.0,0.0,CONFLICTED,0.5558333333333333,0.13333333333333333,0.4666666666666667,0.4,-7.666666666666667,0.5,0.5,PARTIAL_SELL,1080,2026-08-13 11:17:21,515,0.0,0.0,0.0
2026-08-13 11:17:21,2026-08-13,Gujrat Necc Selling rate,515,3.775703235156591,50.0,88.07970779778825,50.0,15.384615384615385,PANIC,0.5816666666666667,0.125,0.5,0.375,-7.1875,0.40714285714285714,0.5928571428571429,PARTIAL_SELL,1150,2026-08-14 10:46:30,520,5.0,2.9642857142857144,176375.0
2026-08-14 10:46:30,2026-08-14,Gujrat Necc Selling rate,520,10.95605153876545,50.0,88.07970779778825,56.5,11.538461538461538,PANIC,0.5858333333333334,0.11764705882352941,0.5294117647058822,0.35294117647058826,-6.470588235294118,0.4035714285714286,0.5964285714285714,PARTIAL_SELL,1217,2026-08-16 10:44:37,525,5.0,2.982142857142857,177437.5
2026-08-16 10:44:37,2026-08-16,Gujrat Necc Selling rate,525,48.24633365032592,50.0,50.0,74.5,50.0,NORMAL,0.51,0.1111111111111111,0.5555555555555556,0.3333333333333333,-5.833333333333333,0.5,0.5,PARTIAL_SELL,1351,2026-08-17 11:04:25,530,5.0,2.5,148750.0
2026-08-17 11:04:25,2026-08-17,Gujrat Necc Selling rate,530,52.27116332606391,50.0,73.1058578630005,80.5,15.384615384615385,CONFLICTED,0.5725,0.10526315789473684,0.5789473684210527,0.3157894736842105,-5.2631578947368425,0.5,0.5,PARTIAL_SELL,1421,2026-08-18 11:19:16,530,0.0,0.0,0.0
2026-08-18 11:19:16,2026-08-18,Gujrat Necc Selling rate,530,17.929565810934697,50.0,50.0,62.0,7.6923076923076925,PANIC,0.5483333333333333,0.1,0.6000000000000001,0.3,-5.0,0.4,0.6,PARTIAL_SELL,1491,2026-08-19 10:41:53,530,0.0,0.0,0.0
2026-08-19 10:41:53,2026-08-19,Gujrat Necc Selling rate,530,8.147033678346475,50.0,50.0,56.0,3.8461538461538463,PANIC,0.5525000000000001,0.09523809523809523,0.6190476190476191,0.2857142857142857,-4.761904761904762,0.4,0.6,PARTIAL_SELL,1553,2026-08-20 10:50:15,530,0.0,0.0,0.0
2026-08-20 10:50:15,2026-08-20,Gujrat Necc Selling rate,530,18.242552380635637,50.0,50.0,50.0,3.8461538461538463,PANIC,0.5566666666666666,0.09090909090909091,0.6363636363636364,0.2727272727272727,-4.545454545454546,0.4,0.6,PARTIAL_SELL,1623,2026-08-21 10:39:26,535,5.0,3.0,178500.0
2026-08-21 10:39:26,2026-08-21,Gujrat Necc Selling rate,535,41.0079590737446,88.07970779778825,50.0,68.5,11.538461538461538,CONFLICTED,0.5891666666666666,0.08695652173913043,0.6521739130434783,0.2608695652173913,-4.130434782608695,0.5,0.5,PARTIAL_SELL,1690,2026-08-22 10:40:41,535,0.0,0.0,0.0
2026-08-22 10:40:41,2026-08-22,Gujrat Necc Selling rate,535,20.860852732604496,50.0,50.0,56.0,11.538461538461538,PANIC,0.565,0.08333333333333333,0.6666666666666666,0.25,-3.9583333333333335,0.4,0.6,PARTIAL_SELL,1757,2026-08-23 11:15:29,535,0.0,0.0,0.0
2026-08-23 11:15:29,2026-08-23,Gujrat Necc Selling rate,535,45.09776643245394,50.0,50.0,56.0,7.6923076923076925,NORMAL,0.5391666666666667,0.08,0.68,0.24,-3.8,0.5,0.5,PARTIAL_SELL,1822,2026-08-24 11:12:15,540,5.0,2.5,148750.0
2026-08-24 11:12:15,2026-08-24,Gujrat Necc Selling rate,540,85.86256349229191,73.1058578630005,50.0,68.5,53.84615384615385,EUPHORIA,0.6233333333333334,0.07692307692307693,0.6923076923076923,0.23076923076923078,-3.4615384615384617,0.7,0.30000000000000004,SELL,1896,2026-08-25 11:09:03,545,5.0,1.5000000000000002,89250.00000000001
2026-07-28 11:06:02,2026-07-28,Hospet,560,11.920292202211755,50.0,50.0,50.0,0.0,PANIC,0.445,0.3333333333333333,0.3333333333333333,0.3333333333333333,0.0,0.4785714285714286,0.5214285714285714,PARTIAL_SELL,7,2026-07-29 10:53:12,530,-30.0,-15.64285714285714,-930749.9999999999
2026-07-29 10:53:12,2026-07-29,Hospet,530,7.707573837650308,1.7986209962091522,50.0,0.0,0.0,CONFLICTED,0.49416666666666664,0.0,0.0,1.0,-30.0,0.5,0.5,PARTIAL_SELL,91,2026-07-30 10:55:48,520,-10.0,-5.0,-297500.0
2026-07-30 10:55:48,2026-07-30,Hospet,520,8.119430885401066,88.07970779778825,50.0,25.0,4.166666666666666,PANIC,0.52,0.0,0.0,1.0,-20.0,0.45714285714285713,0.5428571428571429,PARTIAL_SELL,159,2026-07-31 11:25:15,520,0.0,0.0,0.0
2026-07-31 11:25:15,2026-07-31,Hospet,520,4.565117078444366,73.1058578630005,50.0,2.0,0.0,PANIC,0.5241666666666668,0.0,0.33333333333333337,0.6666666666666666,-13.333333333333334,0.45357142857142857,0.5464285714285715,PARTIAL_SELL,238,2026-08-01 11:13:08,500,-20.0,-10.92857142857143,-650250.0000000001
2026-08-01 11:13:08,2026-08-01,Hospet,500,4.859778426245896,95.25741268224333,50.0,0.0,0.0,PANIC,0.5283333333333333,0.0,0.25,0.75,-15.0,0.45,0.55,PARTIAL_SELL,312,2026-08-02 11:00:41,485,-15.0,-8.25,-490875.0
2026-08-02 11:00:41,2026-08-02,Hospet,485,5.315113639806377,50.0,50.0,0.0,16.666666666666664,PANIC,0.4825000000000001,0.0,0.19999999999999996,0.8,-15.0,0.44642857142857145,0.5535714285714286,PARTIAL_SELL,382,2026-08-03 10:50:19,470,-15.0,-8.303571428571429,-494062.5
2026-08-03 10:50:19,2026-08-03,Hospet,470,22.419598805957175,50.0,50.0,0.0,20.0,PANIC,0.4883333333333333,0.0,0.16666666666666663,0.8333333333333334,-15.0,0.44285714285714284,0.5571428571428572,PARTIAL_SELL,453,2026-08-04 10:58:02,470,0.0,0.0,0.0
2026-08-04 10:58:02,2026-08-04,Hospet,470,14.457775046587727,50.0,50.0,14.0,8.0,PANIC,0.4925,0.0,0.2857142857142857,0.7142857142857143,-12.857142857142858,0.4392857142857143,0.5607142857142857,PARTIAL_SELL,525,2026-08-05 11:06:04,500,30.0,16.821428571428573,1000875.0000000001
2026-08-05 11:06:04,2026-08-05,Hospet,500,22.146612553425815,50.0,50.0,100.0,36.0,PANIC,0.49666666666666676,0.125,0.25,0.625,-7.5,0.4357142857142857,0.5642857142857143,PARTIAL_SELL,596,2026-08-06 10:56:49,500,0.0,0.0,0.0
2026-08-06 10:56:49,2026-08-06,Hospet,500,61.278081140124996,50.0,50.0,86.0,50.0,NORMAL,0.4725,0.1111111111111111,0.33333333333333326,0.5555555555555556,-6.666666666666667,0.5,0.5,PARTIAL_SELL,666,2026-08-07 11:21:14,510,10.0,5.0,297500.0
2026-08-07 11:21:14,2026-08-07,Hospet,510,63.02602229177513,50.0,50.0,100.0,38.46153846153847,NORMAL,0.4766666666666666,0.2,0.30000000000000004,0.5,-5.0,0.5,0.5,PARTIAL_SELL,741,2026-08-08 10:47:50,510,0.0,0.0,0.0
2026-08-08 10:47:50,2026-08-08,Hospet,510,21.579821570626745,50.0,50.0,62.0,15.384615384615385,PANIC,0.5108333333333334,0.18181818181818182,0.3636363636363636,0.45454545454545453,-4.545454545454546,0.425,0.575,PARTIAL_SELL,805,2026-08-09 11:10:16,500,-10.0,-5.75,-342125.0
2026-08-09 11:10:16,2026-08-09,Hospet,500,5.652884171147505,50.0,50.0,25.0,0.0,PANIC,0.515,0.16666666666666666,0.33333333333333337,0.5,-5.0,0.42142857142857143,0.5785714285714285,PARTIAL_SELL,876,2026-08-10 11:05:10,485,-15.0,-8.678571428571427,-516374.9999999999
2026-08-10 11:05:10,2026-08-10,Hospet,485,7.652218783264708,50.0,50.0,0.0,0.0,PANIC,0.5191666666666667,0.15384615384615385,0.3076923076923077,0.5384615384615384,-5.769230769230769,0.41785714285714287,0.5821428571428571,PARTIAL_SELL,942,2026-08-11 11:11:53,485,0.0,0.0,0.0
2026-08-11 11:11:53,2026-08-11,Hospet,485,6.496916912866411,50.0,50.0,20.0,26.923076923076923,PANIC,0.5233333333333333,0.14285714285714285,0.3571428571428572,0.5,-5.357142857142857,0.4142857142857143,0.5857142857142856,PARTIAL_SELL,1013,2026-08-12 11:02:56,485,0.0,0.0,0.0
2026-08-12 11:02:56,2026-08-12,Hospet,485,3.4445195666211177,26.894142136999513,50.0,32.0,0.0,CONFLICTED,0.5558333333333333,0.13333333333333333,0.4,0.4666666666666667,-5.0,0.5,0.5,PARTIAL_SELL,1080,2026-08-13 11:17:21,480,-5.0,-2.5,-148750.0
2026-08-13 11:17:21,2026-08-13,Hospet,480,3.775703235156591,50.0,88.07970779778825,31.5,15.384615384615385,PANIC,0.5816666666666667,0.125,0.4375,0.4375,-5.0,0.40714285714285714,0.5928571428571429,PARTIAL_SELL,1150,2026-08-14 10:46:30,480,0.0,0.0,0.0
2026-08-14 10:46:30,2026-08-14,Hospet,480,10.95605153876545,50.0,88.07970779778825,44.0,11.538461538461538,PANIC,0.5858333333333334,0.11764705882352941,0.47058823529411764,0.4117647058823529,-4.705882352941177,0.4035714285714286,0.5964285714285714,PARTIAL_SELL,1217,2026-08-16 10:44:37,480,0.0,0.0,0.0
2026-08-16 10:44:37,2026-08-16,Hospet,480,48.24633365032592,50.0,50.0,44.0,50.0,NORMAL,0.51,0.1111111111111111,0.49999999999999994,0.3888888888888889,-4.444444444444445,0.5,0.5,PARTIAL_SELL,1351,2026-08-17 11:04:25,480,0.0,0.0,0.0
2026-08-17 11:04:25,2026-08-17,Hospet,480,52.27116332606391,50.0,73.1058578630005,50.0,15.384615384615385,CONFLICTED,0.5725,0.10526315789473684,0.5263157894736843,0.3684210526315789,-4.2105263157894735,0.5,0.5,PARTIAL_SELL,1421,2026-08-18 11:19:16,480,0.0,0.0,0.0
2026-08-18 11:19:16,2026-08-18,Hospet,480,17.929565810934697,50.0,50.0,50.0,7.6923076923076925,PANIC,0.5483333333333333,0.1,0.55,0.35,-4.0,0.4,0.6,PARTIAL_SELL,1491,2026-08-19 10:41:53,470,-10.0,-6.0,-357000.0
2026-08-19 10:41:53,2026-08-19,Hospet,470,8.147033678346475,50.0,50.0,13.0,3.8461538461538463,PANIC,0.5525000000000001,0.09523809523809523,0.5238095238095238,0.38095238095238093,-4.285714285714286,0.4,0.6,PARTIAL_SELL,1553,2026-08-20 10:50:15,460,-10.0,-6.0,-357000.0
2026-08-20 10:50:15,2026-08-20,Hospet,460,18.242552380635637,50.0,50.0,1.0,3.8461538461538463,PANIC,0.5566666666666666,0.09090909090909091,0.49999999999999994,0.4090909090909091,-4.545454545454546,0.4,0.6,PARTIAL_SELL,1623,2026-08-21 10:39:26,460,0.0,0.0,0.0
2026-08-21 10:39:26,2026-08-21,Hospet,460,41.0079590737446,88.07970779778825,50.0,26.0,11.538461538461538,CONFLICTED,0.5891666666666666,0.08695652173913043,0.5217391304347827,0.391304347826087,-4.3478260869565215,0.5,0.5,PARTIAL_SELL,1690,2026-08-22 10:40:41,450,-10.0,-5.0,-297500.0
2026-08-22 10:40:41,2026-08-22,Hospet,450,20.860852732604496,50.0,50.0,1.0,11.538461538461538,PANIC,0.565,0.08333333333333333,0.49999999999999994,0.4166666666666667,-4.583333333333333,0.4,0.6,PARTIAL_SELL,1757,2026-08-23 11:15:29,440,-10.0,-6.0,-357000.0
2026-08-23 11:15:29,2026-08-23,Hospet,440,45.09776643245394,50.0,50.0,1.0,7.6923076923076925,NORMAL,0.5391666666666667,0.08,0.48000000000000004,0.44,-4.8,0.5,0.5,PARTIAL_SELL,1822,2026-08-24 11:12:15,445,5.0,2.5,148750.0
2026-08-24 11:12:15,2026-08-24,Hospet,445,85.86256349229191,73.1058578630005,50.0,44.5,53.84615384615385,EUPHORIA,0.6233333333333334,0.07692307692307693,0.5,0.4230769230769231,-4.423076923076923,0.7,0.30000000000000004,SELL,1896,2026-08-25 11:09:03,455,10.0,3.0000000000000004,178500.00000000003
2026-07-28 11:06:02,2026-07-28,Jabalpur,610,11.920292202211755,50.0,50.0,50.0,0.0,PANIC,0.445,0.3333333333333333,0.3333333333333333,0.3333333333333333,0.0,0.4785714285714286,0.5214285714285714,PARTIAL_SELL,7,2026-07-29 10:53:12,590,-20.0,-10.428571428571427,-620499.9999999999
2026-07-29 10:53:12,2026-07-29,Jabalpur,590,7.707573837650308,1.7986209962091522,50.0,0.0,0.0,CONFLICTED,0.49416666666666664,0.0,0.0,1.0,-20.0,0.5,0.5,PARTIAL_SELL,91,2026-07-30 10:55:48,580,-10.0,-5.0,-297500.0
2026-07-30 10:55:48,2026-07-30,Jabalpur,580,8.119430885401066,88.07970779778825,50.0,25.0,4.166666666666666,PANIC,0.52,0.0,0.0,1.0,-15.0,0.45714285714285713,0.5428571428571429,PARTIAL_SELL,159,2026-07-31 11:25:15,560,-20.0,-10.857142857142858,-646000.0
2026-07-31 11:25:15,2026-07-31,Jabalpur,560,4.565117078444366,73.1058578630005,50.0,0.0,0.0,PANIC,0.5241666666666668,0.0,0.0,1.0,-16.666666666666668,0.45357142857142857,0.5464285714285715,PARTIAL_SELL,238,2026-08-01 11:13:08,550,-10.0,-5.464285714285715,-325125.00000000006
2026-08-01 11:13:08,2026-08-01,Jabalpur,550,4.859778426245896,95.25741268224333,50.0,0.0,0.0,PANIC,0.5283333333333333,0.0,0.0,1.0,-15.0,0.45,0.55,PARTIAL_SELL,312,2026-08-02 11:00:41,540,-10.0,-5.5,-327250.0
2026-08-02 11:00:41,2026-08-02,Jabalpur,540,5.315113639806377,50.0,50.0,0.0,16.666666666666664,PANIC,0.4825000000000001,0.0,0.0,1.0,-14.0,0.44642857142857145,0.5535714285714286,PARTIAL_SELL,382,2026-08-03 10:50:19,535,-5.0,-2.7678571428571432,-164687.50000000003
2026-08-03 10:50:19,2026-08-03,Jabalpur,535,22.419598805957175,50.0,50.0,7.5,20.0,PANIC,0.4883333333333333,0.0,0.16666666666666663,0.8333333333333334,-12.5,0.44285714285714284,0.5571428571428572,PARTIAL_SELL,453,2026-08-04 10:58:02,515,-20.0,-11.142857142857142,-663000.0
2026-08-04 10:58:02,2026-08-04,Jabalpur,515,14.457775046587727,50.0,50.0,0.0,8.0,PANIC,0.4925,0.0,0.1428571428571429,0.8571428571428571,-13.571428571428571,0.4392857142857143,0.5607142857142857,PARTIAL_SELL,525,2026-08-05 11:06:04,515,0.0,0.0,0.0
2026-08-05 11:06:04,2026-08-05,Jabalpur,515,22.146612553425815,50.0,50.0,20.0,36.0,PANIC,0.49666666666666676,0.0,0.25,0.75,-11.875,0.4357142857142857,0.5642857142857143,PARTIAL_SELL,596,2026-08-06 10:56:49,520,5.0,2.821428571428571,167874.99999999997
2026-08-06 10:56:49,2026-08-06,Jabalpur,520,61.278081140124996,50.0,50.0,44.5,50.0,NORMAL,0.4725,0.0,0.33333333333333337,0.6666666666666666,-10.0,0.5,0.5,PARTIAL_SELL,666,2026-08-07 11:21:14,520,0.0,0.0,0.0
2026-08-07 11:21:14,2026-08-07,Jabalpur,520,63.02602229177513,50.0,50.0,56.0,38.46153846153847,NORMAL,0.4766666666666666,0.0,0.4,0.6,-9.0,0.5,0.5,PARTIAL_SELL,741,2026-08-08 10:47:50,510,-10.0,-5.0,-297500.0
2026-08-08 10:47:50,2026-08-08,Jabalpur,510,21.579821570626745,50.0,50.0,19.0,15.384615384615385,PANIC,0.5108333333333334,0.0,0.36363636363636365,0.6363636363636364,-9.090909090909092,0.425,0.575,PARTIAL_SELL,805,2026-08-09 11:10:16,510,0.0,0.0,0.0
2026-08-09 11:10:16,2026-08-09,Jabalpur,510,5.652884171147505,50.0,50.0,38.0,0.0,PANIC,0.515,0.0,0.41666666666666663,0.5833333333333334,-8.333333333333334,0.42142857142857143,0.5785714285714285,PARTIAL_SELL,876,2026-08-10 11:05:10,500,-10.0,-5.785714285714285,-344249.99999999994
2026-08-10 11:05:10,2026-08-10,Jabalpur,500,7.652218783264708,50.0,50.0,1.0,0.0,PANIC,0.5191666666666667,0.0,0.3846153846153846,0.6153846153846154,-8.461538461538462,0.41785714285714287,0.5821428571428571,PARTIAL_SELL,942,2026-08-11 11:11:53,500,0.0,0.0,0.0
2026-08-11 11:11:53,2026-08-11,Jabalpur,500,6.496916912866411,50.0,50.0,38.0,26.923076923076923,PANIC,0.5233333333333333,0.0,0.4285714285714286,0.5714285714285714,-7.857142857142857,0.4142857142857143,0.5857142857142856,PARTIAL_SELL,1013,2026-08-12 11:02:56,500,0.0,0.0,0.0
2026-08-12 11:02:56,2026-08-12,Jabalpur,500,3.4445195666211177,26.894142136999513,50.0,38.0,0.0,CONFLICTED,0.5558333333333333,0.0,0.4666666666666667,0.5333333333333333,-7.333333333333333,0.5,0.5,PARTIAL_SELL,1080,2026-08-13 11:17:21,500,0.0,0.0,0.0
2026-08-13 11:17:21,2026-08-13,Jabalpur,500,3.775703235156591,50.0,88.07970779778825,50.0,15.384615384615385,PANIC,0.5816666666666667,0.0,0.5,0.5,-6.875,0.40714285714285714,0.5928571428571429,PARTIAL_SELL,1150,2026-08-14 10:46:30,500,0.0,0.0,0.0
2026-08-14 10:46:30,2026-08-14,Jabalpur,500,10.95605153876545,50.0,88.07970779778825,50.0,11.538461538461538,PANIC,0.5858333333333334,0.0,0.5294117647058824,0.47058823529411764,-6.470588235294118,0.4035714285714286,0.5964285714285714,PARTIAL_SELL,1217,2026-08-16 10:44:37,500,0.0,0.0,0.0
2026-08-16 10:44:37,2026-08-16,Jabalpur,500,48.24633365032592,50.0,50.0,50.0,50.0,NORMAL,0.51,0.0,0.5555555555555556,0.4444444444444444,-6.111111111111111,0.5,0.5,PARTIAL_SELL,1351,2026-08-17 11:04:25,500,0.0,0.0,0.0
2026-08-17 11:04:25,2026-08-17,Jabalpur,500,52.27116332606391,50.0,73.1058578630005,50.0,15.384615384615385,CONFLICTED,0.5725,0.0,0.5789473684210527,0.42105263157894735,-5.7894736842105265,0.5,0.5,PARTIAL_SELL,1421,2026-08-18 11:19:16,495,-5.0,-2.5,-148750.0
2026-08-18 11:19:16,2026-08-18,Jabalpur,495,17.929565810934697,50.0,50.0,31.5,7.6923076923076925,PANIC,0.5483333333333333,0.0,0.6,0.4,-5.75,0.4,0.6,PARTIAL_SELL,1491,2026-08-19 10:41:53,495,0.0,0.0,0.0
2026-08-19 10:41:53,2026-08-19,Jabalpur,495,8.147033678346475,50.0,50.0,44.0,3.8461538461538463,PANIC,0.5525000000000001,0.0,0.6190476190476191,0.38095238095238093,-5.476190476190476,0.4,0.6,PARTIAL_SELL,1553,2026-08-20 10:50:15,495,0.0,0.0,0.0
2026-08-20 10:50:15,2026-08-20,Jabalpur,495,18.242552380635637,50.0,50.0,44.0,3.8461538461538463,PANIC,0.5566666666666666,0.0,0.6363636363636364,0.36363636363636365,-5.2272727272727275,0.4,0.6,PARTIAL_SELL,1623,2026-08-21 10:39:26,495,0.0,0.0,0.0
2026-08-21 10:39:26,2026-08-21,Jabalpur,495,41.0079590737446,88.07970779778825,50.0,50.0,11.538461538461538,CONFLICTED,0.5891666666666666,0.0,0.6521739130434783,0.34782608695652173,-5.0,0.5,0.5,PARTIAL_SELL,1690,2026-08-22 10:40:41,500,5.0,2.5,148750.0
2026-08-22 10:40:41,2026-08-22,Jabalpur,500,20.860852732604496,50.0,50.0,68.5,11.538461538461538,PANIC,0.565,0.0,0.6666666666666667,0.3333333333333333,-4.583333333333333,0.4,0.6,PARTIAL_SELL,1757,2026-08-23 11:15:29,500,0.0,0.0,0.0
2026-08-23 11:15:29,2026-08-23,Jabalpur,500,45.09776643245394,50.0,50.0,56.0,7.6923076923076925,NORMAL,0.5391666666666667,0.0,0.6799999999999999,0.32,-4.4,0.5,0.5,PARTIAL_SELL,1822,2026-08-24 11:12:15,510,10.0,5.0,297500.0
2026-08-24 11:12:15,2026-08-24,Jabalpur,510,85.86256349229191,73.1058578630005,50.0,93.0,53.84615384615385,EUPHORIA,0.6233333333333334,0.038461538461538464,0.6538461538461539,0.3076923076923077,-3.8461538461538463,0.7,0.30000000000000004,SELL,1896,2026-08-25 11:09:03,525,15.0,4.500000000000001,267750.00000000006
2026-07-28 11:06:02,2026-07-28,Kolkata,620,11.920292202211755,50.0,50.0,50.0,0.0,PANIC,0.445,0.3333333333333333,0.3333333333333333,0.3333333333333333,0.0,0.4785714285714286,0.5214285714285714,PARTIAL_SELL,7,2026-07-29 10:53:12,620,0.0,0.0,0.0
2026-07-29 10:53:12,2026-07-29,Kolkata,620,7.707573837650308,1.7986209962091522,50.0,50.0,0.0,CAPITULATION,0.5025,0.0,1.0,0.0,0.0,0.3821428571428571,0.6178571428571429,PARTIAL_SELL,91,2026-07-30 10:55:48,590,-30.0,-18.535714285714285,-1102875.0
2026-07-30 10:55:48,2026-07-30,Kolkata,590,8.119430885401066,88.07970779778825,50.0,0.0,4.166666666666666,PANIC,0.52,0.0,0.5,0.5,-15.0,0.45714285714285713,0.5428571428571429,PARTIAL_SELL,159,2026-07-31 11:25:15,590,0.0,0.0,0.0
2026-07-31 11:25:15,2026-07-31,Kolkata,590,4.565117078444366,73.1058578630005,50.0,14.0,0.0,PANIC,0.5241666666666668,0.0,0.6666666666666667,0.3333333333333333,-10.0,0.45357142857142857,0.5464285714285715,PARTIAL_SELL,238,2026-08-01 11:13:08,590,0.0,0.0,0.0
2026-08-01 11:13:08,2026-08-01,Kolkata,590,4.859778426245896,95.25741268224333,50.0,14.0,0.0,PANIC,0.5283333333333333,0.0,0.75,0.25,-7.5,0.45,0.55,PARTIAL_SELL,312,2026-08-02 11:00:41,590,0.0,0.0,0.0
2026-08-03 10:50:19,2026-08-03,Kolkata Sell,567,22.419598805957175,50.0,50.0,50.0,20.0,PANIC,0.4466666666666666,0.3333333333333333,0.3333333333333333,0.3333333333333333,0.0,0.4785714285714286,0.5214285714285714,PARTIAL_SELL,453,2026-08-04 10:58:02,567,0.0,0.0,0.0
2026-08-04 10:58:02,2026-08-04,Kolkata Sell,567,14.457775046587727,50.0,50.0,50.0,8.0,PANIC,0.46749999999999997,0.0,1.0,0.0,0.0,0.46071428571428574,0.5392857142857143,PARTIAL_SELL,525,2026-08-05 11:06:04,567,0.0,0.0,0.0
2026-08-05 11:06:04,2026-08-05,Kolkata Sell,567,22.146612553425815,50.0,50.0,50.0,36.0,PANIC,0.4716666666666667,0.0,1.0,0.0,0.0,0.45714285714285713,0.5428571428571429,PARTIAL_SELL,596,2026-08-06 10:56:49,577,10.0,5.428571428571429,323000.0
2026-08-06 10:56:49,2026-08-06,Kolkata Sell,577,61.278081140124996,50.0,50.0,87.0,50.0,NORMAL,0.4475,0.3333333333333333,0.6666666666666667,0.0,3.3333333333333335,0.5,0.5,PARTIAL_SELL,666,2026-08-07 11:21:14,577,0.0,0.0,0.0
2026-08-07 11:21:14,2026-08-07,Kolkata Sell,577,63.02602229177513,50.0,50.0,62.0,38.46153846153847,NORMAL,0.45166666666666666,0.25,0.75,0.0,2.5,0.5,0.5,PARTIAL_SELL,741,2026-08-08 10:47:50,577,0.0,0.0,0.0
2026-08-08 10:47:50,2026-08-08,Kolkata Sell,577,21.579821570626745,50.0,50.0,62.0,15.384615384615385,PANIC,0.48583333333333334,0.2,0.8,0.0,2.0,0.44642857142857145,0.5535714285714286,PARTIAL_SELL,805,2026-08-09 11:10:16,577,0.0,0.0,0.0
2026-08-09 11:10:16,2026-08-09,Kolkata Sell,577,5.652884171147505,50.0,50.0,50.0,0.0,PANIC,0.49000000000000005,0.16666666666666666,0.8333333333333334,0.0,1.6666666666666667,0.44285714285714284,0.5571428571428572,PARTIAL_SELL,876,2026-08-10 11:05:10,557,-20.0,-11.142857142857142,-663000.0
2026-08-10 11:05:10,2026-08-10,Kolkata Sell,557,7.652218783264708,50.0,50.0,0.0,0.0,PANIC,0.49416666666666664,0.14285714285714285,0.7142857142857144,0.14285714285714285,-1.4285714285714286,0.4392857142857143,0.5607142857142857,PARTIAL_SELL,942,2026-08-11 11:11:53,557,0.0,0.0,0.0
2026-08-11 11:11:53,2026-08-11,Kolkata Sell,557,6.496916912866411,50.0,50.0,26.0,26.923076923076923,PANIC,0.49833333333333335,0.125,0.75,0.125,-1.25,0.4357142857142857,0.5642857142857143,PARTIAL_SELL,1013,2026-08-12 11:02:56,547,-10.0,-5.642857142857142,-335749.99999999994
2026-08-12 11:02:56,2026-08-12,Kolkata Sell,547,3.4445195666211177,26.894142136999513,50.0,0.0,0.0,CONFLICTED,0.5308333333333334,0.1111111111111111,0.6666666666666666,0.2222222222222222,-2.2222222222222223,0.5,0.5,PARTIAL_SELL,1080,2026-08-13 11:17:21,547,0.0,0.0,0.0
2026-08-13 11:17:21,2026-08-13,Kolkata Sell,547,3.775703235156591,50.0,88.07970779778825,38.0,15.384615384615385,PANIC,0.5566666666666666,0.1,0.7,0.2,-2.0,0.4285714285714286,0.5714285714285714,PARTIAL_SELL,1150,2026-08-14 10:46:30,547,0.0,0.0,0.0
2026-08-14 10:46:30,2026-08-14,Kolkata Sell,547,10.95605153876545,50.0,88.07970779778825,38.0,11.538461538461538,PANIC,0.5608333333333334,0.09090909090909091,0.7272727272727273,0.18181818181818182,-1.8181818181818181,0.425,0.575,PARTIAL_SELL,1217,2026-08-16 10:44:37,557,10.0,5.75,342125.0
2026-08-16 10:44:37,2026-08-16,Kolkata Sell,557,48.24633365032592,50.0,50.0,87.0,50.0,NORMAL,0.48500000000000004,0.16666666666666666,0.6666666666666667,0.16666666666666666,-0.8333333333333334,0.5,0.5,PARTIAL_SELL,1351,2026-08-17 11:04:25,557,0.0,0.0,0.0
2026-08-17 11:04:25,2026-08-17,Kolkata Sell,557,52.27116332606391,50.0,73.1058578630005,62.0,15.384615384615385,CONFLICTED,0.5475,0.15384615384615385,0.6923076923076923,0.15384615384615385,-0.7692307692307693,0.5,0.5,PARTIAL_SELL,1421,2026-08-18 11:19:16,557,0.0,0.0,0.0
2026-08-18 11:19:16,2026-08-18,Kolkata Sell,557,17.929565810934697,50.0,50.0,62.0,7.6923076923076925,PANIC,0.5233333333333333,0.14285714285714285,0.7142857142857144,0.14285714285714285,-0.7142857142857143,0.4142857142857143,0.5857142857142856,PARTIAL_SELL,1491,2026-08-19 10:41:53,557,0.0,0.0,0.0
2026-08-19 10:41:53,2026-08-19,Kolkata Sell,557,8.147033678346475,50.0,50.0,50.0,3.8461538461538463,PANIC,0.5275,0.13333333333333333,0.7333333333333334,0.13333333333333333,-0.6666666666666666,0.4107142857142857,0.5892857142857143,PARTIAL_SELL,1553,2026-08-20 10:50:15,557,0.0,0.0,0.0
2026-08-20 10:50:15,2026-08-20,Kolkata Sell,557,18.242552380635637,50.0,50.0,50.0,3.8461538461538463,PANIC,0.5316666666666667,0.125,0.75,0.125,-0.625,0.40714285714285714,0.5928571428571429,PARTIAL_SELL,1623,2026-08-21 10:39:26,557,0.0,0.0,0.0
2026-08-21 10:39:26,2026-08-21,Kolkata Sell,557,41.0079590737446,88.07970779778825,50.0,50.0,11.538461538461538,CONFLICTED,0.5641666666666667,0.11764705882352941,0.7647058823529411,0.11764705882352941,-0.5882352941176471,0.5,0.5,PARTIAL_SELL,1690,2026-08-22 10:40:41,557,0.0,0.0,0.0
2026-08-22 10:40:41,2026-08-22,Kolkata Sell,557,20.860852732604496,50.0,50.0,50.0,11.538461538461538,PANIC,0.54,0.1111111111111111,0.7777777777777777,0.1111111111111111,-0.5555555555555556,0.4,0.6,PARTIAL_SELL,1757,2026-08-23 11:15:29,557,0.0,0.0,0.0
2026-08-23 11:15:29,2026-08-23,Kolkata Sell,557,45.09776643245394,50.0,50.0,50.0,7.6923076923076925,NORMAL,0.5141666666666667,0.10526315789473684,0.7894736842105263,0.10526315789473684,-0.5263157894736842,0.5,0.5,PARTIAL_SELL,1822,2026-08-24 11:12:15,567,10.0,5.0,297500.0
2026-08-24 11:12:15,2026-08-24,Kolkata Sell,567,85.86256349229191,73.1058578630005,50.0,87.0,53.84615384615385,EUPHORIA,0.5983333333333333,0.15,0.75,0.1,0.0,0.7,0.30000000000000004,SELL,1896,2026-08-25 11:09:03,572,5.0,1.5000000000000002,89250.00000000001
2026-07-28 11:06:02,2026-07-28,Mahuva,635,11.920292202211755,50.0,50.0,50.0,0.0,PANIC,0.445,0.3333333333333333,0.3333333333333333,0.3333333333333333,0.0,0.4785714285714286,0.5214285714285714,PARTIAL_SELL,7,2026-07-29 10:53:12,580,-55.0,-28.678571428571423,-1706374.9999999998
2026-07-29 10:53:12,2026-07-29,Mahuva,580,7.707573837650308,1.7986209962091522,50.0,0.0,0.0,CONFLICTED,0.49416666666666664,0.0,0.0,1.0,-55.0,0.5,0.5,PARTIAL_SELL,91,2026-07-30 10:55:48,560,-20.0,-10.0,-595000.0
2026-07-30 10:55:48,2026-07-30,Mahuva,560,8.119430885401066,88.07970779778825,50.0,0.0,4.166666666666666,PANIC,0.52,0.0,0.0,1.0,-37.5,0.45714285714285713,0.5428571428571429,PARTIAL_SELL,159,2026-07-31 11:25:15,550,-10.0,-5.428571428571429,-323000.0
2026-07-31 11:25:15,2026-07-31,Mahuva,550,4.565117078444366,73.1058578630005,50.0,0.0,0.0,PANIC,0.5241666666666668,0.0,0.0,1.0,-28.333333333333332,0.45357142857142857,0.5464285714285715,PARTIAL_SELL,238,2026-08-01 11:13:08,530,-20.0,-10.92857142857143,-650250.0000000001
2026-08-01 11:13:08,2026-08-01,Mahuva,530,4.859778426245896,95.25741268224333,50.0,0.0,0.0,PANIC,0.5283333333333333,0.0,0.0,1.0,-26.25,0.45,0.55,PARTIAL_SELL,312,2026-08-02 11:00:41,530,0.0,0.0,0.0
2026-08-02 11:00:41,2026-08-02,Mahuva,530,5.315113639806377,50.0,50.0,14.0,16.666666666666664,PANIC,0.4825000000000001,0.0,0.19999999999999996,0.8,-21.0,0.44642857142857145,0.5535714285714286,PARTIAL_SELL,382,2026-08-03 10:50:19,530,0.0,0.0,0.0
2026-08-03 10:50:19,2026-08-03,Mahuva,530,22.419598805957175,50.0,50.0,26.0,20.0,PANIC,0.4883333333333333,0.0,0.33333333333333337,0.6666666666666666,-17.5,0.44285714285714284,0.5571428571428572,PARTIAL_SELL,453,2026-08-04 10:58:02,525,-5.0,-2.7857142857142856,-165750.0
2026-08-04 10:58:02,2026-08-04,Mahuva,525,14.457775046587727,50.0,50.0,31.5,8.0,PANIC,0.4925,0.0,0.4285714285714286,0.5714285714285714,-15.714285714285714,0.4392857142857143,0.5607142857142857,PARTIAL_SELL,525,2026-08-05 11:06:04,520,-5.0,-2.803571428571429,-166812.50000000003
2026-08-05 11:06:04,2026-08-05,Mahuva,520,22.146612553425815,50.0,50.0,25.5,36.0,PANIC,0.49666666666666676,0.0,0.5,0.5,-14.375,0.4357142857142857,0.5642857142857143,PARTIAL_SELL,596,2026-08-06 10:56:49,525,5.0,2.821428571428571,167874.99999999997
2026-08-06 10:56:49,2026-08-06,Mahuva,525,61.278081140124996,50.0,50.0,56.5,50.0,NORMAL,0.4725,0.0,0.5555555555555556,0.4444444444444444,-12.222222222222221,0.5,0.5,PARTIAL_SELL,666,2026-08-07 11:21:14,530,5.0,2.5,148750.0
2026-08-07 11:21:14,2026-08-07,Mahuva,530,63.02602229177513,50.0,50.0,68.5,38.46153846153847,NORMAL,0.4766666666666666,0.0,0.6,0.4,-10.5,0.5,0.5,PARTIAL_SELL,741,2026-08-08 10:47:50,530,0.0,0.0,0.0
2026-08-08 10:47:50,2026-08-08,Mahuva,530,21.579821570626745,50.0,50.0,62.0,15.384615384615385,PANIC,0.5108333333333334,0.0,0.6363636363636364,0.36363636363636365,-9.545454545454545,0.425,0.575,PARTIAL_SELL,805,2026-08-09 11:10:16,520,-10.0,-5.75,-342125.0
2026-08-09 11:10:16,2026-08-09,Mahuva,520,5.652884171147505,50.0,50.0,19.0,0.0,PANIC,0.515,0.0,0.5833333333333333,0.4166666666666667,-9.583333333333334,0.42142857142857143,0.5785714285714285,PARTIAL_SELL,876,2026-08-10 11:05:10,510,-10.0,-5.785714285714285,-344249.99999999994
2026-08-10 11:05:10,2026-08-10,Mahuva,510,7.652218783264708,50.0,50.0,1.0,0.0,PANIC,0.5191666666666667,0.0,0.5384615384615384,0.46153846153846156,-9.615384615384615,0.41785714285714287,0.5821428571428571,PARTIAL_SELL,942,2026-08-11 11:11:53,520,10.0,5.821428571428571,346375.0
2026-08-11 11:11:53,2026-08-11,Mahuva,520,6.496916912866411,50.0,50.0,63.0,26.923076923076923,PANIC,0.5233333333333333,0.07142857142857142,0.5,0.42857142857142855,-8.214285714285714,0.4142857142857143,0.5857142857142856,PARTIAL_SELL,1013,2026-08-12 11:02:56,510,-10.0,-5.857142857142856,-348499.99999999994
2026-08-12 11:02:56,2026-08-12,Mahuva,510,3.4445195666211177,26.894142136999513,50.0,13.0,0.0,CONFLICTED,0.5558333333333333,0.06666666666666667,0.4666666666666667,0.4666666666666667,-8.333333333333334,0.5,0.5,PARTIAL_SELL,1080,2026-08-13 11:17:21,520,10.0,5.0,297500.0
2026-08-13 11:17:21,2026-08-13,Mahuva,520,3.775703235156591,50.0,88.07970779778825,87.0,15.384615384615385,PANIC,0.5816666666666667,0.125,0.4375,0.4375,-7.1875,0.40714285714285714,0.5928571428571429,PARTIAL_SELL,1150,2026-08-14 10:46:30,525,5.0,2.9642857142857144,176375.0
2026-08-14 10:46:30,2026-08-14,Mahuva,525,10.95605153876545,50.0,88.07970779778825,68.5,11.538461538461538,PANIC,0.5858333333333334,0.11764705882352941,0.47058823529411764,0.4117647058823529,-6.470588235294118,0.4035714285714286,0.5964285714285714,PARTIAL_SELL,1217,2026-08-16 10:44:37,535,10.0,5.964285714285714,354875.0
2026-08-16 10:44:37,2026-08-16,Mahuva,535,48.24633365032592,50.0,50.0,100.0,50.0,NORMAL,0.51,0.16666666666666666,0.4444444444444445,0.3888888888888889,-5.555555555555555,0.5,0.5,PARTIAL_SELL,1351,2026-08-17 11:04:25,535,0.0,0.0,0.0
2026-08-17 11:04:25,2026-08-17,Mahuva,535,52.27116332606391,50.0,73.1058578630005,68.0,15.384615384615385,CONFLICTED,0.5725,0.15789473684210525,0.47368421052631576,0.3684210526315789,-5.2631578947368425,0.5,0.5,PARTIAL_SELL,1421,2026-08-18 11:19:16,535,0.0,0.0,0.0
2026-08-18 11:19:16,2026-08-18,Mahuva,535,17.929565810934697,50.0,50.0,62.0,7.6923076923076925,PANIC,0.5483333333333333,0.15,0.5,0.35,-5.0,0.4,0.6,PARTIAL_SELL,1491,2026-08-19 10:41:53,535,0.0,0.0,0.0
2026-08-19 10:41:53,2026-08-19,Mahuva,535,8.147033678346475,50.0,50.0,50.0,3.8461538461538463,PANIC,0.5525000000000001,0.14285714285714285,0.523809523809524,0.3333333333333333,-4.761904761904762,0.4,0.6,PARTIAL_SELL,1553,2026-08-20 10:50:15,535,0.0,0.0,0.0
2026-08-20 10:50:15,2026-08-20,Mahuva,535,18.242552380635637,50.0,50.0,50.0,3.8461538461538463,PANIC,0.5566666666666666,0.13636363636363635,0.5454545454545454,0.3181818181818182,-4.545454545454546,0.4,0.6,PARTIAL_SELL,1623,2026-08-21 10:39:26,535,0.0,0.0,0.0
2026-08-21 10:39:26,2026-08-21,Mahuva,535,41.0079590737446,88.07970779778825,50.0,50.0,11.538461538461538,CONFLICTED,0.5891666666666666,0.13043478260869565,0.5652173913043478,0.30434782608695654,-4.3478260869565215,0.5,0.5,PARTIAL_SELL,1690,2026-08-22 10:40:41,535,0.0,0.0,0.0
2026-08-22 10:40:41,2026-08-22,Mahuva,535,20.860852732604496,50.0,50.0,50.0,11.538461538461538,PANIC,0.565,0.125,0.5833333333333333,0.2916666666666667,-4.166666666666667,0.4,0.6,PARTIAL_SELL,1757,2026-08-23 11:15:29,535,0.0,0.0,0.0
2026-08-23 11:15:29,2026-08-23,Mahuva,535,45.09776643245394,50.0,50.0,50.0,7.6923076923076925,NORMAL,0.5391666666666667,0.12,0.6,0.28,-4.0,0.5,0.5,PARTIAL_SELL,1822,2026-08-24 11:12:15,540,5.0,2.5,148750.0
2026-08-24 11:12:15,2026-08-24,Mahuva,540,85.86256349229191,73.1058578630005,50.0,68.5,53.84615384615385,EUPHORIA,0.6233333333333334,0.11538461538461539,0.6153846153846154,0.2692307692307692,-3.6538461538461537,0.7,0.30000000000000004,SELL,1896,2026-08-25 11:09:03,560,20.0,6.000000000000001,357000.00000000006
2026-07-28 11:06:02,2026-07-28,Metapally,540,11.920292202211755,50.0,50.0,50.0,0.0,PANIC,0.445,0.3333333333333333,0.3333333333333333,0.3333333333333333,0.0,0.4785714285714286,0.5214285714285714,PARTIAL_SELL,7,2026-07-29 10:53:12,530,-10.0,-5.2142857142857135,-310249.99999999994
2026-07-29 10:53:12,2026-07-29,Metapally,530,7.707573837650308,1.7986209962091522,50.0,25.0,0.0,CONFLICTED,0.49416666666666664,0.0,0.0,1.0,-10.0,0.5,0.5,PARTIAL_SELL,91,2026-07-30 10:55:48,510,-20.0,-10.0,-595000.0
2026-07-30 10:55:48,2026-07-30,Metapally,510,8.119430885401066,88.07970779778825,50.0,0.0,4.166666666666666,PANIC,0.52,0.0,0.0,1.0,-15.0,0.45714285714285713,0.5428571428571429,PARTIAL_SELL,159,2026-07-31 11:25:15,480,-30.0,-16.28571428571429,-969000.0000000001
2026-07-31 11:25:15,2026-07-31,Metapally,480,4.565117078444366,73.1058578630005,50.0,0.0,0.0,PANIC,0.5241666666666668,0.0,0.0,1.0,-20.0,0.45357142857142857,0.5464285714285715,PARTIAL_SELL,238,2026-08-01 11:13:08,470,-10.0,-5.464285714285715,-325125.00000000006
2026-08-01 11:13:08,2026-08-01,Metapally,470,4.859778426245896,95.25741268224333,50.0,0.0,0.0,PANIC,0.5283333333333333,0.0,0.0,1.0,-17.5,0.45,0.55,PARTIAL_SELL,312,2026-08-02 11:00:41,465,-5.0,-2.75,-163625.0
2026-08-02 11:00:41,2026-08-02,Metapally,465,5.315113639806377,50.0,50.0,0.0,16.666666666666664,PANIC,0.4825000000000001,0.0,0.19999999999999996,0.8,-15.0,0.44642857142857145,0.5535714285714286,PARTIAL_SELL,382,2026-08-03 10:50:19,470,5.0,2.7678571428571432,164687.50000000003
2026-08-03 10:50:19,2026-08-03,Metapally,470,22.419598805957175,50.0,50.0,50.5,20.0,PANIC,0.4883333333333333,0.0,0.33333333333333337,0.6666666666666666,-11.666666666666666,0.44285714285714284,0.5571428571428572,PARTIAL_SELL,453,2026-08-04 10:58:02,455,-15.0,-8.357142857142858,-497250.00000000006
2026-08-04 10:58:02,2026-08-04,Metapally,455,14.457775046587727,50.0,50.0,0.0,8.0,PANIC,0.4925,0.0,0.2857142857142857,0.7142857142857143,-12.142857142857142,0.4392857142857143,0.5607142857142857,PARTIAL_SELL,525,2026-08-05 11:06:04,460,5.0,2.803571428571429,166812.50000000003
2026-08-05 11:06:04,2026-08-05,Metapally,460,22.146612553425815,50.0,50.0,56.5,36.0,PANIC,0.49666666666666676,0.0,0.375,0.625,-10.0,0.4357142857142857,0.5642857142857143,PARTIAL_SELL,596,2026-08-06 10:56:49,465,5.0,2.821428571428571,167874.99999999997
2026-08-06 10:56:49,2026-08-06,Metapally,465,61.278081140124996,50.0,50.0,56.5,50.0,NORMAL,0.4725,0.0,0.4444444444444444,0.5555555555555556,-8.333333333333334,0.5,0.5,PARTIAL_SELL,666,2026-08-07 11:21:14,475,10.0,5.0,297500.0
2026-08-07 11:21:14,2026-08-07,Metapally,475,63.02602229177513,50.0,50.0,99.0,38.46153846153847,NORMAL,0.4766666666666666,0.1,0.4,0.5,-6.5,0.5,0.5,PARTIAL_SELL,741,2026-08-08 10:47:50,475,0.0,0.0,0.0
2026-08-08 10:47:50,2026-08-08,Metapally,475,21.579821570626745,50.0,50.0,68.0,15.384615384615385,PANIC,0.5108333333333334,0.09090909090909091,0.45454545454545453,0.45454545454545453,-5.909090909090909,0.425,0.575,PARTIAL_SELL,805,2026-08-09 11:10:16,470,-5.0,-2.875,-171062.5
2026-08-09 11:10:16,2026-08-09,Metapally,470,5.652884171147505,50.0,50.0,43.5,0.0,PANIC,0.515,0.08333333333333333,0.49999999999999994,0.4166666666666667,-5.833333333333333,0.42142857142857143,0.5785714285714285,PARTIAL_SELL,876,2026-08-10 11:05:10,470,0.0,0.0,0.0
2026-08-10 11:05:10,2026-08-10,Metapally,470,7.652218783264708,50.0,50.0,44.0,0.0,PANIC,0.5191666666666667,0.07692307692307693,0.5384615384615385,0.38461538461538464,-5.384615384615385,0.41785714285714287,0.5821428571428571,PARTIAL_SELL,942,2026-08-11 11:11:53,470,0.0,0.0,0.0
2026-08-11 11:11:53,2026-08-11,Metapally,470,6.496916912866411,50.0,50.0,44.0,26.923076923076923,PANIC,0.5233333333333333,0.07142857142857142,0.5714285714285714,0.35714285714285715,-5.0,0.4142857142857143,0.5857142857142856,PARTIAL_SELL,1013,2026-08-12 11:02:56,460,-10.0,-5.857142857142856,-348499.99999999994
2026-08-12 11:02:56,2026-08-12,Metapally,460,3.4445195666211177,26.894142136999513,50.0,13.0,0.0,CONFLICTED,0.5558333333333333,0.06666666666666667,0.5333333333333333,0.4,-5.333333333333333,0.5,0.5,PARTIAL_SELL,1080,2026-08-13 11:17:21,460,0.0,0.0,0.0
2026-08-13 11:17:21,2026-08-13,Metapally,460,3.775703235156591,50.0,88.07970779778825,38.0,15.384615384615385,PANIC,0.5816666666666667,0.0625,0.5625,0.375,-5.0,0.40714285714285714,0.5928571428571429,PARTIAL_SELL,1150,2026-08-14 10:46:30,460,0.0,0.0,0.0
2026-08-14 10:46:30,2026-08-14,Metapally,460,10.95605153876545,50.0,88.07970779778825,38.0,11.538461538461538,PANIC,0.5858333333333334,0.058823529411764705,0.588235294117647,0.35294117647058826,-4.705882352941177,0.4035714285714286,0.5964285714285714,PARTIAL_SELL,1217,2026-08-16 10:44:37,465,5.0,2.982142857142857,177437.5
2026-08-16 10:44:37,2026-08-16,Metapally,465,48.24633365032592,50.0,50.0,68.5,50.0,NORMAL,0.51,0.05555555555555555,0.6111111111111112,0.3333333333333333,-4.166666666666667,0.5,0.5,PARTIAL_SELL,1351,2026-08-17 11:04:25,465,0.0,0.0,0.0
2026-08-17 11:04:25,2026-08-17,Metapally,465,52.27116332606391,50.0,73.1058578630005,56.0,15.384615384615385,CONFLICTED,0.5725,0.05263157894736842,0.6315789473684211,0.3157894736842105,-3.9473684210526314,0.5,0.5,PARTIAL_SELL,1421,2026-08-18 11:19:16,465,0.0,0.0,0.0
2026-08-18 11:19:16,2026-08-18,Metapally,465,17.929565810934697,50.0,50.0,56.0,7.6923076923076925,PANIC,0.5483333333333333,0.05,0.6499999999999999,0.3,-3.75,0.4,0.6,PARTIAL_SELL,1491,2026-08-19 10:41:53,465,0.0,0.0,0.0
2026-08-19 10:41:53,2026-08-19,Metapally,465,8.147033678346475,50.0,50.0,50.0,3.8461538461538463,PANIC,0.5525000000000001,0.047619047619047616,0.6666666666666666,0.2857142857142857,-3.5714285714285716,0.4,0.6,PARTIAL_SELL,1553,2026-08-20 10:50:15,450,-15.0,-9.0,-535500.0
2026-08-20 10:50:15,2026-08-20,Metapally,450,18.242552380635637,50.0,50.0,0.0,3.8461538461538463,PANIC,0.5566666666666666,0.045454545454545456,0.6363636363636365,0.3181818181818182,-4.090909090909091,0.4,0.6,PARTIAL_SELL,1623,2026-08-21 10:39:26,450,0.0,0.0,0.0
2026-08-21 10:39:26,2026-08-21,Metapally,450,41.0079590737446,88.07970779778825,50.0,32.0,11.538461538461538,CONFLICTED,0.5891666666666666,0.043478260869565216,0.6521739130434783,0.30434782608695654,-3.9130434782608696,0.5,0.5,PARTIAL_SELL,1690,2026-08-22 10:40:41,450,0.0,0.0,0.0
2026-08-22 10:40:41,2026-08-22,Metapally,450,20.860852732604496,50.0,50.0,32.0,11.538461538461538,PANIC,0.565,0.041666666666666664,0.6666666666666667,0.2916666666666667,-3.75,0.4,0.6,PARTIAL_SELL,1757,2026-08-23 11:15:29,455,5.0,3.0,178500.0
2026-08-23 11:15:29,2026-08-23,Metapally,455,45.09776643245394,50.0,50.0,68.5,7.6923076923076925,NORMAL,0.5391666666666667,0.04,0.6799999999999999,0.28,-3.4,0.5,0.5,PARTIAL_SELL,1822,2026-08-24 11:12:15,460,5.0,2.5,148750.0
2026-08-24 11:12:15,2026-08-24,Metapally,460,85.86256349229191,73.1058578630005,50.0,74.5,53.84615384615385,EUPHORIA,0.6233333333333334,0.038461538461538464,0.6923076923076923,0.2692307692307692,-3.076923076923077,0.7,0.30000000000000004,SELL,1896,2026-08-25 11:09:03,470,10.0,3.0000000000000004,178500.00000000003
2026-07-28 11:06:02,2026-07-28,Mumbai,615,11.920292202211755,50.0,50.0,50.0,0.0,PANIC,0.445,0.3333333333333333,0.3333333333333333,0.3333333333333333,0.0,0.4785714285714286,0.5214285714285714,PARTIAL_SELL,7,2026-07-29 10:53:12,600,-15.0,-7.82142857142857,-465374.99999999994
2026-07-29 10:53:12,2026-07-29,Mumbai,600,7.707573837650308,1.7986209962091522,50.0,12.5,0.0,CONFLICTED,0.49416666666666664,0.0,0.0,1.0,-15.0,0.5,0.5,PARTIAL_SELL,91,2026-07-30 10:55:48,590,-10.0,-5.0,-297500.0
2026-07-30 10:55:48,2026-07-30,Mumbai,590,8.119430885401066,88.07970779778825,50.0,25.0,4.166666666666666,PANIC,0.52,0.0,0.0,1.0,-12.5,0.45714285714285713,0.5428571428571429,PARTIAL_SELL,159,2026-07-31 11:25:15,570,-20.0,-10.857142857142858,-646000.0
2026-07-31 11:25:15,2026-07-31,Mumbai,570,4.565117078444366,73.1058578630005,50.0,0.0,0.0,PANIC,0.5241666666666668,0.0,0.0,1.0,-15.0,0.45357142857142857,0.5464285714285715,PARTIAL_SELL,238,2026-08-01 11:13:08,560,-10.0,-5.464285714285715,-325125.00000000006
2026-08-01 11:13:08,2026-08-01,Mumbai,560,4.859778426245896,95.25741268224333,50.0,0.0,0.0,PANIC,0.5283333333333333,0.0,0.0,1.0,-13.75,0.45,0.55,PARTIAL_SELL,312,2026-08-02 11:00:41,550,-10.0,-5.5,-327250.0
2026-08-02 11:00:41,2026-08-02,Mumbai,550,5.315113639806377,50.0,50.0,0.0,16.666666666666664,PANIC,0.4825000000000001,0.0,0.0,1.0,-13.0,0.44642857142857145,0.5535714285714286,PARTIAL_SELL,382,2026-08-03 10:50:19,540,-10.0,-5.5357142857142865,-329375.00000000006
2026-08-03 10:50:19,2026-08-03,Mumbai,540,22.419598805957175,50.0,50.0,0.0,20.0,PANIC,0.4883333333333333,0.0,0.0,1.0,-12.5,0.44285714285714284,0.5571428571428572,PARTIAL_SELL,453,2026-08-04 10:58:02,530,-10.0,-5.571428571428571,-331500.0
2026-08-04 10:58:02,2026-08-04,Mumbai,530,14.457775046587727,50.0,50.0,0.0,8.0,PANIC,0.4925,0.0,0.0,1.0,-12.142857142857142,0.4392857142857143,0.5607142857142857,PARTIAL_SELL,525,2026-08-05 11:06:04,530,0.0,0.0,0.0
2026-08-05 11:06:04,2026-08-05,Mumbai,530,22.146612553425815,50.0,50.0,26.0,36.0,PANIC,0.49666666666666676,0.0,0.125,0.875,-10.625,0.4357142857142857,0.5642857142857143,PARTIAL_SELL,596,2026-08-06 10:56:49,530,0.0,0.0,0.0
2026-08-06 10:56:49,2026-08-06,Mumbai,530,61.278081140124996,50.0,50.0,38.0,50.0,NORMAL,0.4725,0.0,0.2222222222222222,0.7777777777777778,-9.444444444444445,0.5,0.5,PARTIAL_SELL,666,2026-08-07 11:21:14,530,0.0,0.0,0.0
2026-08-07 11:21:14,2026-08-07,Mumbai,530,63.02602229177513,50.0,50.0,50.0,38.46153846153847,NORMAL,0.4766666666666666,0.0,0.30000000000000004,0.7,-8.5,0.5,0.5,PARTIAL_SELL,741,2026-08-08 10:47:50,530,0.0,0.0,0.0
2026-08-08 10:47:50,2026-08-08,Mumbai,530,21.579821570626745,50.0,50.0,50.0,15.384615384615385,PANIC,0.5108333333333334,0.0,0.36363636363636365,0.6363636363636364,-7.7272727272727275,0.425,0.575,PARTIAL_SELL,805,2026-08-09 11:10:16,530,0.0,0.0,0.0
2026-08-09 11:10:16,2026-08-09,Mumbai,530,5.652884171147505,50.0,50.0,50.0,0.0,PANIC,0.515,0.0,0.41666666666666663,0.5833333333333334,-7.083333333333333,0.42142857142857143,0.5785714285714285,PARTIAL_SELL,876,2026-08-10 11:05:10,520,-10.0,-5.785714285714285,-344249.99999999994
2026-08-10 11:05:10,2026-08-10,Mumbai,520,7.652218783264708,50.0,50.0,13.0,0.0,PANIC,0.5191666666666667,0.0,0.3846153846153846,0.6153846153846154,-7.3076923076923075,0.41785714285714287,0.5821428571428571,PARTIAL_SELL,942,2026-08-11 11:11:53,520,0.0,0.0,0.0
2026-08-11 11:11:53,2026-08-11,Mumbai,520,6.496916912866411,50.0,50.0,38.0,26.923076923076923,PANIC,0.5233333333333333,0.0,0.4285714285714286,0.5714285714285714,-6.785714285714286,0.4142857142857143,0.5857142857142856,PARTIAL_SELL,1013,2026-08-12 11:02:56,520,0.0,0.0,0.0
2026-08-12 11:02:56,2026-08-12,Mumbai,520,3.4445195666211177,26.894142136999513,50.0,38.0,0.0,CONFLICTED,0.5558333333333333,0.0,0.4666666666666667,0.5333333333333333,-6.333333333333333,0.5,0.5,PARTIAL_SELL,1080,2026-08-13 11:17:21,505,-15.0,-7.5,-446250.0
2026-08-13 11:17:21,2026-08-13,Mumbai,505,3.775703235156591,50.0,88.07970779778825,0.0,15.384615384615385,PANIC,0.5816666666666667,0.0,0.4375,0.5625,-6.875,0.40714285714285714,0.5928571428571429,PARTIAL_SELL,1150,2026-08-14 10:46:30,500,-5.0,-2.9642857142857144,-176375.0
2026-08-14 10:46:30,2026-08-14,Mumbai,500,10.95605153876545,50.0,88.07970779778825,13.5,11.538461538461538,PANIC,0.5858333333333334,0.0,0.47058823529411764,0.5294117647058824,-6.764705882352941,0.4035714285714286,0.5964285714285714,PARTIAL_SELL,1217,2026-08-16 10:44:37,510,10.0,5.964285714285714,354875.0
2026-08-16 10:44:37,2026-08-16,Mumbai,510,48.24633365032592,50.0,50.0,63.0,50.0,NORMAL,0.51,0.05555555555555555,0.4444444444444444,0.5,-5.833333333333333,0.5,0.5,PARTIAL_SELL,1351,2026-08-17 11:04:25,510,0.0,0.0,0.0
2026-08-17 11:04:25,2026-08-17,Mumbai,510,52.27116332606391,50.0,73.1058578630005,56.0,15.384615384615385,CONFLICTED,0.5725,0.05263157894736842,0.4736842105263159,0.47368421052631576,-5.526315789473684,0.5,0.5,PARTIAL_SELL,1421,2026-08-18 11:19:16,510,0.0,0.0,0.0
2026-08-18 11:19:16,2026-08-18,Mumbai,510,17.929565810934697,50.0,50.0,62.0,7.6923076923076925,PANIC,0.5483333333333333,0.05,0.49999999999999994,0.45,-5.25,0.4,0.6,PARTIAL_SELL,1491,2026-08-19 10:41:53,510,0.0,0.0,0.0
2026-08-19 10:41:53,2026-08-19,Mumbai,510,8.147033678346475,50.0,50.0,50.0,3.8461538461538463,PANIC,0.5525000000000001,0.047619047619047616,0.5238095238095237,0.42857142857142855,-5.0,0.4,0.6,PARTIAL_SELL,1553,2026-08-20 10:50:15,510,0.0,0.0,0.0
2026-08-20 10:50:15,2026-08-20,Mumbai,510,18.242552380635637,50.0,50.0,50.0,3.8461538461538463,PANIC,0.5566666666666666,0.045454545454545456,0.5454545454545454,0.4090909090909091,-4.7727272727272725,0.4,0.6,PARTIAL_SELL,1623,2026-08-21 10:39:26,500,-10.0,-6.0,-357000.0
2026-08-21 10:39:26,2026-08-21,Mumbai,500,41.0079590737446,88.07970779778825,50.0,13.0,11.538461538461538,CONFLICTED,0.5891666666666666,0.043478260869565216,0.5217391304347827,0.43478260869565216,-5.0,0.5,0.5,PARTIAL_SELL,1690,2026-08-22 10:40:41,490,-10.0,-5.0,-297500.0
2026-08-22 10:40:41,2026-08-22,Mumbai,490,20.860852732604496,50.0,50.0,1.0,11.538461538461538,PANIC,0.565,0.041666666666666664,0.5,0.4583333333333333,-5.208333333333333,0.4,0.6,PARTIAL_SELL,1757,2026-08-23 11:15:29,490,0.0,0.0,0.0
2026-08-23 11:15:29,2026-08-23,Mumbai,490,45.09776643245394,50.0,50.0,26.0,7.6923076923076925,NORMAL,0.5391666666666667,0.04,0.52,0.44,-5.0,0.5,0.5,PARTIAL_SELL,1822,2026-08-24 11:12:15,490,0.0,0.0,0.0
2026-08-24 11:12:15,2026-08-24,Mumbai,490,85.86256349229191,73.1058578630005,50.0,38.0,53.84615384615385,EUPHORIA,0.6233333333333334,0.038461538461538464,0.5384615384615385,0.4230769230769231,-4.8076923076923075,0.7,0.30000000000000004,SELL,1896,2026-08-25 11:09:03,505,15.0,4.500000000000001,267750.00000000006
2026-07-28 11:06:02,2026-07-28,Mysuru,630,11.920292202211755,50.0,50.0,50.0,0.0,PANIC,0.445,0.3333333333333333,0.3333333333333333,0.3333333333333333,0.0,0.4785714285714286,0.5214285714285714,PARTIAL_SELL,7,2026-07-29 10:53:12,570,-60.0,-31.28571428571428,-1861499.9999999998
2026-07-29 10:53:12,2026-07-29,Mysuru,570,7.707573837650308,1.7986209962091522,50.0,0.0,0.0,CONFLICTED,0.49416666666666664,0.0,0.0,1.0,-60.0,0.5,0.5,PARTIAL_SELL,91,2026-07-30 10:55:48,590,20.0,10.0,595000.0
2026-07-30 10:55:48,2026-07-30,Mysuru,590,8.119430885401066,88.07970779778825,50.0,100.0,4.166666666666666,PANIC,0.52,0.5,0.0,0.5,-20.0,0.45714285714285713,0.5428571428571429,PARTIAL_SELL,159,2026-07-31 11:25:15,590,0.0,0.0,0.0
2026-07-31 11:25:15,2026-07-31,Mysuru,590,4.565117078444366,73.1058578630005,50.0,2.0,0.0,PANIC,0.5241666666666668,0.3333333333333333,0.3333333333333334,0.3333333333333333,-13.333333333333334,0.45357142857142857,0.5464285714285715,PARTIAL_SELL,238,2026-08-01 11:13:08,590,0.0,0.0,0.0
2026-08-01 11:13:08,2026-08-01,Mysuru,590,4.859778426245896,95.25741268224333,50.0,74.0,0.0,PANIC,0.5283333333333333,0.25,0.5,0.25,-10.0,0.45,0.55,PARTIAL_SELL,312,2026-08-02 11:00:41,580,-10.0,-5.5,-327250.0
2026-08-02 11:00:41,2026-08-02,Mysuru,580,5.315113639806377,50.0,50.0,13.0,16.666666666666664,PANIC,0.4825000000000001,0.2,0.4,0.4,-10.0,0.44642857142857145,0.5535714285714286,PARTIAL_SELL,382,2026-08-03 10:50:19,545,-35.0,-19.375,-1152812.5
2026-08-03 10:50:19,2026-08-03,Mysuru,545,22.419598805957175,50.0,50.0,0.0,20.0,PANIC,0.4883333333333333,0.16666666666666666,0.33333333333333337,0.5,-14.166666666666666,0.44285714285714284,0.5571428571428572,PARTIAL_SELL,453,2026-08-04 10:58:02,545,0.0,0.0,0.0
2026-08-04 10:58:02,2026-08-04,Mysuru,545,14.457775046587727,50.0,50.0,0.0,8.0,PANIC,0.4925,0.14285714285714285,0.42857142857142866,0.42857142857142855,-12.142857142857142,0.4392857142857143,0.5607142857142857,PARTIAL_SELL,525,2026-08-05 11:06:04,545,0.0,0.0,0.0
2026-08-05 11:06:04,2026-08-05,Mysuru,545,22.146612553425815,50.0,50.0,8.0,36.0,PANIC,0.49666666666666676,0.125,0.5,0.375,-10.625,0.4357142857142857,0.5642857142857143,PARTIAL_SELL,596,2026-08-06 10:56:49,545,0.0,0.0,0.0
2026-08-06 10:56:49,2026-08-06,Mysuru,545,61.278081140124996,50.0,50.0,50.0,50.0,NORMAL,0.4725,0.1111111111111111,0.5555555555555556,0.3333333333333333,-9.444444444444445,0.5,0.5,PARTIAL_SELL,666,2026-08-07 11:21:14,545,0.0,0.0,0.0
2026-08-07 11:21:14,2026-08-07,Mysuru,545,63.02602229177513,50.0,50.0,50.0,38.46153846153847,NORMAL,0.4766666666666666,0.1,0.6000000000000001,0.3,-8.5,0.5,0.5,PARTIAL_SELL,741,2026-08-08 10:47:50,545,0.0,0.0,0.0
2026-08-08 10:47:50,2026-08-08,Mysuru,545,21.579821570626745,50.0,50.0,50.0,15.384615384615385,PANIC,0.5108333333333334,0.09090909090909091,0.6363636363636364,0.2727272727272727,-7.7272727272727275,0.425,0.575,PARTIAL_SELL,805,2026-08-09 11:10:16,545,0.0,0.0,0.0
2026-08-09 11:10:16,2026-08-09,Mysuru,545,5.652884171147505,50.0,50.0,50.0,0.0,PANIC,0.515,0.08333333333333333,0.6666666666666666,0.25,-7.083333333333333,0.42142857142857143,0.5785714285714285,PARTIAL_SELL,876,2026-08-10 11:05:10,545,0.0,0.0,0.0
2026-08-10 11:05:10,2026-08-10,Mysuru,545,7.652218783264708,50.0,50.0,50.0,0.0,PANIC,0.5191666666666667,0.07692307692307693,0.6923076923076923,0.23076923076923078,-6.538461538461538,0.41785714285714287,0.5821428571428571,PARTIAL_SELL,942,2026-08-11 11:11:53,545,0.0,0.0,0.0
2026-08-11 11:11:53,2026-08-11,Mysuru,545,6.496916912866411,50.0,50.0,50.0,26.923076923076923,PANIC,0.5233333333333333,0.07142857142857142,0.7142857142857143,0.21428571428571427,-6.071428571428571,0.4142857142857143,0.5857142857142856,PARTIAL_SELL,1013,2026-08-12 11:02:56,545,0.0,0.0,0.0
2026-08-12 11:02:56,2026-08-12,Mysuru,545,3.4445195666211177,26.894142136999513,50.0,50.0,0.0,CAPITULATION,0.5641666666666666,0.06666666666666667,0.7333333333333334,0.2,-5.666666666666667,0.23214285714285715,0.7678571428571428,HOLD,1080,2026-08-13 11:17:21,545,0.0,0.0,0.0
2026-08-13 11:17:21,2026-08-13,Mysuru,545,3.775703235156591,50.0,88.07970779778825,50.0,15.384615384615385,PANIC,0.5816666666666667,0.0625,0.75,0.1875,-5.3125,0.40714285714285714,0.5928571428571429,PARTIAL_SELL,1150,2026-08-14 10:46:30,545,0.0,0.0,0.0
2026-08-14 10:46:30,2026-08-14,Mysuru,545,10.95605153876545,50.0,88.07970779778825,50.0,11.538461538461538,PANIC,0.5858333333333334,0.058823529411764705,0.7647058823529411,0.17647058823529413,-5.0,0.4035714285714286,0.5964285714285714,PARTIAL_SELL,1217,2026-08-16 10:44:37,545,0.0,0.0,0.0
2026-08-16 10:44:37,2026-08-16,Mysuru,545,48.24633365032592,50.0,50.0,50.0,50.0,NORMAL,0.51,0.05555555555555555,0.7777777777777778,0.16666666666666666,-4.722222222222222,0.5,0.5,PARTIAL_SELL,1351,2026-08-17 11:04:25,545,0.0,0.0,0.0
2026-08-17 11:04:25,2026-08-17,Mysuru,545,52.27116332606391,50.0,73.1058578630005,50.0,15.384615384615385,CONFLICTED,0.5725,0.05263157894736842,0.7894736842105263,0.15789473684210525,-4.473684210526316,0.5,0.5,PARTIAL_SELL,1421,2026-08-18 11:19:16,545,0.0,0.0,0.0
2026-08-18 11:19:16,2026-08-18,Mysuru,545,17.929565810934697,50.0,50.0,50.0,7.6923076923076925,PANIC,0.5483333333333333,0.05,0.7999999999999999,0.15,-4.25,0.4,0.6,PARTIAL_SELL,1491,2026-08-19 10:41:53,545,0.0,0.0,0.0
2026-08-19 10:41:53,2026-08-19,Mysuru,545,8.147033678346475,50.0,50.0,50.0,3.8461538461538463,PANIC,0.5525000000000001,0.047619047619047616,0.8095238095238095,0.14285714285714285,-4.0476190476190474,0.4,0.6,PARTIAL_SELL,1553,2026-08-20 10:50:15,545,0.0,0.0,0.0
2026-08-20 10:50:15,2026-08-20,Mysuru,545,18.242552380635637,50.0,50.0,50.0,3.8461538461538463,PANIC,0.5566666666666666,0.045454545454545456,0.8181818181818182,0.13636363636363635,-3.8636363636363638,0.4,0.6,PARTIAL_SELL,1623,2026-08-21 10:39:26,545,0.0,0.0,0.0
2026-08-21 10:39:26,2026-08-21,Mysuru,545,41.0079590737446,88.07970779778825,50.0,50.0,11.538461538461538,CONFLICTED,0.5891666666666666,0.043478260869565216,0.8260869565217391,0.13043478260869565,-3.6956521739130435,0.5,0.5,PARTIAL_SELL,1690,2026-08-22 10:40:41,545,0.0,0.0,0.0
2026-08-22 10:40:41,2026-08-22,Mysuru,545,20.860852732604496,50.0,50.0,50.0,11.538461538461538,PANIC,0.565,0.041666666666666664,0.8333333333333334,0.125,-3.5416666666666665,0.4,0.6,PARTIAL_SELL,1757,2026-08-23 11:15:29,545,0.0,0.0,0.0
2026-08-23 11:15:29,2026-08-23,Mysuru,545,45.09776643245394,50.0,50.0,50.0,7.6923076923076925,NORMAL,0.5391666666666667,0.04,0.84,0.12,-3.4,0.5,0.5,PARTIAL_SELL,1822,2026-08-24 11:12:15,545,0.0,0.0,0.0
2026-08-24 11:12:15,2026-08-24,Mysuru,545,85.86256349229191,73.1058578630005,50.0,50.0,53.84615384615385,EUPHORIA,0.6233333333333334,0.038461538461538464,0.8461538461538461,0.11538461538461539,-3.269230769230769,0.7,0.30000000000000004,SELL,1896,2026-08-25 11:09:03,555,10.0,3.0000000000000004,178500.00000000003
2026-07-28 11:06:02,2026-07-28,Nagpur,560,11.920292202211755,50.0,50.0,50.0,0.0,PANIC,0.445,0.3333333333333333,0.3333333333333333,0.3333333333333333,0.0,0.4785714285714286,0.5214285714285714,PARTIAL_SELL,7,2026-07-29 10:53:12,545,-15.0,-7.82142857142857,-465374.99999999994
2026-07-29 10:53:12,2026-07-29,Nagpur,545,7.707573837650308,1.7986209962091522,50.0,12.5,0.0,CONFLICTED,0.49416666666666664,0.0,0.0,1.0,-15.0,0.5,0.5,PARTIAL_SELL,91,2026-07-30 10:55:48,540,-5.0,-2.5,-148750.0
2026-07-30 10:55:48,2026-07-30,Nagpur,540,8.119430885401066,88.07970779778825,50.0,37.5,4.166666666666666,PANIC,0.52,0.0,0.5,0.5,-10.0,0.45714285714285713,0.5428571428571429,PARTIAL_SELL,159,2026-07-31 11:25:15,515,-25.0,-13.571428571428573,-807500.0000000001
2026-07-31 11:25:15,2026-07-31,Nagpur,515,4.565117078444366,73.1058578630005,50.0,0.0,0.0,PANIC,0.5241666666666668,0.0,0.33333333333333337,0.6666666666666666,-15.0,0.45357142857142857,0.5464285714285715,PARTIAL_SELL,238,2026-08-01 11:13:08,500,-15.0,-8.196428571428573,-487687.5000000001
2026-08-01 11:13:08,2026-08-01,Nagpur,500,4.859778426245896,95.25741268224333,50.0,0.0,0.0,PANIC,0.5283333333333333,0.0,0.25,0.75,-15.0,0.45,0.55,PARTIAL_SELL,312,2026-08-02 11:00:41,490,-10.0,-5.5,-327250.0
2026-08-02 11:00:41,2026-08-02,Nagpur,490,5.315113639806377,50.0,50.0,0.0,16.666666666666664,PANIC,0.4825000000000001,0.0,0.19999999999999996,0.8,-14.0,0.44642857142857145,0.5535714285714286,PARTIAL_SELL,382,2026-08-03 10:50:19,490,0.0,0.0,0.0
2026-08-03 10:50:19,2026-08-03,Nagpur,490,22.419598805957175,50.0,50.0,20.0,20.0,PANIC,0.4883333333333333,0.0,0.33333333333333337,0.6666666666666666,-11.666666666666666,0.44285714285714284,0.5571428571428572,PARTIAL_SELL,453,2026-08-04 10:58:02,480,-10.0,-5.571428571428571,-331500.0
2026-08-04 10:58:02,2026-08-04,Nagpur,480,14.457775046587727,50.0,50.0,1.0,8.0,PANIC,0.4925,0.0,0.2857142857142857,0.7142857142857143,-11.428571428571429,0.4392857142857143,0.5607142857142857,PARTIAL_SELL,525,2026-08-05 11:06:04,490,10.0,5.607142857142858,333625.00000000006
2026-08-05 11:06:04,2026-08-05,Nagpur,490,22.146612553425815,50.0,50.0,75.0,36.0,PANIC,0.49666666666666676,0.125,0.25,0.625,-8.75,0.4357142857142857,0.5642857142857143,PARTIAL_SELL,596,2026-08-06 10:56:49,500,10.0,5.642857142857142,335749.99999999994
2026-08-06 10:56:49,2026-08-06,Nagpur,500,61.278081140124996,50.0,50.0,87.0,50.0,NORMAL,0.4725,0.2222222222222222,0.2222222222222222,0.5555555555555556,-6.666666666666667,0.5,0.5,PARTIAL_SELL,666,2026-08-07 11:21:14,500,0.0,0.0,0.0
2026-08-07 11:21:14,2026-08-07,Nagpur,500,63.02602229177513,50.0,50.0,74.0,38.46153846153847,NORMAL,0.4766666666666666,0.2,0.30000000000000004,0.5,-6.0,0.5,0.5,PARTIAL_SELL,741,2026-08-08 10:47:50,500,0.0,0.0,0.0
2026-08-08 10:47:50,2026-08-08,Nagpur,500,21.579821570626745,50.0,50.0,62.0,15.384615384615385,PANIC,0.5108333333333334,0.18181818181818182,0.3636363636363636,0.45454545454545453,-5.454545454545454,0.425,0.575,PARTIAL_SELL,805,2026-08-09 11:10:16,490,-10.0,-5.75,-342125.0
2026-08-09 11:10:16,2026-08-09,Nagpur,490,5.652884171147505,50.0,50.0,13.0,0.0,PANIC,0.515,0.16666666666666666,0.33333333333333337,0.5,-5.833333333333333,0.42142857142857143,0.5785714285714285,PARTIAL_SELL,876,2026-08-10 11:05:10,490,0.0,0.0,0.0
2026-08-10 11:05:10,2026-08-10,Nagpur,490,7.652218783264708,50.0,50.0,38.0,0.0,PANIC,0.5191666666666667,0.15384615384615385,0.3846153846153846,0.46153846153846156,-5.384615384615385,0.41785714285714287,0.5821428571428571,PARTIAL_SELL,942,2026-08-11 11:11:53,485,-5.0,-2.9107142857142856,-173187.5
2026-08-11 11:11:53,2026-08-11,Nagpur,485,6.496916912866411,50.0,50.0,19.5,26.923076923076923,PANIC,0.5233333333333333,0.14285714285714285,0.42857142857142866,0.42857142857142855,-5.357142857142857,0.4142857142857143,0.5857142857142856,PARTIAL_SELL,1013,2026-08-12 11:02:56,480,-5.0,-2.928571428571428,-174249.99999999997
2026-08-12 11:02:56,2026-08-12,Nagpur,480,3.4445195666211177,26.894142136999513,50.0,25.5,0.0,CONFLICTED,0.5558333333333333,0.13333333333333333,0.4666666666666667,0.4,-5.333333333333333,0.5,0.5,PARTIAL_SELL,1080,2026-08-13 11:17:21,480,0.0,0.0,0.0
2026-08-13 11:17:21,2026-08-13,Nagpur,480,3.775703235156591,50.0,88.07970779778825,38.0,15.384615384615385,PANIC,0.5816666666666667,0.125,0.5,0.375,-5.0,0.40714285714285714,0.5928571428571429,PARTIAL_SELL,1150,2026-08-14 10:46:30,480,0.0,0.0,0.0
2026-08-14 10:46:30,2026-08-14,Nagpur,480,10.95605153876545,50.0,88.07970779778825,44.0,11.538461538461538,PANIC,0.5858333333333334,0.11764705882352941,0.5294117647058822,0.35294117647058826,-4.705882352941177,0.4035714285714286,0.5964285714285714,PARTIAL_SELL,1217,2026-08-16 10:44:37,480,0.0,0.0,0.0
2026-08-16 10:44:37,2026-08-16,Nagpur,480,48.24633365032592,50.0,50.0,50.0,50.0,NORMAL,0.51,0.1111111111111111,0.5555555555555556,0.3333333333333333,-4.444444444444445,0.5,0.5,PARTIAL_SELL,1351,2026-08-17 11:04:25,480,0.0,0.0,0.0
2026-08-17 11:04:25,2026-08-17,Nagpur,480,52.27116332606391,50.0,73.1058578630005,50.0,15.384615384615385,CONFLICTED,0.5725,0.10526315789473684,0.5789473684210527,0.3157894736842105,-4.2105263157894735,0.5,0.5,PARTIAL_SELL,1421,2026-08-18 11:19:16,480,0.0,0.0,0.0
2026-08-18 11:19:16,2026-08-18,Nagpur,480,17.929565810934697,50.0,50.0,50.0,7.6923076923076925,PANIC,0.5483333333333333,0.1,0.6000000000000001,0.3,-4.0,0.4,0.6,PARTIAL_SELL,1491,2026-08-19 10:41:53,480,0.0,0.0,0.0
2026-08-19 10:41:53,2026-08-19,Nagpur,480,8.147033678346475,50.0,50.0,50.0,3.8461538461538463,PANIC,0.5525000000000001,0.09523809523809523,0.6190476190476191,0.2857142857142857,-3.8095238095238093,0.4,0.6,PARTIAL_SELL,1553,2026-08-20 10:50:15,465,-15.0,-9.0,-535500.0
2026-08-20 10:50:15,2026-08-20,Nagpur,465,18.242552380635637,50.0,50.0,0.0,3.8461538461538463,PANIC,0.5566666666666666,0.09090909090909091,0.5909090909090908,0.3181818181818182,-4.318181818181818,0.4,0.6,PARTIAL_SELL,1623,2026-08-21 10:39:26,470,5.0,3.0,178500.0
2026-08-21 10:39:26,2026-08-21,Nagpur,470,41.0079590737446,88.07970779778825,50.0,50.5,11.538461538461538,CONFLICTED,0.5891666666666666,0.08695652173913043,0.6086956521739131,0.30434782608695654,-3.9130434782608696,0.5,0.5,PARTIAL_SELL,1690,2026-08-22 10:40:41,465,-5.0,-2.5,-148750.0
2026-08-22 10:40:41,2026-08-22,Nagpur,465,20.860852732604496,50.0,50.0,19.5,11.538461538461538,PANIC,0.565,0.08333333333333333,0.625,0.2916666666666667,-3.9583333333333335,0.4,0.6,PARTIAL_SELL,1757,2026-08-23 11:15:29,465,0.0,0.0,0.0
2026-08-23 11:15:29,2026-08-23,Nagpur,465,45.09776643245394,50.0,50.0,50.0,7.6923076923076925,NORMAL,0.5391666666666667,0.08,0.64,0.28,-3.8,0.5,0.5,PARTIAL_SELL,1822,2026-08-24 11:12:15,470,5.0,2.5,148750.0
2026-08-24 11:12:15,2026-08-24,Nagpur,470,85.86256349229191,73.1058578630005,50.0,62.5,53.84615384615385,EUPHORIA,0.6233333333333334,0.07692307692307693,0.653846153846154,0.2692307692307692,-3.4615384615384617,0.7,0.30000000000000004,SELL,1896,2026-08-25 11:09:03,485,15.0,4.500000000000001,267750.00000000006
2026-07-28 11:06:02,2026-07-28,Namakkal,570,11.920292202211755,50.0,50.0,50.0,0.0,PANIC,0.445,0.3333333333333333,0.3333333333333333,0.3333333333333333,0.0,0.4785714285714286,0.5214285714285714,PARTIAL_SELL,7,2026-07-29 10:53:12,550,-20.0,-10.428571428571427,-620499.9999999999
2026-07-29 10:53:12,2026-07-29,Namakkal,550,7.707573837650308,1.7986209962091522,50.0,0.0,0.0,CONFLICTED,0.49416666666666664,0.0,0.0,1.0,-20.0,0.5,0.5,PARTIAL_SELL,91,2026-07-30 10:55:48,540,-10.0,-5.0,-297500.0
2026-07-30 10:55:48,2026-07-30,Namakkal,540,8.119430885401066,88.07970779778825,50.0,25.0,4.166666666666666,PANIC,0.52,0.0,0.0,1.0,-15.0,0.45714285714285713,0.5428571428571429,PARTIAL_SELL,159,2026-07-31 11:25:15,540,0.0,0.0,0.0
2026-07-31 11:25:15,2026-07-31,Namakkal,540,4.565117078444366,73.1058578630005,50.0,14.0,0.0,PANIC,0.5241666666666668,0.0,0.33333333333333337,0.6666666666666666,-10.0,0.45357142857142857,0.5464285714285715,PARTIAL_SELL,238,2026-08-01 11:13:08,510,-30.0,-16.392857142857146,-975375.0000000002
2026-08-01 11:13:08,2026-08-01,Namakkal,510,4.859778426245896,95.25741268224333,50.0,0.0,0.0,PANIC,0.5283333333333333,0.0,0.25,0.75,-15.0,0.45,0.55,PARTIAL_SELL,312,2026-08-02 11:00:41,510,0.0,0.0,0.0
2026-08-02 11:00:41,2026-08-02,Namakkal,510,5.315113639806377,50.0,50.0,14.0,16.666666666666664,PANIC,0.4825000000000001,0.0,0.4,0.6,-12.0,0.44642857142857145,0.5535714285714286,PARTIAL_SELL,382,2026-08-03 10:50:19,490,-20.0,-11.071428571428573,-658750.0000000001
2026-08-03 10:50:19,2026-08-03,Namakkal,490,22.419598805957175,50.0,50.0,0.0,20.0,PANIC,0.4883333333333333,0.0,0.33333333333333337,0.6666666666666666,-13.333333333333334,0.44285714285714284,0.5571428571428572,PARTIAL_SELL,453,2026-08-04 10:58:02,500,10.0,5.571428571428571,331500.0
2026-08-04 10:58:02,2026-08-04,Namakkal,500,14.457775046587727,50.0,50.0,63.0,8.0,PANIC,0.4925,0.14285714285714285,0.2857142857142858,0.5714285714285714,-10.0,0.4392857142857143,0.5607142857142857,PARTIAL_SELL,525,2026-08-05 11:06:04,510,10.0,5.607142857142858,333625.00000000006
2026-08-05 11:06:04,2026-08-05,Namakkal,510,22.146612553425815,50.0,50.0,75.0,36.0,PANIC,0.49666666666666676,0.25,0.25,0.5,-7.5,0.4357142857142857,0.5642857142857143,PARTIAL_SELL,596,2026-08-06 10:56:49,510,0.0,0.0,0.0
2026-08-06 10:56:49,2026-08-06,Namakkal,510,61.278081140124996,50.0,50.0,74.0,50.0,NORMAL,0.4725,0.2222222222222222,0.33333333333333337,0.4444444444444444,-6.666666666666667,0.5,0.5,PARTIAL_SELL,666,2026-08-07 11:21:14,520,10.0,5.0,297500.0
2026-08-07 11:21:14,2026-08-07,Namakkal,520,63.02602229177513,50.0,50.0,99.0,38.46153846153847,NORMAL,0.4766666666666666,0.3,0.29999999999999993,0.4,-5.0,0.5,0.5,PARTIAL_SELL,741,2026-08-08 10:47:50,540,20.0,10.0,595000.0
2026-08-08 10:47:50,2026-08-08,Namakkal,540,21.579821570626745,50.0,50.0,100.0,15.384615384615385,PANIC,0.5108333333333334,0.36363636363636365,0.2727272727272727,0.36363636363636365,-2.727272727272727,0.425,0.575,PARTIAL_SELL,805,2026-08-09 11:10:16,540,0.0,0.0,0.0
2026-08-09 11:10:16,2026-08-09,Namakkal,540,5.652884171147505,50.0,50.0,86.0,0.0,PANIC,0.515,0.3333333333333333,0.3333333333333334,0.3333333333333333,-2.5,0.42142857142857143,0.5785714285714285,PARTIAL_SELL,876,2026-08-10 11:05:10,540,0.0,0.0,0.0
2026-08-10 11:05:10,2026-08-10,Namakkal,540,7.652218783264708,50.0,50.0,74.0,0.0,PANIC,0.5191666666666667,0.3076923076923077,0.3846153846153846,0.3076923076923077,-2.3076923076923075,0.41785714285714287,0.5821428571428571,PARTIAL_SELL,942,2026-08-11 11:11:53,540,0.0,0.0,0.0
2026-08-11 11:11:53,2026-08-11,Namakkal,540,6.496916912866411,50.0,50.0,50.0,26.923076923076923,PANIC,0.5233333333333333,0.2857142857142857,0.4285714285714286,0.2857142857142857,-2.142857142857143,0.4142857142857143,0.5857142857142856,PARTIAL_SELL,1013,2026-08-12 11:02:56,540,0.0,0.0,0.0
2026-08-12 11:02:56,2026-08-12,Namakkal,540,3.4445195666211177,26.894142136999513,50.0,50.0,0.0,CAPITULATION,0.5641666666666666,0.26666666666666666,0.46666666666666673,0.26666666666666666,-2.0,0.23214285714285715,0.7678571428571428,HOLD,1080,2026-08-13 11:17:21,540,0.0,0.0,0.0
2026-08-13 11:17:21,2026-08-13,Namakkal,540,3.775703235156591,50.0,88.07970779778825,50.0,15.384615384615385,PANIC,0.5816666666666667,0.25,0.5,0.25,-1.875,0.40714285714285714,0.5928571428571429,PARTIAL_SELL,1150,2026-08-14 10:46:30,540,0.0,0.0,0.0
2026-08-14 10:46:30,2026-08-14,Namakkal,540,10.95605153876545,50.0,88.07970779778825,50.0,11.538461538461538,PANIC,0.5858333333333334,0.23529411764705882,0.5294117647058822,0.23529411764705882,-1.7647058823529411,0.4035714285714286,0.5964285714285714,PARTIAL_SELL,1217,2026-08-16 10:44:37,530,-10.0,-5.964285714285714,-354875.0
2026-08-16 10:44:37,2026-08-16,Namakkal,530,48.24633365032592,50.0,50.0,13.0,50.0,NORMAL,0.51,0.2222222222222222,0.5,0.2777777777777778,-2.2222222222222223,0.5,0.5,PARTIAL_SELL,1351,2026-08-17 11:04:25,530,0.0,0.0,0.0
2026-08-17 11:04:25,2026-08-17,Namakkal,530,52.27116332606391,50.0,73.1058578630005,38.0,15.384615384615385,CONFLICTED,0.5725,0.21052631578947367,0.5263157894736843,0.2631578947368421,-2.1052631578947367,0.5,0.5,PARTIAL_SELL,1421,2026-08-18 11:19:16,530,0.0,0.0,0.0
2026-08-18 11:19:16,2026-08-18,Namakkal,530,17.929565810934697,50.0,50.0,38.0,7.6923076923076925,PANIC,0.5483333333333333,0.2,0.55,0.25,-2.0,0.4,0.6,PARTIAL_SELL,1491,2026-08-19 10:41:53,530,0.0,0.0,0.0
2026-08-19 10:41:53,2026-08-19,Namakkal,530,8.147033678346475,50.0,50.0,50.0,3.8461538461538463,PANIC,0.5525000000000001,0.19047619047619047,0.5714285714285714,0.23809523809523808,-1.9047619047619047,0.4,0.6,PARTIAL_SELL,1553,2026-08-20 10:50:15,530,0.0,0.0,0.0
2026-08-20 10:50:15,2026-08-20,Namakkal,530,18.242552380635637,50.0,50.0,50.0,3.8461538461538463,PANIC,0.5566666666666666,0.18181818181818182,0.5909090909090908,0.22727272727272727,-1.8181818181818181,0.4,0.6,PARTIAL_SELL,1623,2026-08-21 10:39:26,530,0.0,0.0,0.0
2026-08-21 10:39:26,2026-08-21,Namakkal,530,41.0079590737446,88.07970779778825,50.0,50.0,11.538461538461538,CONFLICTED,0.5891666666666666,0.17391304347826086,0.6086956521739131,0.21739130434782608,-1.7391304347826086,0.5,0.5,PARTIAL_SELL,1690,2026-08-22 10:40:41,490,-40.0,-20.0,-1190000.0
2026-08-22 10:40:41,2026-08-22,Namakkal,490,20.860852732604496,50.0,50.0,0.0,11.538461538461538,PANIC,0.565,0.16666666666666666,0.5833333333333334,0.25,-3.3333333333333335,0.4,0.6,PARTIAL_SELL,1757,2026-08-23 11:15:29,480,-10.0,-6.0,-357000.0
2026-08-23 11:15:29,2026-08-23,Namakkal,480,45.09776643245394,50.0,50.0,0.0,7.6923076923076925,NORMAL,0.5391666666666667,0.16,0.5599999999999999,0.28,-3.6,0.5,0.5,PARTIAL_SELL,1822,2026-08-24 11:12:15,480,0.0,0.0,0.0
2026-08-24 11:12:15,2026-08-24,Namakkal,480,85.86256349229191,73.1058578630005,50.0,0.0,53.84615384615385,EUPHORIA,0.6233333333333334,0.15384615384615385,0.5769230769230769,0.2692307692307692,-3.4615384615384617,0.7,0.30000000000000004,SELL,1896,2026-08-25 11:09:03,490,10.0,3.0000000000000004,178500.00000000003
2026-07-28 11:06:02,2026-07-28,Nasik,580,11.920292202211755,50.0,50.0,50.0,0.0,PANIC,0.445,0.3333333333333333,0.3333333333333333,0.3333333333333333,0.0,0.4785714285714286,0.5214285714285714,PARTIAL_SELL,7,2026-07-29 10:53:12,580,0.0,0.0,0.0
2026-07-29 10:53:12,2026-07-29,Nasik,580,7.707573837650308,1.7986209962091522,50.0,50.0,0.0,CAPITULATION,0.5025,0.0,1.0,0.0,0.0,0.3821428571428571,0.6178571428571429,PARTIAL_SELL,91,2026-07-30 10:55:48,550,-30.0,-18.535714285714285,-1102875.0
2026-07-30 10:55:48,2026-07-30,Nasik,550,8.119430885401066,88.07970779778825,50.0,0.0,4.166666666666666,PANIC,0.52,0.0,0.5,0.5,-15.0,0.45714285714285713,0.5428571428571429,PARTIAL_SELL,159,2026-07-31 11:25:15,540,-10.0,-5.428571428571429,-323000.0
2026-07-31 11:25:15,2026-07-31,Nasik,540,4.565117078444366,73.1058578630005,50.0,0.0,0.0,PANIC,0.5241666666666668,0.0,0.33333333333333337,0.6666666666666666,-13.333333333333334,0.45357142857142857,0.5464285714285715,PARTIAL_SELL,238,2026-08-01 11:13:08,520,-20.0,-10.92857142857143,-650250.0000000001
2026-08-01 11:13:08,2026-08-01,Nasik,520,4.859778426245896,95.25741268224333,50.0,0.0,0.0,PANIC,0.5283333333333333,0.0,0.25,0.75,-15.0,0.45,0.55,PARTIAL_SELL,312,2026-08-02 11:00:41,520,0.0,0.0,0.0
2026-08-02 11:00:41,2026-08-02,Nasik,520,5.315113639806377,50.0,50.0,14.0,16.666666666666664,PANIC,0.4825000000000001,0.0,0.4,0.6,-12.0,0.44642857142857145,0.5535714285714286,PARTIAL_SELL,382,2026-08-03 10:50:19,500,-20.0,-11.071428571428573,-658750.0000000001
2026-08-03 10:50:19,2026-08-03,Nasik,500,22.419598805957175,50.0,50.0,0.0,20.0,PANIC,0.4883333333333333,0.0,0.33333333333333337,0.6666666666666666,-13.333333333333334,0.44285714285714284,0.5571428571428572,PARTIAL_SELL,453,2026-08-04 10:58:02,510,10.0,5.571428571428571,331500.0
2026-08-04 10:58:02,2026-08-04,Nasik,510,14.457775046587727,50.0,50.0,63.0,8.0,PANIC,0.4925,0.14285714285714285,0.2857142857142858,0.5714285714285714,-10.0,0.4392857142857143,0.5607142857142857,PARTIAL_SELL,525,2026-08-05 11:06:04,520,10.0,5.607142857142858,333625.00000000006
2026-08-05 11:06:04,2026-08-05,Nasik,520,22.146612553425815,50.0,50.0,75.0,36.0,PANIC,0.49666666666666676,0.25,0.25,0.5,-7.5,0.4357142857142857,0.5642857142857143,PARTIAL_SELL,596,2026-08-06 10:56:49,520,0.0,0.0,0.0
2026-08-06 10:56:49,2026-08-06,Nasik,520,61.278081140124996,50.0,50.0,74.0,50.0,NORMAL,0.4725,0.2222222222222222,0.33333333333333337,0.4444444444444444,-6.666666666666667,0.5,0.5,PARTIAL_SELL,666,2026-08-07 11:21:14,520,0.0,0.0,0.0
2026-08-07 11:21:14,2026-08-07,Nasik,520,63.02602229177513,50.0,50.0,62.0,38.46153846153847,NORMAL,0.4766666666666666,0.2,0.4,0.4,-6.0,0.5,0.5,PARTIAL_SELL,741,2026-08-08 10:47:50,525,5.0,2.5,148750.0
2026-08-08 10:47:50,2026-08-08,Nasik,525,21.579821570626745,50.0,50.0,68.5,15.384615384615385,PANIC,0.5108333333333334,0.18181818181818182,0.4545454545454545,0.36363636363636365,-5.0,0.425,0.575,PARTIAL_SELL,805,2026-08-09 11:10:16,520,-5.0,-2.875,-171062.5
2026-08-09 11:10:16,2026-08-09,Nasik,520,5.652884171147505,50.0,50.0,37.5,0.0,PANIC,0.515,0.16666666666666666,0.5,0.3333333333333333,-5.0,0.42142857142857143,0.5785714285714285,PARTIAL_SELL,876,2026-08-10 11:05:10,520,0.0,0.0,0.0
2026-08-10 11:05:10,2026-08-10,Nasik,520,7.652218783264708,50.0,50.0,50.0,0.0,PANIC,0.5191666666666667,0.15384615384615385,0.5384615384615384,0.3076923076923077,-4.615384615384615,0.41785714285714287,0.5821428571428571,PARTIAL_SELL,942,2026-08-11 11:11:53,520,0.0,0.0,0.0
2026-08-11 11:11:53,2026-08-11,Nasik,520,6.496916912866411,50.0,50.0,44.0,26.923076923076923,PANIC,0.5233333333333333,0.14285714285714285,0.5714285714285715,0.2857142857142857,-4.285714285714286,0.4142857142857143,0.5857142857142856,PARTIAL_SELL,1013,2026-08-12 11:02:56,510,-10.0,-5.857142857142856,-348499.99999999994
2026-08-12 11:02:56,2026-08-12,Nasik,510,3.4445195666211177,26.894142136999513,50.0,13.0,0.0,CONFLICTED,0.5558333333333333,0.13333333333333333,0.5333333333333334,0.3333333333333333,-4.666666666666667,0.5,0.5,PARTIAL_SELL,1080,2026-08-13 11:17:21,500,-10.0,-5.0,-297500.0
2026-08-13 11:17:21,2026-08-13,Nasik,500,3.775703235156591,50.0,88.07970779778825,1.0,15.384615384615385,PANIC,0.5816666666666667,0.125,0.5,0.375,-5.0,0.40714285714285714,0.5928571428571429,PARTIAL_SELL,1150,2026-08-14 10:46:30,500,0.0,0.0,0.0
2026-08-14 10:46:30,2026-08-14,Nasik,500,10.95605153876545,50.0,88.07970779778825,26.0,11.538461538461538,PANIC,0.5858333333333334,0.11764705882352941,0.5294117647058822,0.35294117647058826,-4.705882352941177,0.4035714285714286,0.5964285714285714,PARTIAL_SELL,1217,2026-08-16 10:44:37,510,10.0,5.964285714285714,354875.0
2026-08-16 10:44:37,2026-08-16,Nasik,510,48.24633365032592,50.0,50.0,75.0,50.0,NORMAL,0.51,0.16666666666666666,0.5,0.3333333333333333,-3.888888888888889,0.5,0.5,PARTIAL_SELL,1351,2026-08-17 11:04:25,510,0.0,0.0,0.0
2026-08-17 11:04:25,2026-08-17,Nasik,510,52.27116332606391,50.0,73.1058578630005,62.0,15.384615384615385,CONFLICTED,0.5725,0.15789473684210525,0.5263157894736842,0.3157894736842105,-3.6842105263157894,0.5,0.5,PARTIAL_SELL,1421,2026-08-18 11:19:16,480,-30.0,-15.0,-892500.0
2026-08-18 11:19:16,2026-08-18,Nasik,480,17.929565810934697,50.0,50.0,0.0,7.6923076923076925,PANIC,0.5483333333333333,0.15,0.5,0.35,-5.0,0.4,0.6,PARTIAL_SELL,1491,2026-08-19 10:41:53,450,-30.0,-18.0,-1071000.0
2026-08-19 10:41:53,2026-08-19,Nasik,450,8.147033678346475,50.0,50.0,0.0,3.8461538461538463,PANIC,0.5525000000000001,0.14285714285714285,0.4761904761904763,0.38095238095238093,-6.190476190476191,0.4,0.6,PARTIAL_SELL,1553,2026-08-20 10:50:15,450,0.0,0.0,0.0
2026-08-20 10:50:15,2026-08-20,Nasik,450,18.242552380635637,50.0,50.0,0.0,3.8461538461538463,PANIC,0.5566666666666666,0.13636363636363635,0.5,0.36363636363636365,-5.909090909090909,0.4,0.6,PARTIAL_SELL,1623,2026-08-21 10:39:26,500,50.0,30.0,1785000.0
2026-08-21 10:39:26,2026-08-21,Nasik,500,41.0079590737446,88.07970779778825,50.0,100.0,11.538461538461538,CONFLICTED,0.5891666666666666,0.17391304347826086,0.4782608695652174,0.34782608695652173,-3.4782608695652173,0.5,0.5,PARTIAL_SELL,1690,2026-08-22 10:40:41,510,10.0,5.0,297500.0
2026-08-22 10:40:41,2026-08-22,Nasik,510,20.860852732604496,50.0,50.0,100.0,11.538461538461538,PANIC,0.565,0.20833333333333334,0.4583333333333333,0.3333333333333333,-2.9166666666666665,0.4,0.6,PARTIAL_SELL,1757,2026-08-23 11:15:29,480,-30.0,-18.0,-1071000.0
2026-08-23 11:15:29,2026-08-23,Nasik,480,45.09776643245394,50.0,50.0,11.0,7.6923076923076925,NORMAL,0.5391666666666667,0.2,0.44000000000000006,0.36,-4.0,0.5,0.5,PARTIAL_SELL,1822,2026-08-24 11:12:15,500,20.0,10.0,595000.0
2026-08-24 11:12:15,2026-08-24,Nasik,500,85.86256349229191,73.1058578630005,50.0,100.0,53.84615384615385,EUPHORIA,0.6233333333333334,0.23076923076923078,0.423076923076923,0.34615384615384615,-3.076923076923077,0.7,0.30000000000000004,SELL,1896,2026-08-25 11:09:03,500,0.0,0.0,0.0
2026-07-28 11:06:02,2026-07-28,Navapur,640,11.920292202211755,50.0,50.0,50.0,0.0,PANIC,0.445,0.3333333333333333,0.3333333333333333,0.3333333333333333,0.0,0.4785714285714286,0.5214285714285714,PARTIAL_SELL,7,2026-07-29 10:53:12,610,-30.0,-15.64285714285714,-930749.9999999999
2026-07-29 10:53:12,2026-07-29,Navapur,610,7.707573837650308,1.7986209962091522,50.0,0.0,0.0,CONFLICTED,0.49416666666666664,0.0,0.0,1.0,-30.0,0.5,0.5,PARTIAL_SELL,91,2026-07-30 10:55:48,575,-35.0,-17.5,-1041250.0
2026-07-30 10:55:48,2026-07-30,Navapur,575,8.119430885401066,88.07970779778825,50.0,0.0,4.166666666666666,PANIC,0.52,0.0,0.0,1.0,-32.5,0.45714285714285713,0.5428571428571429,PARTIAL_SELL,159,2026-07-31 11:25:15,545,-30.0,-16.28571428571429,-969000.0000000001
2026-07-31 11:25:15,2026-07-31,Navapur,545,4.565117078444366,73.1058578630005,50.0,0.0,0.0,PANIC,0.5241666666666668,0.0,0.0,1.0,-31.666666666666668,0.45357142857142857,0.5464285714285715,PARTIAL_SELL,238,2026-08-01 11:13:08,525,-20.0,-10.92857142857143,-650250.0000000001
2026-08-01 11:13:08,2026-08-01,Navapur,525,4.859778426245896,95.25741268224333,50.0,0.0,0.0,PANIC,0.5283333333333333,0.0,0.0,1.0,-28.75,0.45,0.55,PARTIAL_SELL,312,2026-08-02 11:00:41,515,-10.0,-5.5,-327250.0
2026-08-02 11:00:41,2026-08-02,Navapur,515,5.315113639806377,50.0,50.0,0.0,16.666666666666664,PANIC,0.4825000000000001,0.0,0.0,1.0,-25.0,0.44642857142857145,0.5535714285714286,PARTIAL_SELL,382,2026-08-03 10:50:19,515,0.0,0.0,0.0
2026-08-03 10:50:19,2026-08-03,Navapur,515,22.419598805957175,50.0,50.0,14.0,20.0,PANIC,0.4883333333333333,0.0,0.16666666666666663,0.8333333333333334,-20.833333333333332,0.44285714285714284,0.5571428571428572,PARTIAL_SELL,453,2026-08-04 10:58:02,510,-5.0,-2.7857142857142856,-165750.0
2026-08-04 10:58:02,2026-08-04,Navapur,510,14.457775046587727,50.0,50.0,19.5,8.0,PANIC,0.4925,0.0,0.2857142857142857,0.7142857142857143,-18.571428571428573,0.4392857142857143,0.5607142857142857,PARTIAL_SELL,525,2026-08-05 11:06:04,510,0.0,0.0,0.0
2026-08-05 11:06:04,2026-08-05,Navapur,510,22.146612553425815,50.0,50.0,44.0,36.0,PANIC,0.49666666666666676,0.0,0.375,0.625,-16.25,0.4357142857142857,0.5642857142857143,PARTIAL_SELL,596,2026-08-06 10:56:49,520,10.0,5.642857142857142,335749.99999999994
2026-08-06 10:56:49,2026-08-06,Navapur,520,61.278081140124996,50.0,50.0,81.0,50.0,NORMAL,0.4725,0.1111111111111111,0.33333333333333326,0.5555555555555556,-13.333333333333334,0.5,0.5,PARTIAL_SELL,666,2026-08-07 11:21:14,520,0.0,0.0,0.0
2026-08-07 11:21:14,2026-08-07,Navapur,520,63.02602229177513,50.0,50.0,62.0,38.46153846153847,NORMAL,0.4766666666666666,0.1,0.4,0.5,-12.0,0.5,0.5,PARTIAL_SELL,741,2026-08-08 10:47:50,520,0.0,0.0,0.0
2026-08-08 10:47:50,2026-08-08,Navapur,520,21.579821570626745,50.0,50.0,62.0,15.384615384615385,PANIC,0.5108333333333334,0.09090909090909091,0.45454545454545453,0.45454545454545453,-10.909090909090908,0.425,0.575,PARTIAL_SELL,805,2026-08-09 11:10:16,515,-5.0,-2.875,-171062.5
2026-08-09 11:10:16,2026-08-09,Navapur,515,5.652884171147505,50.0,50.0,31.5,0.0,PANIC,0.515,0.08333333333333333,0.49999999999999994,0.4166666666666667,-10.416666666666666,0.42142857142857143,0.5785714285714285,PARTIAL_SELL,876,2026-08-10 11:05:10,510,-5.0,-2.8928571428571423,-172124.99999999997
2026-08-10 11:05:10,2026-08-10,Navapur,510,7.652218783264708,50.0,50.0,25.5,0.0,PANIC,0.5191666666666667,0.07692307692307693,0.5384615384615385,0.38461538461538464,-10.0,0.41785714285714287,0.5821428571428571,PARTIAL_SELL,942,2026-08-11 11:11:53,525,15.0,8.732142857142856,519562.49999999994
2026-08-11 11:11:53,2026-08-11,Navapur,525,6.496916912866411,50.0,50.0,93.5,26.923076923076923,PANIC,0.5233333333333333,0.14285714285714285,0.5,0.35714285714285715,-8.214285714285714,0.4142857142857143,0.5857142857142856,PARTIAL_SELL,1013,2026-08-12 11:02:56,505,-20.0,-11.714285714285712,-696999.9999999999
2026-08-12 11:02:56,2026-08-12,Navapur,505,3.4445195666211177,26.894142136999513,50.0,0.0,0.0,CONFLICTED,0.5558333333333333,0.13333333333333333,0.4666666666666667,0.4,-9.0,0.5,0.5,PARTIAL_SELL,1080,2026-08-13 11:17:21,505,0.0,0.0,0.0
2026-08-13 11:17:21,2026-08-13,Navapur,505,3.775703235156591,50.0,88.07970779778825,44.0,15.384615384615385,PANIC,0.5816666666666667,0.125,0.5,0.375,-8.4375,0.40714285714285714,0.5928571428571429,PARTIAL_SELL,1150,2026-08-14 10:46:30,500,-5.0,-2.9642857142857144,-176375.0
2026-08-14 10:46:30,2026-08-14,Navapur,500,10.95605153876545,50.0,88.07970779778825,7.5,11.538461538461538,PANIC,0.5858333333333334,0.11764705882352941,0.5294117647058822,0.35294117647058826,-8.235294117647058,0.4035714285714286,0.5964285714285714,PARTIAL_SELL,1217,2026-08-16 10:44:37,500,0.0,0.0,0.0
2026-08-16 10:44:37,2026-08-16,Navapur,500,48.24633365032592,50.0,50.0,44.0,50.0,NORMAL,0.51,0.1111111111111111,0.5555555555555556,0.3333333333333333,-7.777777777777778,0.5,0.5,PARTIAL_SELL,1351,2026-08-17 11:04:25,500,0.0,0.0,0.0
2026-08-17 11:04:25,2026-08-17,Navapur,500,52.27116332606391,50.0,73.1058578630005,44.0,15.384615384615385,CONFLICTED,0.5725,0.10526315789473684,0.5789473684210527,0.3157894736842105,-7.368421052631579,0.5,0.5,PARTIAL_SELL,1421,2026-08-18 11:19:16,500,0.0,0.0,0.0
2026-08-18 11:19:16,2026-08-18,Navapur,500,17.929565810934697,50.0,50.0,50.0,7.6923076923076925,PANIC,0.5483333333333333,0.1,0.6000000000000001,0.3,-7.0,0.4,0.6,PARTIAL_SELL,1491,2026-08-19 10:41:53,500,0.0,0.0,0.0
2026-08-19 10:41:53,2026-08-19,Navapur,500,8.147033678346475,50.0,50.0,50.0,3.8461538461538463,PANIC,0.5525000000000001,0.09523809523809523,0.6190476190476191,0.2857142857142857,-6.666666666666667,0.4,0.6,PARTIAL_SELL,1553,2026-08-20 10:50:15,500,0.0,0.0,0.0
2026-08-20 10:50:15,2026-08-20,Navapur,500,18.242552380635637,50.0,50.0,50.0,3.8461538461538463,PANIC,0.5566666666666666,0.09090909090909091,0.6363636363636364,0.2727272727272727,-6.363636363636363,0.4,0.6,PARTIAL_SELL,1623,2026-08-21 10:39:26,500,0.0,0.0,0.0
2026-08-21 10:39:26,2026-08-21,Navapur,500,41.0079590737446,88.07970779778825,50.0,50.0,11.538461538461538,CONFLICTED,0.5891666666666666,0.08695652173913043,0.6521739130434783,0.2608695652173913,-6.086956521739131,0.5,0.5,PARTIAL_SELL,1690,2026-08-22 10:40:41,500,0.0,0.0,0.0
2026-08-22 10:40:41,2026-08-22,Navapur,500,20.860852732604496,50.0,50.0,50.0,11.538461538461538,PANIC,0.565,0.08333333333333333,0.6666666666666666,0.25,-5.833333333333333,0.4,0.6,PARTIAL_SELL,1757,2026-08-23 11:15:29,515,15.0,9.0,535500.0
2026-08-23 11:15:29,2026-08-23,Navapur,515,45.09776643245394,50.0,50.0,100.0,7.6923076923076925,NORMAL,0.5391666666666667,0.12,0.64,0.24,-5.0,0.5,0.5,PARTIAL_SELL,1822,2026-08-24 11:12:15,515,0.0,0.0,0.0
2026-08-24 11:12:15,2026-08-24,Navapur,515,85.86256349229191,73.1058578630005,50.0,68.0,53.84615384615385,EUPHORIA,0.6233333333333334,0.11538461538461539,0.6538461538461537,0.23076923076923078,-4.8076923076923075,0.7,0.30000000000000004,SELL,1896,2026-08-25 11:09:03,530,15.0,4.500000000000001,267750.00000000006
2026-07-28 11:06:02,2026-07-28,Pune,580,11.920292202211755,50.0,50.0,50.0,0.0,PANIC,0.445,0.3333333333333333,0.3333333333333333,0.3333333333333333,0.0,0.4785714285714286,0.5214285714285714,PARTIAL_SELL,7,2026-07-29 10:53:12,550,-30.0,-15.64285714285714,-930749.9999999999
2026-07-29 10:53:12,2026-07-29,Pune,550,7.707573837650308,1.7986209962091522,50.0,0.0,0.0,CONFLICTED,0.49416666666666664,0.0,0.0,1.0,-30.0,0.5,0.5,PARTIAL_SELL,91,2026-07-30 10:55:48,540,-10.0,-5.0,-297500.0
2026-07-30 10:55:48,2026-07-30,Pune,540,8.119430885401066,88.07970779778825,50.0,25.0,4.166666666666666,PANIC,0.52,0.0,0.0,1.0,-20.0,0.45714285714285713,0.5428571428571429,PARTIAL_SELL,159,2026-07-31 11:25:15,520,-20.0,-10.857142857142858,-646000.0
2026-07-31 11:25:15,2026-07-31,Pune,520,4.565117078444366,73.1058578630005,50.0,0.0,0.0,PANIC,0.5241666666666668,0.0,0.0,1.0,-20.0,0.45357142857142857,0.5464285714285715,PARTIAL_SELL,238,2026-08-01 11:13:08,500,-20.0,-10.92857142857143,-650250.0000000001
2026-08-01 11:13:08,2026-08-01,Pune,500,4.859778426245896,95.25741268224333,50.0,0.0,0.0,PANIC,0.5283333333333333,0.0,0.0,1.0,-20.0,0.45,0.55,PARTIAL_SELL,312,2026-08-02 11:00:41,500,0.0,0.0,0.0
2026-08-02 11:00:41,2026-08-02,Pune,500,5.315113639806377,50.0,50.0,2.0,16.666666666666664,PANIC,0.4825000000000001,0.0,0.19999999999999996,0.8,-16.0,0.44642857142857145,0.5535714285714286,PARTIAL_SELL,382,2026-08-03 10:50:19,500,0.0,0.0,0.0
2026-08-03 10:50:19,2026-08-03,Pune,500,22.419598805957175,50.0,50.0,26.0,20.0,PANIC,0.4883333333333333,0.0,0.33333333333333337,0.6666666666666666,-13.333333333333334,0.44285714285714284,0.5571428571428572,PARTIAL_SELL,453,2026-08-04 10:58:02,495,-5.0,-2.7857142857142856,-165750.0
2026-08-04 10:58:02,2026-08-04,Pune,495,14.457775046587727,50.0,50.0,31.5,8.0,PANIC,0.4925,0.0,0.4285714285714286,0.5714285714285714,-12.142857142857142,0.4392857142857143,0.5607142857142857,PARTIAL_SELL,525,2026-08-05 11:06:04,500,5.0,2.803571428571429,166812.50000000003
2026-08-05 11:06:04,2026-08-05,Pune,500,22.146612553425815,50.0,50.0,62.5,36.0,PANIC,0.49666666666666676,0.0,0.5,0.5,-10.0,0.4357142857142857,0.5642857142857143,PARTIAL_SELL,596,2026-08-06 10:56:49,500,0.0,0.0,0.0
2026-08-06 10:56:49,2026-08-06,Pune,500,61.278081140124996,50.0,50.0,50.0,50.0,NORMAL,0.4725,0.0,0.5555555555555556,0.4444444444444444,-8.88888888888889,0.5,0.5,PARTIAL_SELL,666,2026-08-07 11:21:14,505,5.0,2.5,148750.0
2026-08-07 11:21:14,2026-08-07,Pune,505,63.02602229177513,50.0,50.0,74.5,38.46153846153847,NORMAL,0.4766666666666666,0.0,0.6,0.4,-7.5,0.5,0.5,PARTIAL_SELL,741,2026-08-08 10:47:50,510,5.0,2.5,148750.0
2026-08-08 10:47:50,2026-08-08,Pune,510,21.579821570626745,50.0,50.0,74.5,15.384615384615385,PANIC,0.5108333333333334,0.0,0.6363636363636364,0.36363636363636365,-6.363636363636363,0.425,0.575,PARTIAL_SELL,805,2026-08-09 11:10:16,510,0.0,0.0,0.0
2026-08-09 11:10:16,2026-08-09,Pune,510,5.652884171147505,50.0,50.0,62.0,0.0,PANIC,0.515,0.0,0.6666666666666667,0.3333333333333333,-5.833333333333333,0.42142857142857143,0.5785714285714285,PARTIAL_SELL,876,2026-08-10 11:05:10,510,0.0,0.0,0.0
2026-08-10 11:05:10,2026-08-10,Pune,510,7.652218783264708,50.0,50.0,56.0,0.0,PANIC,0.5191666666666667,0.0,0.6923076923076923,0.3076923076923077,-5.384615384615385,0.41785714285714287,0.5821428571428571,PARTIAL_SELL,942,2026-08-11 11:11:53,510,0.0,0.0,0.0
2026-08-11 11:11:53,2026-08-11,Pune,510,6.496916912866411,50.0,50.0,50.0,26.923076923076923,PANIC,0.5233333333333333,0.0,0.7142857142857143,0.2857142857142857,-5.0,0.4142857142857143,0.5857142857142856,PARTIAL_SELL,1013,2026-08-12 11:02:56,490,-20.0,-11.714285714285712,-696999.9999999999
2026-08-12 11:02:56,2026-08-12,Pune,490,3.4445195666211177,26.894142136999513,50.0,0.0,0.0,CONFLICTED,0.5558333333333333,0.0,0.6666666666666667,0.3333333333333333,-6.0,0.5,0.5,PARTIAL_SELL,1080,2026-08-13 11:17:21,490,0.0,0.0,0.0
2026-08-13 11:17:21,2026-08-13,Pune,490,3.775703235156591,50.0,88.07970779778825,26.0,15.384615384615385,PANIC,0.5816666666666667,0.0,0.6875,0.3125,-5.625,0.40714285714285714,0.5928571428571429,PARTIAL_SELL,1150,2026-08-14 10:46:30,490,0.0,0.0,0.0
2026-08-14 10:46:30,2026-08-14,Pune,490,10.95605153876545,50.0,88.07970779778825,26.0,11.538461538461538,PANIC,0.5858333333333334,0.0,0.7058823529411764,0.29411764705882354,-5.294117647058823,0.4035714285714286,0.5964285714285714,PARTIAL_SELL,1217,2026-08-16 10:44:37,490,0.0,0.0,0.0
2026-08-16 10:44:37,2026-08-16,Pune,490,48.24633365032592,50.0,50.0,50.0,50.0,NORMAL,0.51,0.0,0.7222222222222222,0.2777777777777778,-5.0,0.5,0.5,PARTIAL_SELL,1351,2026-08-17 11:04:25,475,-15.0,-7.5,-446250.0
2026-08-17 11:04:25,2026-08-17,Pune,475,52.27116332606391,50.0,73.1058578630005,0.0,15.384615384615385,CONFLICTED,0.5725,0.0,0.6842105263157895,0.3157894736842105,-5.526315789473684,0.5,0.5,PARTIAL_SELL,1421,2026-08-18 11:19:16,475,0.0,0.0,0.0
2026-08-18 11:19:16,2026-08-18,Pune,475,17.929565810934697,50.0,50.0,32.0,7.6923076923076925,PANIC,0.5483333333333333,0.0,0.7,0.3,-5.25,0.4,0.6,PARTIAL_SELL,1491,2026-08-19 10:41:53,470,-5.0,-3.0,-178500.0
2026-08-19 10:41:53,2026-08-19,Pune,470,8.147033678346475,50.0,50.0,13.5,3.8461538461538463,PANIC,0.5525000000000001,0.0,0.7142857142857143,0.2857142857142857,-5.238095238095238,0.4,0.6,PARTIAL_SELL,1553,2026-08-20 10:50:15,465,-5.0,-3.0,-178500.0
2026-08-20 10:50:15,2026-08-20,Pune,465,18.242552380635637,50.0,50.0,25.5,3.8461538461538463,PANIC,0.5566666666666666,0.0,0.7272727272727273,0.2727272727272727,-5.2272727272727275,0.4,0.6,PARTIAL_SELL,1623,2026-08-21 10:39:26,465,0.0,0.0,0.0
2026-08-21 10:39:26,2026-08-21,Pune,465,41.0079590737446,88.07970779778825,50.0,38.0,11.538461538461538,CONFLICTED,0.5891666666666666,0.0,0.7391304347826086,0.2608695652173913,-5.0,0.5,0.5,PARTIAL_SELL,1690,2026-08-22 10:40:41,460,-5.0,-2.5,-148750.0
2026-08-22 10:40:41,2026-08-22,Pune,460,20.860852732604496,50.0,50.0,25.5,11.538461538461538,PANIC,0.565,0.0,0.75,0.25,-5.0,0.4,0.6,PARTIAL_SELL,1757,2026-08-23 11:15:29,460,0.0,0.0,0.0
2026-08-23 11:15:29,2026-08-23,Pune,460,45.09776643245394,50.0,50.0,44.0,7.6923076923076925,NORMAL,0.5391666666666667,0.0,0.76,0.24,-4.8,0.5,0.5,PARTIAL_SELL,1822,2026-08-24 11:12:15,460,0.0,0.0,0.0
2026-08-24 11:12:15,2026-08-24,Pune,460,85.86256349229191,73.1058578630005,50.0,44.0,53.84615384615385,EUPHORIA,0.6233333333333334,0.0,0.7692307692307692,0.23076923076923078,-4.615384615384615,0.7,0.30000000000000004,SELL,1896,2026-08-25 11:09:03,470,10.0,3.0000000000000004,178500.00000000003
2026-07-28 11:06:02,2026-07-28,Raipur,600,11.920292202211755,50.0,50.0,50.0,0.0,PANIC,0.445,0.3333333333333333,0.3333333333333333,0.3333333333333333,0.0,0.4785714285714286,0.5214285714285714,PARTIAL_SELL,7,2026-07-29 10:53:12,565,-35.0,-18.249999999999996,-1085874.9999999998
2026-07-29 10:53:12,2026-07-29,Raipur,565,7.707573837650308,1.7986209962091522,50.0,0.0,0.0,CONFLICTED,0.49416666666666664,0.0,0.0,1.0,-35.0,0.5,0.5,PARTIAL_SELL,91,2026-07-30 10:55:48,540,-25.0,-12.5,-743750.0
2026-07-30 10:55:48,2026-07-30,Raipur,540,8.119430885401066,88.07970779778825,50.0,0.0,4.166666666666666,PANIC,0.52,0.0,0.0,1.0,-30.0,0.45714285714285713,0.5428571428571429,PARTIAL_SELL,159,2026-07-31 11:25:15,515,-25.0,-13.571428571428573,-807500.0000000001
2026-07-31 11:25:15,2026-07-31,Raipur,515,4.565117078444366,73.1058578630005,50.0,0.0,0.0,PANIC,0.5241666666666668,0.0,0.0,1.0,-28.333333333333332,0.45357142857142857,0.5464285714285715,PARTIAL_SELL,238,2026-08-01 11:13:08,475,-40.0,-21.85714285714286,-1300500.0000000002
2026-08-01 11:13:08,2026-08-01,Raipur,475,4.859778426245896,95.25741268224333,50.0,0.0,0.0,PANIC,0.5283333333333333,0.0,0.0,1.0,-31.25,0.45,0.55,PARTIAL_SELL,312,2026-08-02 11:00:41,470,-5.0,-2.75,-163625.0
2026-08-02 11:00:41,2026-08-02,Raipur,470,5.315113639806377,50.0,50.0,0.0,16.666666666666664,PANIC,0.4825000000000001,0.0,0.19999999999999996,0.8,-26.0,0.44642857142857145,0.5535714285714286,PARTIAL_SELL,382,2026-08-03 10:50:19,475,5.0,2.7678571428571432,164687.50000000003
2026-08-03 10:50:19,2026-08-03,Raipur,475,22.419598805957175,50.0,50.0,14.5,20.0,PANIC,0.4883333333333333,0.0,0.33333333333333337,0.6666666666666666,-20.833333333333332,0.44285714285714284,0.5571428571428572,PARTIAL_SELL,453,2026-08-04 10:58:02,475,0.0,0.0,0.0
2026-08-04 10:58:02,2026-08-04,Raipur,475,14.457775046587727,50.0,50.0,50.0,8.0,PANIC,0.4925,0.0,0.4285714285714286,0.5714285714285714,-17.857142857142858,0.4392857142857143,0.5607142857142857,PARTIAL_SELL,525,2026-08-05 11:06:04,470,-5.0,-2.803571428571429,-166812.50000000003
2026-08-06 10:56:49,2026-08-06,Raipur Td,470,61.278081140124996,50.0,50.0,50.0,50.0,NORMAL,0.4183333333333333,0.3333333333333333,0.3333333333333333,0.3333333333333333,0.0,0.5,0.5,PARTIAL_SELL,666,2026-08-07 11:21:14,470,0.0,0.0,0.0
2026-08-07 11:21:14,2026-08-07,Raipur Td,470,63.02602229177513,50.0,50.0,50.0,38.46153846153847,NORMAL,0.4391666666666667,0.0,1.0,0.0,0.0,0.5,0.5,PARTIAL_SELL,741,2026-08-08 10:47:50,460,-10.0,-5.0,-297500.0
2026-08-08 10:47:50,2026-08-08,Raipur Td,460,21.579821570626745,50.0,50.0,25.0,15.384615384615385,PANIC,0.47333333333333333,0.0,0.5,0.5,-5.0,0.45714285714285713,0.5428571428571429,PARTIAL_SELL,805,2026-08-09 11:10:16,460,0.0,0.0,0.0
2026-08-09 11:10:16,2026-08-09,Raipur Td,460,5.652884171147505,50.0,50.0,38.0,0.0,PANIC,0.47750000000000004,0.0,0.6666666666666667,0.3333333333333333,-3.3333333333333335,0.45357142857142857,0.5464285714285715,PARTIAL_SELL,876,2026-08-10 11:05:10,430,-30.0,-16.392857142857146,-975375.0000000002
2026-08-10 11:05:10,2026-08-10,Raipur Td,430,7.652218783264708,50.0,50.0,0.0,0.0,PANIC,0.48166666666666663,0.0,0.5,0.5,-10.0,0.45,0.55,PARTIAL_SELL,942,2026-08-11 11:11:53,440,10.0,5.5,327250.0
2026-08-11 11:11:53,2026-08-11,Raipur Td,440,6.496916912866411,50.0,50.0,51.0,26.923076923076923,PANIC,0.48583333333333334,0.2,0.4,0.4,-6.0,0.44642857142857145,0.5535714285714286,PARTIAL_SELL,1013,2026-08-12 11:02:56,430,-10.0,-5.5357142857142865,-329375.00000000006
2026-08-12 11:02:56,2026-08-12,Raipur Td,430,3.4445195666211177,26.894142136999513,50.0,0.0,0.0,CONFLICTED,0.5183333333333333,0.16666666666666666,0.33333333333333337,0.5,-6.666666666666667,0.5,0.5,PARTIAL_SELL,1080,2026-08-13 11:17:21,430,0.0,0.0,0.0
2026-08-13 11:17:21,2026-08-13,Raipur Td,430,3.775703235156591,50.0,88.07970779778825,50.0,15.384615384615385,PANIC,0.5441666666666666,0.14285714285714285,0.42857142857142866,0.42857142857142855,-5.714285714285714,0.4392857142857143,0.5607142857142857,PARTIAL_SELL,1150,2026-08-14 10:46:30,430,0.0,0.0,0.0
2026-08-14 10:46:30,2026-08-14,Raipur Td,430,10.95605153876545,50.0,88.07970779778825,38.0,11.538461538461538,PANIC,0.5483333333333333,0.125,0.5,0.375,-5.0,0.4357142857142857,0.5642857142857143,PARTIAL_SELL,1217,2026-08-16 10:44:37,450,20.0,11.285714285714285,671499.9999999999
2026-08-16 10:44:37,2026-08-16,Raipur Td,450,48.24633365032592,50.0,50.0,100.0,50.0,NORMAL,0.4725,0.2222222222222222,0.4444444444444445,0.3333333333333333,-2.2222222222222223,0.5,0.5,PARTIAL_SELL,1351,2026-08-17 11:04:25,460,10.0,5.0,297500.0
2026-08-17 11:04:25,2026-08-17,Raipur Td,460,52.27116332606391,50.0,73.1058578630005,100.0,15.384615384615385,CONFLICTED,0.535,0.3,0.39999999999999997,0.3,-1.0,0.5,0.5,PARTIAL_SELL,1421,2026-08-18 11:19:16,460,0.0,0.0,0.0
2026-08-18 11:19:16,2026-08-18,Raipur Td,460,17.929565810934697,50.0,50.0,86.0,7.6923076923076925,PANIC,0.5108333333333334,0.2727272727272727,0.4545454545454546,0.2727272727272727,-0.9090909090909091,0.425,0.575,PARTIAL_SELL,1491,2026-08-19 10:41:53,465,5.0,2.875,171062.5
2026-08-19 10:41:53,2026-08-19,Raipur Td,465,8.147033678346475,50.0,50.0,80.5,3.8461538461538463,PANIC,0.515,0.25,0.5,0.25,-0.4166666666666667,0.42142857142857143,0.5785714285714285,PARTIAL_SELL,1553,2026-08-20 10:50:15,455,-10.0,-5.785714285714285,-344249.99999999994
2026-08-20 10:50:15,2026-08-20,Raipur Td,455,18.242552380635637,50.0,50.0,19.0,3.8461538461538463,PANIC,0.5191666666666667,0.23076923076923078,0.46153846153846145,0.3076923076923077,-1.1538461538461537,0.41785714285714287,0.5821428571428571,PARTIAL_SELL,1623,2026-08-21 10:39:26,455,0.0,0.0,0.0
2026-08-21 10:39:26,2026-08-21,Raipur Td,455,41.0079590737446,88.07970779778825,50.0,44.0,11.538461538461538,CONFLICTED,0.5516666666666666,0.21428571428571427,0.5,0.2857142857142857,-1.0714285714285714,0.5,0.5,PARTIAL_SELL,1690,2026-08-22 10:40:41,455,0.0,0.0,0.0
2026-08-22 10:40:41,2026-08-22,Raipur Td,455,20.860852732604496,50.0,50.0,38.0,11.538461538461538,PANIC,0.5275,0.2,0.5333333333333334,0.26666666666666666,-1.0,0.4107142857142857,0.5892857142857143,PARTIAL_SELL,1757,2026-08-23 11:15:29,445,-10.0,-5.892857142857143,-350625.0
2026-08-23 11:15:29,2026-08-23,Raipur Td,445,45.09776643245394,50.0,50.0,13.0,7.6923076923076925,NORMAL,0.5016666666666667,0.1875,0.5,0.3125,-1.5625,0.5,0.5,PARTIAL_SELL,1822,2026-08-24 11:12:15,460,15.0,7.5,446250.0
2026-08-24 11:12:15,2026-08-24,Raipur Td,460,85.86256349229191,73.1058578630005,50.0,93.5,53.84615384615385,EUPHORIA,0.5858333333333334,0.23529411764705882,0.4705882352941176,0.29411764705882354,-0.5882352941176471,0.6928571428571428,0.30714285714285716,PARTIAL_SELL,1896,2026-08-25 11:09:03,485,25.0,7.678571428571429,456875.0
2026-07-28 11:06:02,2026-07-28,Siddipet,540,11.920292202211755,50.0,50.0,50.0,0.0,PANIC,0.445,0.3333333333333333,0.3333333333333333,0.3333333333333333,0.0,0.4785714285714286,0.5214285714285714,PARTIAL_SELL,7,2026-07-29 10:53:12,520,-20.0,-10.428571428571427,-620499.9999999999
2026-07-29 10:53:12,2026-07-29,Siddipet,520,7.707573837650308,1.7986209962091522,50.0,0.0,0.0,CONFLICTED,0.49416666666666664,0.0,0.0,1.0,-20.0,0.5,0.5,PARTIAL_SELL,91,2026-07-30 10:55:48,510,-10.0,-5.0,-297500.0
2026-07-30 10:55:48,2026-07-30,Siddipet,510,8.119430885401066,88.07970779778825,50.0,25.0,4.166666666666666,PANIC,0.52,0.0,0.0,1.0,-15.0,0.45714285714285713,0.5428571428571429,PARTIAL_SELL,159,2026-07-31 11:25:15,480,-30.0,-16.28571428571429,-969000.0000000001
2026-07-31 11:25:15,2026-07-31,Siddipet,480,4.565117078444366,73.1058578630005,50.0,0.0,0.0,PANIC,0.5241666666666668,0.0,0.0,1.0,-20.0,0.45357142857142857,0.5464285714285715,PARTIAL_SELL,238,2026-08-01 11:13:08,470,-10.0,-5.464285714285715,-325125.00000000006
2026-08-01 11:13:08,2026-08-01,Siddipet,470,4.859778426245896,95.25741268224333,50.0,0.0,0.0,PANIC,0.5283333333333333,0.0,0.0,1.0,-17.5,0.45,0.55,PARTIAL_SELL,312,2026-08-02 11:00:41,465,-5.0,-2.75,-163625.0
2026-08-02 11:00:41,2026-08-02,Siddipet,465,5.315113639806377,50.0,50.0,0.0,16.666666666666664,PANIC,0.4825000000000001,0.0,0.19999999999999996,0.8,-15.0,0.44642857142857145,0.5535714285714286,PARTIAL_SELL,382,2026-08-03 10:50:19,470,5.0,2.7678571428571432,164687.50000000003
2026-08-03 10:50:19,2026-08-03,Siddipet,470,22.419598805957175,50.0,50.0,50.5,20.0,PANIC,0.4883333333333333,0.0,0.33333333333333337,0.6666666666666666,-11.666666666666666,0.44285714285714284,0.5571428571428572,PARTIAL_SELL,453,2026-08-04 10:58:02,455,-15.0,-8.357142857142858,-497250.00000000006
2026-08-04 10:58:02,2026-08-04,Siddipet,455,14.457775046587727,50.0,50.0,0.0,8.0,PANIC,0.4925,0.0,0.2857142857142857,0.7142857142857143,-12.142857142857142,0.4392857142857143,0.5607142857142857,PARTIAL_SELL,525,2026-08-05 11:06:04,465,10.0,5.607142857142858,333625.00000000006
2026-08-05 11:06:04,2026-08-05,Siddipet,465,22.146612553425815,50.0,50.0,75.0,36.0,PANIC,0.49666666666666676,0.125,0.25,0.625,-9.375,0.4357142857142857,0.5642857142857143,PARTIAL_SELL,596,2026-08-06 10:56:49,470,5.0,2.821428571428571,167874.99999999997
2026-08-06 10:56:49,2026-08-06,Siddipet,470,61.278081140124996,50.0,50.0,62.5,50.0,NORMAL,0.4725,0.1111111111111111,0.33333333333333326,0.5555555555555556,-7.777777777777778,0.5,0.5,PARTIAL_SELL,666,2026-08-07 11:21:14,475,5.0,2.5,148750.0
2026-08-07 11:21:14,2026-08-07,Siddipet,475,63.02602229177513,50.0,50.0,86.5,38.46153846153847,NORMAL,0.4766666666666666,0.1,0.4,0.5,-6.5,0.5,0.5,PARTIAL_SELL,741,2026-08-08 10:47:50,475,0.0,0.0,0.0
2026-08-08 10:47:50,2026-08-08,Siddipet,475,21.579821570626745,50.0,50.0,62.0,15.384615384615385,PANIC,0.5108333333333334,0.09090909090909091,0.45454545454545453,0.45454545454545453,-5.909090909090909,0.425,0.575,PARTIAL_SELL,805,2026-08-09 11:10:16,470,-5.0,-2.875,-171062.5
2026-08-09 11:10:16,2026-08-09,Siddipet,470,5.652884171147505,50.0,50.0,37.5,0.0,PANIC,0.515,0.08333333333333333,0.49999999999999994,0.4166666666666667,-5.833333333333333,0.42142857142857143,0.5785714285714285,PARTIAL_SELL,876,2026-08-10 11:05:10,470,0.0,0.0,0.0
2026-08-10 11:05:10,2026-08-10,Siddipet,470,7.652218783264708,50.0,50.0,44.0,0.0,PANIC,0.5191666666666667,0.07692307692307693,0.5384615384615385,0.38461538461538464,-5.384615384615385,0.41785714285714287,0.5821428571428571,PARTIAL_SELL,942,2026-08-11 11:11:53,470,0.0,0.0,0.0
2026-08-11 11:11:53,2026-08-11,Siddipet,470,6.496916912866411,50.0,50.0,44.0,26.923076923076923,PANIC,0.5233333333333333,0.07142857142857142,0.5714285714285714,0.35714285714285715,-5.0,0.4142857142857143,0.5857142857142856,PARTIAL_SELL,1013,2026-08-12 11:02:56,455,-15.0,-8.785714285714285,-522749.99999999994
2026-08-12 11:02:56,2026-08-12,Siddipet,455,3.4445195666211177,26.894142136999513,50.0,0.0,0.0,CONFLICTED,0.5558333333333333,0.06666666666666667,0.5333333333333333,0.4,-5.666666666666667,0.5,0.5,PARTIAL_SELL,1080,2026-08-13 11:17:21,455,0.0,0.0,0.0
2026-08-13 11:17:21,2026-08-13,Siddipet,455,3.775703235156591,50.0,88.07970779778825,32.0,15.384615384615385,PANIC,0.5816666666666667,0.0625,0.5625,0.375,-5.3125,0.40714285714285714,0.5928571428571429,PARTIAL_SELL,1150,2026-08-14 10:46:30,455,0.0,0.0,0.0
2026-08-14 10:46:30,2026-08-14,Siddipet,455,10.95605153876545,50.0,88.07970779778825,32.0,11.538461538461538,PANIC,0.5858333333333334,0.058823529411764705,0.588235294117647,0.35294117647058826,-5.0,0.4035714285714286,0.5964285714285714,PARTIAL_SELL,1217,2026-08-16 10:44:37,465,10.0,5.964285714285714,354875.0
2026-08-16 10:44:37,2026-08-16,Siddipet,465,48.24633365032592,50.0,50.0,87.0,50.0,NORMAL,0.51,0.1111111111111111,0.5555555555555556,0.3333333333333333,-4.166666666666667,0.5,0.5,PARTIAL_SELL,1351,2026-08-17 11:04:25,465,0.0,0.0,0.0
2026-08-17 11:04:25,2026-08-17,Siddipet,465,52.27116332606391,50.0,73.1058578630005,62.0,15.384615384615385,CONFLICTED,0.5725,0.10526315789473684,0.5789473684210527,0.3157894736842105,-3.9473684210526314,0.5,0.5,PARTIAL_SELL,1421,2026-08-18 11:19:16,465,0.0,0.0,0.0
2026-08-18 11:19:16,2026-08-18,Siddipet,465,17.929565810934697,50.0,50.0,62.0,7.6923076923076925,PANIC,0.5483333333333333,0.1,0.6000000000000001,0.3,-3.75,0.4,0.6,PARTIAL_SELL,1491,2026-08-19 10:41:53,465,0.0,0.0,0.0
2026-08-19 10:41:53,2026-08-19,Siddipet,465,8.147033678346475,50.0,50.0,50.0,3.8461538461538463,PANIC,0.5525000000000001,0.09523809523809523,0.6190476190476191,0.2857142857142857,-3.5714285714285716,0.4,0.6,PARTIAL_SELL,1553,2026-08-20 10:50:15,455,-10.0,-6.0,-357000.0
2026-08-20 10:50:15,2026-08-20,Siddipet,455,18.242552380635637,50.0,50.0,13.0,3.8461538461538463,PANIC,0.5566666666666666,0.09090909090909091,0.5909090909090908,0.3181818181818182,-3.8636363636363638,0.4,0.6,PARTIAL_SELL,1623,2026-08-21 10:39:26,455,0.0,0.0,0.0
2026-08-21 10:39:26,2026-08-21,Siddipet,455,41.0079590737446,88.07970779778825,50.0,38.0,11.538461538461538,CONFLICTED,0.5891666666666666,0.08695652173913043,0.6086956521739131,0.30434782608695654,-3.6956521739130435,0.5,0.5,PARTIAL_SELL,1690,2026-08-22 10:40:41,455,0.0,0.0,0.0
2026-08-22 10:40:41,2026-08-22,Siddipet,455,20.860852732604496,50.0,50.0,38.0,11.538461538461538,PANIC,0.565,0.08333333333333333,0.625,0.2916666666666667,-3.5416666666666665,0.4,0.6,PARTIAL_SELL,1757,2026-08-23 11:15:29,455,0.0,0.0,0.0
2026-08-23 11:15:29,2026-08-23,Siddipet,455,45.09776643245394,50.0,50.0,50.0,7.6923076923076925,NORMAL,0.5391666666666667,0.08,0.64,0.28,-3.4,0.5,0.5,PARTIAL_SELL,1822,2026-08-24 11:12:15,465,10.0,5.0,297500.0
2026-08-24 11:12:15,2026-08-24,Siddipet,465,85.86256349229191,73.1058578630005,50.0,87.0,53.84615384615385,EUPHORIA,0.6233333333333334,0.11538461538461539,0.6153846153846154,0.2692307692307692,-2.8846153846153846,0.7,0.30000000000000004,SELL,1896,2026-08-25 11:09:03,470,5.0,1.5000000000000002,89250.00000000001
2026-07-28 11:06:02,2026-07-28,Surat,660,11.920292202211755,50.0,50.0,50.0,0.0,PANIC,0.445,0.3333333333333333,0.3333333333333333,0.3333333333333333,0.0,0.4785714285714286,0.5214285714285714,PARTIAL_SELL,7,2026-07-29 10:53:12,600,-60.0,-31.28571428571428,-1861499.9999999998
2026-07-29 10:53:12,2026-07-29,Surat,600,7.707573837650308,1.7986209962091522,50.0,0.0,0.0,CONFLICTED,0.49416666666666664,0.0,0.0,1.0,-60.0,0.5,0.5,PARTIAL_SELL,91,2026-07-30 10:55:48,580,-20.0,-10.0,-595000.0
2026-07-30 10:55:48,2026-07-30,Surat,580,8.119430885401066,88.07970779778825,50.0,0.0,4.166666666666666,PANIC,0.52,0.0,0.0,1.0,-40.0,0.45714285714285713,0.5428571428571429,PARTIAL_SELL,159,2026-07-31 11:25:15,555,-25.0,-13.571428571428573,-807500.0000000001
2026-07-31 11:25:15,2026-07-31,Surat,555,4.565117078444366,73.1058578630005,50.0,0.0,0.0,PANIC,0.5241666666666668,0.0,0.0,1.0,-35.0,0.45357142857142857,0.5464285714285715,PARTIAL_SELL,238,2026-08-01 11:13:08,540,-15.0,-8.196428571428573,-487687.5000000001
2026-08-01 11:13:08,2026-08-01,Surat,540,4.859778426245896,95.25741268224333,50.0,0.0,0.0,PANIC,0.5283333333333333,0.0,0.0,1.0,-30.0,0.45,0.55,PARTIAL_SELL,312,2026-08-02 11:00:41,540,0.0,0.0,0.0
2026-08-02 11:00:41,2026-08-02,Surat,540,5.315113639806377,50.0,50.0,2.0,16.666666666666664,PANIC,0.4825000000000001,0.0,0.19999999999999996,0.8,-24.0,0.44642857142857145,0.5535714285714286,PARTIAL_SELL,382,2026-08-03 10:50:19,540,0.0,0.0,0.0
2026-08-03 10:50:19,2026-08-03,Surat,540,22.419598805957175,50.0,50.0,32.0,20.0,PANIC,0.4883333333333333,0.0,0.33333333333333337,0.6666666666666666,-20.0,0.44285714285714284,0.5571428571428572,PARTIAL_SELL,453,2026-08-04 10:58:02,540,0.0,0.0,0.0
2026-08-04 10:58:02,2026-08-04,Surat,540,14.457775046587727,50.0,50.0,50.0,8.0,PANIC,0.4925,0.0,0.4285714285714286,0.5714285714285714,-17.142857142857142,0.4392857142857143,0.5607142857142857,PARTIAL_SELL,525,2026-08-05 11:06:04,530,-10.0,-5.607142857142858,-333625.00000000006
2026-08-05 11:06:04,2026-08-05,Surat,530,22.146612553425815,50.0,50.0,13.0,36.0,PANIC,0.49666666666666676,0.0,0.375,0.625,-16.25,0.4357142857142857,0.5642857142857143,PARTIAL_SELL,596,2026-08-06 10:56:49,530,0.0,0.0,0.0
2026-08-06 10:56:49,2026-08-06,Surat,530,61.278081140124996,50.0,50.0,38.0,50.0,NORMAL,0.4725,0.0,0.4444444444444444,0.5555555555555556,-14.444444444444445,0.5,0.5,PARTIAL_SELL,666,2026-08-07 11:21:14,540,10.0,5.0,297500.0
2026-08-07 11:21:14,2026-08-07,Surat,540,63.02602229177513,50.0,50.0,75.0,38.46153846153847,NORMAL,0.4766666666666666,0.1,0.4,0.5,-12.0,0.5,0.5,PARTIAL_SELL,741,2026-08-08 10:47:50,540,0.0,0.0,0.0
2026-08-08 10:47:50,2026-08-08,Surat,540,21.579821570626745,50.0,50.0,62.0,15.384615384615385,PANIC,0.5108333333333334,0.09090909090909091,0.45454545454545453,0.45454545454545453,-10.909090909090908,0.425,0.575,PARTIAL_SELL,805,2026-08-09 11:10:16,530,-10.0,-5.75,-342125.0
2026-08-09 11:10:16,2026-08-09,Surat,530,5.652884171147505,50.0,50.0,25.0,0.0,PANIC,0.515,0.08333333333333333,0.41666666666666663,0.5,-10.833333333333334,0.42142857142857143,0.5785714285714285,PARTIAL_SELL,876,2026-08-10 11:05:10,525,-5.0,-2.8928571428571423,-172124.99999999997
2026-08-10 11:05:10,2026-08-10,Surat,525,7.652218783264708,50.0,50.0,19.5,0.0,PANIC,0.5191666666666667,0.07692307692307693,0.46153846153846156,0.46153846153846156,-10.384615384615385,0.41785714285714287,0.5821428571428571,PARTIAL_SELL,942,2026-08-11 11:11:53,525,0.0,0.0,0.0
2026-08-11 11:11:53,2026-08-11,Surat,525,6.496916912866411,50.0,50.0,32.0,26.923076923076923,PANIC,0.5233333333333333,0.07142857142857142,0.5,0.42857142857142855,-9.642857142857142,0.4142857142857143,0.5857142857142856,PARTIAL_SELL,1013,2026-08-12 11:02:56,525,0.0,0.0,0.0
2026-08-12 11:02:56,2026-08-12,Surat,525,3.4445195666211177,26.894142136999513,50.0,44.0,0.0,CAPITULATION,0.5641666666666666,0.06666666666666667,0.5333333333333333,0.4,-9.0,0.23214285714285715,0.7678571428571428,HOLD,1080,2026-08-13 11:17:21,525,0.0,0.0,0.0
2026-08-13 11:17:21,2026-08-13,Surat,525,3.775703235156591,50.0,88.07970779778825,50.0,15.384615384615385,PANIC,0.5816666666666667,0.0625,0.5625,0.375,-8.4375,0.40714285714285714,0.5928571428571429,PARTIAL_SELL,1150,2026-08-14 10:46:30,525,0.0,0.0,0.0
2026-08-14 10:46:30,2026-08-14,Surat,525,10.95605153876545,50.0,88.07970779778825,50.0,11.538461538461538,PANIC,0.5858333333333334,0.058823529411764705,0.588235294117647,0.35294117647058826,-7.9411764705882355,0.4035714285714286,0.5964285714285714,PARTIAL_SELL,1217,2026-08-16 10:44:37,530,5.0,2.982142857142857,177437.5
2026-08-16 10:44:37,2026-08-16,Surat,530,48.24633365032592,50.0,50.0,68.5,50.0,NORMAL,0.51,0.05555555555555555,0.6111111111111112,0.3333333333333333,-7.222222222222222,0.5,0.5,PARTIAL_SELL,1351,2026-08-17 11:04:25,530,0.0,0.0,0.0
2026-08-17 11:04:25,2026-08-17,Surat,530,52.27116332606391,50.0,73.1058578630005,56.0,15.384615384615385,CONFLICTED,0.5725,0.05263157894736842,0.6315789473684211,0.3157894736842105,-6.842105263157895,0.5,0.5,PARTIAL_SELL,1421,2026-08-18 11:19:16,530,0.0,0.0,0.0
2026-08-18 11:19:16,2026-08-18,Surat,530,17.929565810934697,50.0,50.0,56.0,7.6923076923076925,PANIC,0.5483333333333333,0.05,0.6499999999999999,0.3,-6.5,0.4,0.6,PARTIAL_SELL,1491,2026-08-19 10:41:53,530,0.0,0.0,0.0
2026-08-19 10:41:53,2026-08-19,Surat,530,8.147033678346475,50.0,50.0,50.0,3.8461538461538463,PANIC,0.5525000000000001,0.047619047619047616,0.6666666666666666,0.2857142857142857,-6.190476190476191,0.4,0.6,PARTIAL_SELL,1553,2026-08-20 10:50:15,530,0.0,0.0,0.0
2026-08-20 10:50:15,2026-08-20,Surat,530,18.242552380635637,50.0,50.0,50.0,3.8461538461538463,PANIC,0.5566666666666666,0.045454545454545456,0.6818181818181819,0.2727272727272727,-5.909090909090909,0.4,0.6,PARTIAL_SELL,1623,2026-08-21 10:39:26,530,0.0,0.0,0.0
2026-08-21 10:39:26,2026-08-21,Surat,530,41.0079590737446,88.07970779778825,50.0,50.0,11.538461538461538,CONFLICTED,0.5891666666666666,0.043478260869565216,0.6956521739130435,0.2608695652173913,-5.6521739130434785,0.5,0.5,PARTIAL_SELL,1690,2026-08-22 10:40:41,530,0.0,0.0,0.0
2026-08-22 10:40:41,2026-08-22,Surat,530,20.860852732604496,50.0,50.0,50.0,11.538461538461538,PANIC,0.565,0.041666666666666664,0.7083333333333334,0.25,-5.416666666666667,0.4,0.6,PARTIAL_SELL,1757,2026-08-23 11:15:29,530,0.0,0.0,0.0
2026-08-23 11:15:29,2026-08-23,Surat,530,45.09776643245394,50.0,50.0,50.0,7.6923076923076925,NORMAL,0.5391666666666667,0.04,0.72,0.24,-5.2,0.5,0.5,PARTIAL_SELL,1822,2026-08-24 11:12:15,530,0.0,0.0,0.0
2026-08-24 11:12:15,2026-08-24,Surat,530,85.86256349229191,73.1058578630005,50.0,50.0,53.84615384615385,EUPHORIA,0.6233333333333334,0.038461538461538464,0.7307692307692308,0.23076923076923078,-5.0,0.7,0.30000000000000004,SELL,1896,2026-08-25 11:09:03,530,0.0,0.0,0.0
2026-07-28 11:06:02,2026-07-28,Vij/God,540,11.920292202211755,50.0,50.0,50.0,0.0,PANIC,0.445,0.3333333333333333,0.3333333333333333,0.3333333333333333,0.0,0.4785714285714286,0.5214285714285714,PARTIAL_SELL,7,2026-07-29 10:53:12,540,0.0,0.0,0.0
2026-07-29 10:53:12,2026-07-29,Vij/God,540,7.707573837650308,1.7986209962091522,50.0,50.0,0.0,CAPITULATION,0.5025,0.0,1.0,0.0,0.0,0.3821428571428571,0.6178571428571429,PARTIAL_SELL,91,2026-07-30 10:55:48,510,-30.0,-18.535714285714285,-1102875.0
2026-07-30 10:55:48,2026-07-30,Vij/God,510,8.119430885401066,88.07970779778825,50.0,0.0,4.166666666666666,PANIC,0.52,0.0,0.5,0.5,-15.0,0.45714285714285713,0.5428571428571429,PARTIAL_SELL,159,2026-07-31 11:25:15,510,0.0,0.0,0.0
2026-07-31 11:25:15,2026-07-31,Vij/God,510,4.565117078444366,73.1058578630005,50.0,14.0,0.0,PANIC,0.5241666666666668,0.0,0.6666666666666667,0.3333333333333333,-10.0,0.45357142857142857,0.5464285714285715,PARTIAL_SELL,238,2026-08-01 11:13:08,510,0.0,0.0,0.0
2026-08-01 11:13:08,2026-08-01,Vij/God,510,4.859778426245896,95.25741268224333,50.0,14.0,0.0,PANIC,0.5283333333333333,0.0,0.75,0.25,-7.5,0.45,0.55,PARTIAL_SELL,312,2026-08-02 11:00:41,510,0.0,0.0,0.0
2026-08-02 11:00:41,2026-08-02,Vij/God,510,5.315113639806377,50.0,50.0,50.0,16.666666666666664,PANIC,0.4825000000000001,0.0,0.8,0.2,-6.0,0.44642857142857145,0.5535714285714286,PARTIAL_SELL,382,2026-08-04 10:58:02,493,-17.0,-9.410714285714286,-559937.5
2026-08-04 10:58:02,2026-08-04,Vij/God,493,14.457775046587727,50.0,50.0,0.0,8.0,PANIC,0.4883333333333333,0.0,0.6666666666666667,0.3333333333333333,-7.833333333333333,0.44285714285714284,0.5571428571428572,PARTIAL_SELL,525,2026-08-05 11:06:04,493,0.0,0.0,0.0
2026-08-05 11:06:04,2026-08-05,Vij/God,493,22.146612553425815,50.0,50.0,29.6,36.0,PANIC,0.4925,0.0,0.7142857142857143,0.2857142857142857,-6.714285714285714,0.4392857142857143,0.5607142857142857,PARTIAL_SELL,596,2026-08-06 10:56:49,500,7.0,3.925,233537.5
2026-08-06 10:56:49,2026-08-06,Vij/God,500,61.278081140124996,50.0,50.0,55.5,50.0,NORMAL,0.4683333333333333,0.125,0.625,0.25,-5.0,0.5,0.5,PARTIAL_SELL,666,2026-08-07 11:21:14,500,0.0,0.0,0.0
2026-08-07 11:21:14,2026-08-07,Vij/God,500,63.02602229177513,50.0,50.0,58.4,38.46153846153847,NORMAL,0.4725,0.1111111111111111,0.6666666666666666,0.2222222222222222,-4.444444444444445,0.5,0.5,PARTIAL_SELL,741,2026-08-08 10:47:50,500,0.0,0.0,0.0
2026-08-08 10:47:50,2026-08-08,Vij/God,500,21.579821570626745,50.0,50.0,58.4,15.384615384615385,PANIC,0.5066666666666667,0.1,0.7,0.2,-4.0,0.4285714285714286,0.5714285714285714,PARTIAL_SELL,805,2026-08-09 11:10:16,500,0.0,0.0,0.0
2026-08-09 11:10:16,2026-08-09,Vij/God,500,5.652884171147505,50.0,50.0,50.0,0.0,PANIC,0.5108333333333334,0.09090909090909091,0.7272727272727273,0.18181818181818182,-3.6363636363636362,0.425,0.575,PARTIAL_SELL,876,2026-08-11 11:11:53,487,-13.0,-7.475,-444762.5
2026-08-11 11:11:53,2026-08-11,Vij/God,487,6.496916912866411,50.0,50.0,1.9000000000000004,26.923076923076923,PANIC,0.515,0.08333333333333333,0.6666666666666666,0.25,-4.416666666666667,0.42142857142857143,0.5785714285714285,PARTIAL_SELL,1013,2026-08-12 11:02:56,477,-10.0,-5.785714285714285,-344249.99999999994
2026-08-12 11:02:56,2026-08-12,Vij/God,477,3.4445195666211177,26.894142136999513,50.0,0.0,0.0,CONFLICTED,0.5475,0.07692307692307693,0.6153846153846154,0.3076923076923077,-4.846153846153846,0.5,0.5,PARTIAL_SELL,1080,2026-08-13 11:17:21,477,0.0,0.0,0.0
2026-08-13 11:17:21,2026-08-13,Vij/God,477,3.775703235156591,50.0,88.07970779778825,22.400000000000002,15.384615384615385,PANIC,0.5733333333333334,0.07142857142857142,0.6428571428571429,0.2857142857142857,-4.5,0.4142857142857143,0.5857142857142856,PARTIAL_SELL,1150,2026-08-14 10:46:30,475,-2.0,-1.1714285714285713,-69699.99999999999
2026-08-14 10:46:30,2026-08-14,Vij/God,475,10.95605153876545,50.0,88.07970779778825,30.6,11.538461538461538,PANIC,0.5775,0.06666666666666667,0.6666666666666667,0.26666666666666666,-4.333333333333333,0.4107142857142857,0.5892857142857143,PARTIAL_SELL,1217,2026-08-16 10:44:37,480,5.0,2.9464285714285716,175312.5
2026-08-16 10:44:37,2026-08-16,Vij/God,480,48.24633365032592,50.0,50.0,66.1,50.0,NORMAL,0.5016666666666667,0.0625,0.6875,0.25,-3.75,0.5,0.5,PARTIAL_SELL,1351,2026-08-17 11:04:25,480,0.0,0.0,0.0
2026-08-17 11:04:25,2026-08-17,Vij/God,480,52.27116332606391,50.0,73.1058578630005,53.6,15.384615384615385,CONFLICTED,0.5641666666666667,0.058823529411764705,0.7058823529411764,0.23529411764705882,-3.5294117647058822,0.5,0.5,PARTIAL_SELL,1421,2026-08-18 11:19:16,480,0.0,0.0,0.0
2026-08-18 11:19:16,2026-08-18,Vij/God,480,17.929565810934697,50.0,50.0,56.0,7.6923076923076925,PANIC,0.54,0.05555555555555555,0.7222222222222222,0.2222222222222222,-3.3333333333333335,0.4,0.6,PARTIAL_SELL,1491,2026-08-19 10:41:53,480,0.0,0.0,0.0
2026-08-19 10:41:53,2026-08-19,Vij/God,480,8.147033678346475,50.0,50.0,50.0,3.8461538461538463,PANIC,0.5441666666666666,0.05263157894736842,0.736842105263158,0.21052631578947367,-3.1578947368421053,0.4,0.6,PARTIAL_SELL,1553,2026-08-20 10:50:15,480,0.0,0.0,0.0
2026-08-20 10:50:15,2026-08-20,Vij/God,480,18.242552380635637,50.0,50.0,50.0,3.8461538461538463,PANIC,0.5483333333333333,0.05,0.75,0.2,-3.0,0.4,0.6,PARTIAL_SELL,1623,2026-08-21 10:39:26,480,0.0,0.0,0.0
2026-08-21 10:39:26,2026-08-21,Vij/God,480,41.0079590737446,88.07970779778825,50.0,50.0,11.538461538461538,CONFLICTED,0.5808333333333333,0.047619047619047616,0.7619047619047619,0.19047619047619047,-2.857142857142857,0.5,0.5,PARTIAL_SELL,1690,2026-08-22 10:40:41,480,0.0,0.0,0.0
2026-08-22 10:40:41,2026-08-22,Vij/God,480,20.860852732604496,50.0,50.0,50.0,11.538461538461538,PANIC,0.5566666666666666,0.045454545454545456,0.7727272727272727,0.18181818181818182,-2.727272727272727,0.4,0.6,PARTIAL_SELL,1757,2026-08-23 11:15:29,480,0.0,0.0,0.0
2026-08-23 11:15:29,2026-08-23,Vij/God,480,45.09776643245394,50.0,50.0,50.0,7.6923076923076925,NORMAL,0.5308333333333334,0.043478260869565216,0.782608695652174,0.17391304347826086,-2.608695652173913,0.5,0.5,PARTIAL_SELL,1822,2026-08-24 11:12:15,485,5.0,2.5,148750.0
2026-08-24 11:12:15,2026-08-24,Vij/God,485,85.86256349229191,73.1058578630005,50.0,68.5,53.84615384615385,EUPHORIA,0.6150000000000001,0.041666666666666664,0.7916666666666667,0.16666666666666666,-2.2916666666666665,0.7,0.30000000000000004,SELL,1896,2026-08-25 11:09:03,495,10.0,3.0000000000000004,178500.00000000003
2026-07-28 11:06:02,2026-07-28,Wankaner,635,11.920292202211755,50.0,50.0,50.0,0.0,PANIC,0.445,0.3333333333333333,0.3333333333333333,0.3333333333333333,0.0,0.4785714285714286,0.5214285714285714,PARTIAL_SELL,7,2026-07-29 10:53:12,575,-60.0,-31.28571428571428,-1861499.9999999998
2026-07-29 10:53:12,2026-07-29,Wankaner,575,7.707573837650308,1.7986209962091522,50.0,0.0,0.0,CONFLICTED,0.49416666666666664,0.0,0.0,1.0,-60.0,0.5,0.5,PARTIAL_SELL,91,2026-07-30 10:55:48,560,-15.0,-7.5,-446250.0
2026-07-30 10:55:48,2026-07-30,Wankaner,560,8.119430885401066,88.07970779778825,50.0,12.5,4.166666666666666,PANIC,0.52,0.0,0.0,1.0,-37.5,0.45714285714285713,0.5428571428571429,PARTIAL_SELL,159,2026-07-31 11:25:15,550,-10.0,-5.428571428571429,-323000.0
2026-07-31 11:25:15,2026-07-31,Wankaner,550,4.565117078444366,73.1058578630005,50.0,0.0,0.0,PANIC,0.5241666666666668,0.0,0.0,1.0,-28.333333333333332,0.45357142857142857,0.5464285714285715,PARTIAL_SELL,238,2026-08-01 11:13:08,535,-15.0,-8.196428571428573,-487687.5000000001
2026-08-01 11:13:08,2026-08-01,Wankaner,535,4.859778426245896,95.25741268224333,50.0,0.0,0.0,PANIC,0.5283333333333333,0.0,0.0,1.0,-25.0,0.45,0.55,PARTIAL_SELL,312,2026-08-02 11:00:41,535,0.0,0.0,0.0
2026-08-02 11:00:41,2026-08-02,Wankaner,535,5.315113639806377,50.0,50.0,20.0,16.666666666666664,PANIC,0.4825000000000001,0.0,0.19999999999999996,0.8,-20.0,0.44642857142857145,0.5535714285714286,PARTIAL_SELL,382,2026-08-03 10:50:19,530,-5.0,-2.7678571428571432,-164687.50000000003
2026-08-03 10:50:19,2026-08-03,Wankaner,530,22.419598805957175,50.0,50.0,13.5,20.0,PANIC,0.4883333333333333,0.0,0.33333333333333337,0.6666666666666666,-17.5,0.44285714285714284,0.5571428571428572,PARTIAL_SELL,453,2026-08-04 10:58:02,530,0.0,0.0,0.0
2026-08-04 10:58:02,2026-08-04,Wankaner,530,14.457775046587727,50.0,50.0,44.0,8.0,PANIC,0.4925,0.0,0.4285714285714286,0.5714285714285714,-15.0,0.4392857142857143,0.5607142857142857,PARTIAL_SELL,525,2026-08-05 11:06:04,520,-10.0,-5.607142857142858,-333625.00000000006
2026-08-05 11:06:04,2026-08-05,Wankaner,520,22.146612553425815,50.0,50.0,7.0,36.0,PANIC,0.49666666666666676,0.0,0.375,0.625,-14.375,0.4357142857142857,0.5642857142857143,PARTIAL_SELL,596,2026-08-06 10:56:49,525,5.0,2.821428571428571,167874.99999999997
2026-08-06 10:56:49,2026-08-06,Wankaner,525,61.278081140124996,50.0,50.0,56.5,50.0,NORMAL,0.4725,0.0,0.4444444444444444,0.5555555555555556,-12.222222222222221,0.5,0.5,PARTIAL_SELL,666,2026-08-07 11:21:14,530,5.0,2.5,148750.0
2026-08-07 11:21:14,2026-08-07,Wankaner,530,63.02602229177513,50.0,50.0,62.5,38.46153846153847,NORMAL,0.4766666666666666,0.0,0.5,0.5,-10.5,0.5,0.5,PARTIAL_SELL,741,2026-08-08 10:47:50,530,0.0,0.0,0.0
2026-08-08 10:47:50,2026-08-08,Wankaner,530,21.579821570626745,50.0,50.0,62.0,15.384615384615385,PANIC,0.5108333333333334,0.0,0.5454545454545454,0.45454545454545453,-9.545454545454545,0.425,0.575,PARTIAL_SELL,805,2026-08-09 11:10:16,515,-15.0,-8.625,-513187.5
2026-08-09 11:10:16,2026-08-09,Wankaner,515,5.652884171147505,50.0,50.0,0.5,0.0,PANIC,0.515,0.0,0.5,0.5,-10.0,0.42142857142857143,0.5785714285714285,PARTIAL_SELL,876,2026-08-10 11:05:10,510,-5.0,-2.8928571428571423,-172124.99999999997
2026-08-10 11:05:10,2026-08-10,Wankaner,510,7.652218783264708,50.0,50.0,13.5,0.0,PANIC,0.5191666666666667,0.0,0.5384615384615384,0.46153846153846156,-9.615384615384615,0.41785714285714287,0.5821428571428571,PARTIAL_SELL,942,2026-08-11 11:11:53,520,10.0,5.821428571428571,346375.0
2026-08-11 11:11:53,2026-08-11,Wankaner,520,6.496916912866411,50.0,50.0,63.0,26.923076923076923,PANIC,0.5233333333333333,0.07142857142857142,0.5,0.42857142857142855,-8.214285714285714,0.4142857142857143,0.5857142857142856,PARTIAL_SELL,1013,2026-08-12 11:02:56,510,-10.0,-5.857142857142856,-348499.99999999994
2026-08-12 11:02:56,2026-08-12,Wankaner,510,3.4445195666211177,26.894142136999513,50.0,19.0,0.0,CONFLICTED,0.5558333333333333,0.06666666666666667,0.4666666666666667,0.4666666666666667,-8.333333333333334,0.5,0.5,PARTIAL_SELL,1080,2026-08-13 11:17:21,520,10.0,5.0,297500.0
2026-08-13 11:17:21,2026-08-13,Wankaner,520,3.775703235156591,50.0,88.07970779778825,87.0,15.384615384615385,PANIC,0.5816666666666667,0.125,0.4375,0.4375,-7.1875,0.40714285714285714,0.5928571428571429,PARTIAL_SELL,1150,2026-08-14 10:46:30,520,0.0,0.0,0.0
2026-08-14 10:46:30,2026-08-14,Wankaner,520,10.95605153876545,50.0,88.07970779778825,50.0,11.538461538461538,PANIC,0.5858333333333334,0.11764705882352941,0.47058823529411764,0.4117647058823529,-6.764705882352941,0.4035714285714286,0.5964285714285714,PARTIAL_SELL,1217,2026-08-16 10:44:37,535,15.0,8.946428571428571,532312.5
2026-08-16 10:44:37,2026-08-16,Wankaner,535,48.24633365032592,50.0,50.0,100.0,50.0,NORMAL,0.51,0.16666666666666666,0.4444444444444445,0.3888888888888889,-5.555555555555555,0.5,0.5,PARTIAL_SELL,1351,2026-08-17 11:04:25,530,-5.0,-2.5,-148750.0
2026-08-17 11:04:25,2026-08-17,Wankaner,530,52.27116332606391,50.0,73.1058578630005,49.5,15.384615384615385,CONFLICTED,0.5725,0.15789473684210525,0.47368421052631576,0.3684210526315789,-5.526315789473684,0.5,0.5,PARTIAL_SELL,1421,2026-08-18 11:19:16,530,0.0,0.0,0.0
2026-08-18 11:19:16,2026-08-18,Wankaner,530,17.929565810934697,50.0,50.0,62.0,7.6923076923076925,PANIC,0.5483333333333333,0.15,0.5,0.35,-5.25,0.4,0.6,PARTIAL_SELL,1491,2026-08-19 10:41:53,530,0.0,0.0,0.0
2026-08-19 10:41:53,2026-08-19,Wankaner,530,8.147033678346475,50.0,50.0,44.0,3.8461538461538463,PANIC,0.5525000000000001,0.14285714285714285,0.523809523809524,0.3333333333333333,-5.0,0.4,0.6,PARTIAL_SELL,1553,2026-08-20 10:50:15,530,0.0,0.0,0.0
2026-08-20 10:50:15,2026-08-20,Wankaner,530,18.242552380635637,50.0,50.0,50.0,3.8461538461538463,PANIC,0.5566666666666666,0.13636363636363635,0.5454545454545454,0.3181818181818182,-4.7727272727272725,0.4,0.6,PARTIAL_SELL,1623,2026-08-21 10:39:26,530,0.0,0.0,0.0
2026-08-21 10:39:26,2026-08-21,Wankaner,530,41.0079590737446,88.07970779778825,50.0,50.0,11.538461538461538,CONFLICTED,0.5891666666666666,0.13043478260869565,0.5652173913043478,0.30434782608695654,-4.565217391304348,0.5,0.5,PARTIAL_SELL,1690,2026-08-22 10:40:41,535,5.0,2.5,148750.0
2026-08-22 10:40:41,2026-08-22,Wankaner,535,20.860852732604496,50.0,50.0,68.5,11.538461538461538,PANIC,0.565,0.125,0.5833333333333333,0.2916666666666667,-4.166666666666667,0.4,0.6,PARTIAL_SELL,1757,2026-08-23 11:15:29,530,-5.0,-3.0,-178500.0
2026-08-23 11:15:29,2026-08-23,Wankaner,530,45.09776643245394,50.0,50.0,37.5,7.6923076923076925,NORMAL,0.5391666666666667,0.12,0.6,0.28,-4.2,0.5,0.5,PARTIAL_SELL,1822,2026-08-24 11:12:15,535,5.0,2.5,148750.0
2026-08-24 11:12:15,2026-08-24,Wankaner,535,85.86256349229191,73.1058578630005,50.0,68.5,53.84615384615385,EUPHORIA,0.6233333333333334,0.11538461538461539,0.6153846153846154,0.2692307692307692,-3.8461538461538463,0.7,0.30000000000000004,SELL,1896,2026-08-25 11:09:03,560,25.0,7.500000000000001,446250.00000000006
